id,flight_num,start_date,end_date,days,depature_airport,depature_terminal,depature_time,arrival_airport,arrival_terminal,arrival_time,aircraft_type,config,flight_time,transport_type
1,6,2025-05-11 00:00:00,2025-05-22 00:00:00,1 _ 3 4 _ 6 7 ,SVO,B,04:15:00,LED,1,05:45:00,32B,C16Y167,01:30:00,S
2,6,2025-05-13 00:00:00,2025-06-13 00:00:00,_ 2 _ _ 5 _ _ ,SVO,B,04:15:00,LED,1,05:45:00,32A,C8Y150,01:30:00,S
3,6,2025-05-24 00:00:00,2025-05-26 00:00:00,1 _ _ _ _ 6 _ ,SVO,B,04:15:00,LED,1,05:45:00,32A,C8Y150,01:30:00,S
4,6,2025-05-25 00:00:00,2025-05-29 00:00:00,_ _ 3 4 _ _ 7 ,SVO,B,04:15:00,LED,1,05:45:00,32B,C16Y167,01:30:00,S
5,6,2025-05-31 00:00:00,2025-05-31 00:00:00,_ _ _ _ _ 6 _ ,SVO,B,04:15:00,LED,1,05:45:00,321,C28Y142,01:30:00,S
6,7,2025-05-11 00:00:00,2025-05-22 00:00:00,1 _ 3 4 _ 6 7 ,LED,1,06:45:00,SVO,B,08:10:00,32B,C16Y167,01:25:00,S
7,7,2025-05-13 00:00:00,2025-06-13 00:00:00,_ 2 _ _ 5 _ _ ,LED,1,06:55:00,SVO,B,08:20:00,32A,C8Y150,01:25:00,S
8,7,2025-05-24 00:00:00,2025-05-26 00:00:00,1 _ _ _ _ 6 _ ,LED,1,06:45:00,SVO,B,08:10:00,32A,C8Y150,01:25:00,S
9,7,2025-05-25 00:00:00,2025-05-29 00:00:00,_ _ 3 4 _ _ 7 ,LED,1,06:45:00,SVO,B,08:10:00,32B,C16Y167,01:25:00,S
10,7,2025-05-31 00:00:00,2025-05-31 00:00:00,_ _ _ _ _ 6 _ ,LED,1,06:45:00,SVO,B,08:10:00,321,C28Y142,01:25:00,S
11,8,2025-05-16 00:00:00,2025-05-16 00:00:00,_ _ _ _ 5 _ _ ,SVO,B,18:30:00,LED,1,19:55:00,73H,C20Y138,01:25:00,S
12,8,2025-05-24 00:00:00,2025-05-24 00:00:00,_ _ _ _ _ 6 _ ,SVO,B,08:30:00,LED,1,09:55:00,73H,C20Y138,01:25:00,S
13,9,2025-05-13 00:00:00,2025-05-13 00:00:00,_ 2 _ _ _ _ _ ,LED,1,04:00:00,SVO,B,05:25:00,73H,C20Y138,01:25:00,S
14,9,2025-05-19 00:00:00,2025-05-19 00:00:00,1 _ _ _ _ _ _ ,LED,1,07:30:00,SVO,B,09:00:00,73H,C20Y138,01:30:00,S
15,10,2025-05-11 00:00:00,2025-05-11 00:00:00,_ _ _ _ _ _ 7 ,SVO,B,06:45:00,LED,1,08:15:00,32A,C8Y150,01:30:00,S
16,10,2025-05-12 00:00:00,2025-05-20 00:00:00,1 2 _ 4 5 _ _ ,SVO,B,06:45:00,LED,1,08:15:00,32B,C16Y167,01:30:00,S
17,10,2025-05-17 00:00:00,2025-05-31 00:00:00,_ _ _ _ _ 6 _ ,SVO,B,06:45:00,LED,1,08:15:00,32A,C8Y150,01:30:00,S
18,10,2025-05-18 00:00:00,2025-06-15 00:00:00,_ _ _ _ _ _ 7 ,SVO,B,06:45:00,LED,1,08:15:00,32B,C16Y167,01:30:00,S
19,10,2025-05-22 00:00:00,2025-05-30 00:00:00,_ _ _ 4 5 _ _ ,SVO,B,06:45:00,LED,1,08:15:00,32A,C8Y150,01:30:00,S
20,10,2025-05-26 00:00:00,2025-05-27 00:00:00,1 2 _ _ _ _ _ ,SVO,B,06:45:00,LED,1,08:15:00,32B,C16Y167,01:30:00,S
21,11,2025-05-11 00:00:00,2025-05-11 00:00:00,_ _ _ _ _ _ 7 ,LED,1,09:45:00,SVO,B,11:15:00,32A,C8Y150,01:30:00,S
22,11,2025-05-12 00:00:00,2025-05-20 00:00:00,1 2 _ 4 5 _ _ ,LED,1,09:45:00,SVO,B,11:15:00,32B,C16Y167,01:30:00,S
23,11,2025-05-17 00:00:00,2025-05-31 00:00:00,_ _ _ _ _ 6 _ ,LED,1,09:45:00,SVO,B,11:15:00,32A,C8Y150,01:30:00,S
24,11,2025-05-18 00:00:00,2025-06-15 00:00:00,_ _ _ _ _ _ 7 ,LED,1,09:45:00,SVO,B,11:15:00,32B,C16Y167,01:30:00,S
25,11,2025-05-22 00:00:00,2025-05-30 00:00:00,_ _ _ 4 5 _ _ ,LED,1,09:45:00,SVO,B,11:15:00,32A,C8Y150,01:30:00,S
26,11,2025-05-26 00:00:00,2025-05-27 00:00:00,1 2 _ _ _ _ _ ,LED,1,09:45:00,SVO,B,11:15:00,32B,C16Y167,01:30:00,S
27,24,2025-05-11 00:00:00,2025-05-11 00:00:00,_ _ _ _ _ _ 7 ,SVO,B,14:15:00,LED,1,15:45:00,32A,C8Y150,01:30:00,S
28,24,2025-05-12 00:00:00,2025-05-15 00:00:00,1 _ 3 4 _ _ _ ,SVO,B,14:15:00,LED,1,15:45:00,32B,C16Y167,01:30:00,S
29,24,2025-05-16 00:00:00,2025-05-18 00:00:00,_ _ _ _ 5 _ 7 ,SVO,B,14:15:00,LED,1,15:45:00,32A,C8Y150,01:30:00,S
30,24,2025-05-17 00:00:00,2025-05-17 00:00:00,_ _ _ _ _ 6 _ ,SVO,B,14:15:00,LED,1,15:45:00,32B,C16Y167,01:30:00,S
31,24,2025-05-19 00:00:00,2025-05-30 00:00:00,1 _ 3 4 5 6 7 ,SVO,B,14:15:00,LED,1,15:45:00,32B,C16Y167,01:30:00,S
32,24,2025-05-31 00:00:00,2025-05-31 00:00:00,_ _ _ _ _ 6 _ ,SVO,B,14:15:00,LED,1,15:45:00,320,C20Y120,01:30:00,S
33,25,2025-05-11 00:00:00,2025-05-11 00:00:00,_ _ _ _ _ _ 7 ,LED,1,16:45:00,SVO,B,18:15:00,32A,C8Y150,01:30:00,S
34,25,2025-05-12 00:00:00,2025-05-15 00:00:00,1 _ 3 4 _ _ _ ,LED,1,16:45:00,SVO,B,18:15:00,32B,C16Y167,01:30:00,S
35,25,2025-05-13 00:00:00,2025-06-10 00:00:00,_ 2 _ _ _ _ _ ,LED,1,16:45:00,SVO,B,18:15:00,3KR,C28Y268,01:30:00,S
36,25,2025-05-16 00:00:00,2025-05-18 00:00:00,_ _ _ _ 5 _ 7 ,LED,1,16:45:00,SVO,B,18:15:00,32A,C8Y150,01:30:00,S
37,25,2025-05-17 00:00:00,2025-05-17 00:00:00,_ _ _ _ _ 6 _ ,LED,1,16:45:00,SVO,B,18:15:00,32B,C16Y167,01:30:00,S
38,25,2025-05-19 00:00:00,2025-05-30 00:00:00,1 _ 3 4 5 6 7 ,LED,1,16:45:00,SVO,B,18:15:00,32B,C16Y167,01:30:00,S
39,25,2025-05-31 00:00:00,2025-05-31 00:00:00,_ _ _ _ _ 6 _ ,LED,1,16:45:00,SVO,B,18:15:00,320,C20Y120,01:30:00,S
40,26,2025-05-11 00:00:00,2025-05-11 00:00:00,_ _ _ _ _ _ 7 ,SVO,B,16:15:00,LED,1,17:45:00,32N,C12Y144,01:30:00,S
41,26,2025-05-12 00:00:00,2025-06-09 00:00:00,1 _ _ _ _ _ _ ,SVO,B,16:15:00,LED,1,17:45:00,32B,C16Y167,01:30:00,S
42,26,2025-05-13 00:00:00,2025-05-16 00:00:00,_ 2 3 4 5 _ _ ,SVO,B,16:15:00,LED,1,17:45:00,32B,C16Y167,01:30:00,S
43,26,2025-05-17 00:00:00,2025-05-17 00:00:00,_ _ _ _ _ 6 _ ,SVO,B,16:15:00,LED,1,17:45:00,73H,C20Y138,01:30:00,S
44,26,2025-05-18 00:00:00,2025-05-24 00:00:00,_ 2 3 4 5 6 7 ,SVO,B,16:15:00,LED,1,17:45:00,32B,C16Y167,01:30:00,S
45,26,2025-05-25 00:00:00,2025-05-25 00:00:00,_ _ _ _ _ _ 7 ,SVO,B,16:15:00,LED,1,17:45:00,32Q,C12Y184,01:30:00,S
46,26,2025-05-27 00:00:00,2025-06-15 00:00:00,_ 2 3 4 5 6 7 ,SVO,B,16:15:00,LED,1,17:45:00,32B,C16Y167,01:30:00,S
47,27,2025-05-11 00:00:00,2025-05-11 00:00:00,_ _ _ _ _ _ 7 ,LED,1,18:45:00,SVO,B,20:20:00,32N,C12Y144,01:35:00,S
48,27,2025-05-12 00:00:00,2025-05-16 00:00:00,1 2 3 4 5 _ _ ,LED,1,18:45:00,SVO,B,20:15:00,32B,C16Y167,01:30:00,S
49,27,2025-05-17 00:00:00,2025-05-17 00:00:00,_ _ _ _ _ 6 _ ,LED,1,18:45:00,SVO,B,20:15:00,73H,C20Y138,01:30:00,S
50,27,2025-05-18 00:00:00,2025-05-18 00:00:00,_ _ _ _ _ _ 7 ,LED,1,18:45:00,SVO,B,20:20:00,32B,C16Y167,01:35:00,S
51,27,2025-05-19 00:00:00,2025-06-14 00:00:00,1 2 3 4 5 6 _ ,LED,1,18:45:00,SVO,B,20:15:00,32B,C16Y167,01:30:00,S
52,27,2025-05-25 00:00:00,2025-05-25 00:00:00,_ _ _ _ _ _ 7 ,LED,1,18:45:00,SVO,B,20:20:00,32Q,C12Y184,01:35:00,S
53,29,2025-05-11 00:00:00,2025-05-11 00:00:00,_ _ _ _ _ _ 7 ,LED,1,06:00:00,SVO,B,07:25:00,3KR,C28Y268,01:25:00,S
54,29,2025-05-14 00:00:00,2025-05-14 00:00:00,_ _ 3 _ _ _ _ ,LED,1,06:50:00,SVO,B,08:15:00,3KR,C28Y268,01:25:00,S
55,29,2025-05-28 00:00:00,2025-05-28 00:00:00,_ _ 3 _ _ _ _ ,LED,1,06:50:00,SVO,B,08:15:00,3KR,C28Y268,01:25:00,S
56,40,2025-05-12 00:00:00,2025-05-12 00:00:00,1 _ _ _ _ _ _ ,SVO,B,18:45:00,LED,1,21:10:00,3KR,C28Y268,02:25:00,S
57,205,2025-05-12 00:00:00,2025-05-29 00:00:00,1 2 _ 4 _ _ _ ,PKX,,03:40:00,SVO,C,11:55:00,77W,C30W48Y324,08:15:00,J
58,205,2025-05-17 00:00:00,2025-05-31 00:00:00,_ _ _ _ _ 6 _ ,PKX,,03:40:00,SVO,C,11:55:00,77W,C30W48Y324,08:15:00,J
59,208,2025-05-11 00:00:00,2025-05-31 00:00:00,1 _ 3 _ 5 6 7 ,SVO,C,17:00:00,PVG,2,01:50:00,77W,C30W48Y324,08:50:00,J
60,209,2025-05-11 00:00:00,2025-05-31 00:00:00,1 2 _ _ _ 6 7 ,PVG,2,03:40:00,SVO,C,13:30:00,77W,C30W48Y324,09:50:00,J
61,209,2025-05-15 00:00:00,2025-05-29 00:00:00,_ _ _ 4 _ _ _ ,PVG,2,03:40:00,SVO,C,13:25:00,77W,C30W48Y324,09:45:00,J
62,212,2025-05-15 00:00:00,2025-05-17 00:00:00,_ _ _ 4 _ 6 _ ,SVO,C,16:00:00,HKG,1,01:45:00,3KR,C28Y268,09:45:00,J
63,213,2025-05-11 00:00:00,2025-05-16 00:00:00,_ _ _ _ 5 _ 7 ,HKG,1,03:35:00,SVO,C,14:20:00,3KR,C28Y268,10:45:00,J
64,213,2025-05-18 00:00:00,2025-05-18 00:00:00,_ _ _ _ _ _ 7 ,HKG,1,15:45:00,SVO,C,02:15:00,3KR,C28Y268,10:30:00,J
65,221,2025-05-12 00:00:00,2025-05-31 00:00:00,1 2 _ 4 _ 6 _ ,CAN,2,03:20:00,SVO,C,13:10:00,77W,C30W48Y324,09:50:00,J
66,224,2025-05-11 00:00:00,2025-05-11 00:00:00,_ _ _ _ _ _ 7 ,SVO,C,10:10:00,SYX,,19:20:00,359,C28W24Y264,09:10:00,J
67,224,2025-05-12 00:00:00,2025-05-16 00:00:00,1 _ _ _ 5 _ _ ,SVO,C,07:35:00,SYX,,17:15:00,3KR,C28Y268,09:40:00,J
68,224,2025-05-14 00:00:00,2025-05-14 00:00:00,_ _ 3 _ _ _ _ ,SVO,C,09:45:00,SYX,,19:20:00,3KR,C28Y268,09:35:00,J
69,224,2025-05-15 00:00:00,2025-05-18 00:00:00,_ _ _ 4 _ _ 7 ,SVO,C,09:45:00,SYX,,19:20:00,359,C28W24Y264,09:35:00,J
70,224,2025-05-21 00:00:00,2025-06-25 00:00:00,_ _ 3 _ _ _ _ ,SVO,C,09:45:00,SYX,,19:20:00,359,C28W24Y264,09:35:00,J
71,224,2025-05-23 00:00:00,2025-06-27 00:00:00,_ _ _ _ 5 _ _ ,SVO,C,07:35:00,SYX,,17:15:00,3KR,C28Y268,09:40:00,J
72,224,2025-05-25 00:00:00,2025-06-01 00:00:00,_ _ _ _ _ _ 7 ,SVO,C,09:45:00,SYX,,19:20:00,3KR,C28Y268,09:35:00,J
73,225,2025-05-11 00:00:00,2025-05-11 00:00:00,_ _ _ _ _ _ 7 ,SYX,,20:50:00,SVO,C,07:10:00,359,C28W24Y264,10:20:00,J
74,225,2025-05-12 00:00:00,2025-05-12 00:00:00,1 _ _ _ _ _ _ ,SYX,,18:35:00,SVO,C,05:00:00,3KR,C28Y268,10:25:00,J
75,225,2025-05-14 00:00:00,2025-05-14 00:00:00,_ _ 3 _ _ _ _ ,SYX,,20:50:00,SVO,C,07:20:00,3KR,C28Y268,10:30:00,J
76,225,2025-05-15 00:00:00,2025-05-18 00:00:00,_ _ _ 4 _ _ 7 ,SYX,,20:50:00,SVO,C,07:20:00,359,C28W24Y264,10:30:00,J
77,225,2025-05-16 00:00:00,2025-05-30 00:00:00,_ _ _ _ 5 _ _ ,SYX,,22:20:00,SVO,C,08:30:00,3KR,C28Y268,10:10:00,J
78,225,2025-05-21 00:00:00,2025-06-25 00:00:00,_ _ 3 _ _ _ _ ,SYX,,20:50:00,SVO,C,07:20:00,359,C28W24Y264,10:30:00,J
79,225,2025-05-25 00:00:00,2025-06-01 00:00:00,_ _ _ _ _ _ 7 ,SYX,,20:50:00,SVO,C,07:20:00,3KR,C28Y268,10:30:00,J
80,232,2025-05-11 00:00:00,2025-05-11 00:00:00,_ _ _ _ _ _ 7 ,SVO,C,15:40:00,DEL,3,21:50:00,77W,C30W48Y324,06:10:00,J
81,232,2025-05-12 00:00:00,2025-05-12 00:00:00,1 _ _ _ _ _ _ ,SVO,C,15:40:00,DEL,3,21:50:00,359,C28W24Y264,06:10:00,J
82,232,2025-05-13 00:00:00,2025-05-18 00:00:00,_ 2 3 4 5 _ 7 ,SVO,C,15:40:00,DEL,3,21:50:00,32Q,C12Y184,06:10:00,J
83,232,2025-05-17 00:00:00,2025-05-17 00:00:00,_ _ _ _ _ 6 _ ,SVO,C,15:40:00,DEL,3,21:50:00,3KR,C28Y268,06:10:00,J
84,232,2025-05-24 00:00:00,2025-06-07 00:00:00,_ _ _ _ _ 6 _ ,SVO,C,15:25:00,DEL,3,21:50:00,32Q,C12Y184,06:25:00,J
85,233,2025-05-11 00:00:00,2025-05-11 00:00:00,_ _ _ _ _ _ 7 ,DEL,3,23:30:00,SVO,C,06:00:00,77W,C30W48Y324,06:30:00,J
86,233,2025-05-12 00:00:00,2025-05-12 00:00:00,1 _ _ _ _ _ _ ,DEL,3,23:30:00,SVO,C,06:10:00,359,C28W24Y264,06:40:00,J
87,233,2025-05-13 00:00:00,2025-05-13 00:00:00,_ 2 _ _ _ _ _ ,DEL,3,23:30:00,SVO,C,06:10:00,32Q,C12Y184,06:40:00,J
88,233,2025-05-14 00:00:00,2025-05-18 00:00:00,_ _ 3 4 _ _ 7 ,DEL,3,23:30:00,SVO,C,06:00:00,32Q,C12Y184,06:30:00,J
89,233,2025-05-16 00:00:00,2025-05-16 00:00:00,_ _ _ _ 5 _ _ ,DEL,3,23:30:00,SVO,C,06:05:00,32Q,C12Y184,06:35:00,J
90,233,2025-05-17 00:00:00,2025-05-17 00:00:00,_ _ _ _ _ 6 _ ,DEL,3,23:30:00,SVO,C,06:00:00,3KR,C28Y268,06:30:00,J
91,244,2025-05-11 00:00:00,2025-05-13 00:00:00,_ 2 _ _ _ _ 7 ,SVO,C,22:25:00,SEZ,I,07:25:00,359,C28W24Y264,09:00:00,J
92,245,2025-05-12 00:00:00,2025-05-12 00:00:00,1 _ _ _ _ _ _ ,SEZ,I,09:25:00,SVO,C,18:45:00,359,C28W24Y264,09:20:00,J
93,245,2025-05-14 00:00:00,2025-05-14 00:00:00,_ _ 3 _ _ _ _ ,SEZ,I,18:55:00,SVO,C,04:15:00,359,C28W24Y264,09:20:00,J
94,272,2025-05-11 00:00:00,2025-05-11 00:00:00,_ _ _ _ _ _ 7 ,SVO,C,19:25:00,BKK,,04:45:00,77R,C28W24Y375,09:20:00,J
95,272,2025-05-13 00:00:00,2025-05-14 00:00:00,_ 2 3 _ _ _ _ ,SVO,C,19:25:00,BKK,,04:45:00,77R,C28W24Y375,09:20:00,J
96,272,2025-05-15 00:00:00,2025-05-22 00:00:00,_ _ _ 4 _ _ _ ,SVO,C,19:30:00,BKK,,04:45:00,77R,C28W24Y375,09:15:00,J
97,272,2025-05-16 00:00:00,2025-05-18 00:00:00,_ _ _ _ 5 6 7 ,SVO,C,19:25:00,BKK,,04:45:00,77W,C30W48Y324,09:20:00,J
98,272,2025-05-20 00:00:00,2025-05-25 00:00:00,_ 2 3 _ 5 _ 7 ,SVO,C,19:25:00,BKK,,04:45:00,77R,C28W24Y375,09:20:00,J
99,272,2025-05-24 00:00:00,2025-05-31 00:00:00,_ _ _ _ _ 6 _ ,SVO,C,19:25:00,BKK,,04:45:00,77R,C28W24Y375,09:20:00,J
100,272,2025-05-26 00:00:00,2025-06-30 00:00:00,1 _ _ _ _ _ _ ,SVO,C,19:20:00,BKK,,04:45:00,77R,C28W24Y375,09:25:00,J
101,272,2025-05-27 00:00:00,2025-06-15 00:00:00,_ 2 _ _ _ _ 7 ,SVO,C,19:25:00,BKK,,04:45:00,77R,C28W24Y375,09:20:00,J
102,272,2025-05-29 00:00:00,2025-05-29 00:00:00,_ _ _ 4 _ _ _ ,SVO,C,19:30:00,BKK,,04:45:00,77W,C30W48Y324,09:15:00,J
103,273,2025-05-11 00:00:00,2025-05-14 00:00:00,_ _ 3 _ _ _ 7 ,BKK,,06:20:00,SVO,C,16:05:00,77R,C28W24Y375,09:45:00,J
104,273,2025-05-12 00:00:00,2025-05-16 00:00:00,1 _ _ 4 5 _ _ ,BKK,,06:20:00,SVO,C,16:00:00,77R,C28W24Y375,09:40:00,J
105,273,2025-05-17 00:00:00,2025-05-19 00:00:00,1 _ _ _ _ 6 _ ,BKK,,06:20:00,SVO,C,16:00:00,77W,C30W48Y324,09:40:00,J
106,273,2025-05-18 00:00:00,2025-05-18 00:00:00,_ _ _ _ _ _ 7 ,BKK,,06:20:00,SVO,C,16:05:00,77W,C30W48Y324,09:45:00,J
107,273,2025-05-21 00:00:00,2025-05-28 00:00:00,_ _ 3 _ _ _ 7 ,BKK,,06:20:00,SVO,C,16:05:00,77R,C28W24Y375,09:45:00,J
108,273,2025-05-22 00:00:00,2025-05-24 00:00:00,_ _ _ 4 5 6 _ ,BKK,,06:20:00,SVO,C,16:00:00,77R,C28W24Y375,09:40:00,J
109,273,2025-05-26 00:00:00,2025-05-27 00:00:00,1 2 _ _ _ _ _ ,BKK,,06:20:00,SVO,C,16:00:00,77R,C28W24Y375,09:40:00,J
110,273,2025-05-30 00:00:00,2025-05-30 00:00:00,_ _ _ _ 5 _ _ ,BKK,,06:20:00,SVO,C,16:00:00,77W,C30W48Y324,09:40:00,J
111,284,2025-05-11 00:00:00,2025-05-22 00:00:00,_ 2 3 4 _ _ 7 ,SVO,C,16:10:00,HKT,I,01:30:00,77R,C28W24Y375,09:20:00,J
112,284,2025-05-12 00:00:00,2025-05-19 00:00:00,1 _ _ _ _ _ _ ,SVO,C,16:00:00,HKT,I,01:30:00,77R,C28W24Y375,09:30:00,J
113,284,2025-05-16 00:00:00,2025-05-23 00:00:00,_ _ _ _ 5 _ _ ,SVO,C,16:15:00,HKT,I,01:30:00,77R,C28W24Y375,09:15:00,J
114,284,2025-05-17 00:00:00,2025-06-28 00:00:00,_ _ _ _ _ 6 _ ,SVO,C,16:10:00,HKT,I,01:30:00,77R,C28W24Y375,09:20:00,J
115,284,2025-05-25 00:00:00,2025-05-25 00:00:00,_ _ _ _ _ _ 7 ,SVO,C,16:15:00,HKT,I,01:30:00,77R,C28W24Y375,09:15:00,J
116,284,2025-05-26 00:00:00,2025-05-26 00:00:00,1 _ _ _ _ _ _ ,SVO,C,16:15:00,HKT,I,01:30:00,77W,C30W48Y324,09:15:00,J
117,284,2025-05-27 00:00:00,2025-05-27 00:00:00,_ 2 _ _ _ _ _ ,SVO,C,16:00:00,HKT,I,01:30:00,77R,C28W24Y375,09:30:00,J
118,284,2025-05-28 00:00:00,2025-05-28 00:00:00,_ _ 3 _ _ _ _ ,SVO,C,16:00:00,HKT,I,01:30:00,77W,C30W48Y324,09:30:00,J
119,284,2025-05-30 00:00:00,2025-05-30 00:00:00,_ _ _ _ 5 _ _ ,SVO,C,16:00:00,HKT,I,01:30:00,77R,C28W24Y375,09:30:00,J
120,285,2025-05-11 00:00:00,2025-05-11 00:00:00,_ _ _ _ _ _ 7 ,HKT,I,03:35:00,SVO,C,13:35:00,77W,C30W48Y324,10:00:00,J
121,285,2025-05-12 00:00:00,2025-05-26 00:00:00,1 2 3 4 5 6 7 ,HKT,I,03:35:00,SVO,C,13:35:00,77R,C28W24Y375,10:00:00,J
122,285,2025-05-27 00:00:00,2025-05-29 00:00:00,_ 2 _ 4 _ _ _ ,HKT,I,03:35:00,SVO,C,13:35:00,77W,C30W48Y324,10:00:00,J
123,285,2025-05-28 00:00:00,2025-05-28 00:00:00,_ _ 3 _ _ _ _ ,HKT,I,03:35:00,SVO,C,13:35:00,77R,C28W24Y375,10:00:00,J
124,285,2025-05-30 00:00:00,2025-06-10 00:00:00,1 2 3 4 5 6 7 ,HKT,I,03:35:00,SVO,C,13:35:00,77R,C28W24Y375,10:00:00,J
125,288,2025-05-13 00:00:00,2025-05-17 00:00:00,_ 2 _ _ _ 6 _ ,SVO,C,20:15:00,CMB,,04:50:00,77W,C30W48Y324,08:35:00,J
126,289,2025-05-11 00:00:00,2025-05-11 00:00:00,_ _ _ _ _ _ 7 ,CMB,,06:50:00,SVO,C,15:30:00,77W,C30W48Y324,08:40:00,J
127,289,2025-05-14 00:00:00,2025-05-14 00:00:00,_ _ 3 _ _ _ _ ,CMB,,06:50:00,SVO,C,15:30:00,77W,C30W48Y324,08:40:00,J
128,289,2025-05-18 00:00:00,2025-05-18 00:00:00,_ _ _ _ _ _ 7 ,CMB,,16:20:00,SVO,C,01:25:00,77W,C30W48Y324,09:05:00,J
129,292,2025-05-11 00:00:00,2025-05-11 00:00:00,_ _ _ _ _ _ 7 ,SVO,C,16:15:00,SGN,2,02:00:00,359,C28W24Y264,09:45:00,J
130,292,2025-05-14 00:00:00,2025-05-28 00:00:00,_ _ 3 _ _ _ _ ,SVO,C,16:15:00,SGN,2,02:00:00,359,C28W24Y264,09:45:00,J
131,292,2025-05-16 00:00:00,2025-05-30 00:00:00,_ _ _ _ 5 _ _ ,SVO,C,15:55:00,SGN,2,01:50:00,359,C28W24Y264,09:55:00,J
132,293,2025-05-12 00:00:00,2025-05-12 00:00:00,1 _ _ _ _ _ _ ,SGN,2,03:55:00,SVO,C,14:20:00,359,C28W24Y264,10:25:00,J
133,293,2025-05-15 00:00:00,2025-05-29 00:00:00,_ _ _ 4 _ _ _ ,SGN,2,03:55:00,SVO,C,14:40:00,359,C28W24Y264,10:45:00,J
134,293,2025-05-17 00:00:00,2025-05-24 00:00:00,_ _ _ _ _ 6 _ ,SGN,2,03:45:00,SVO,C,14:55:00,359,C28W24Y264,11:10:00,J
135,293,2025-05-31 00:00:00,2025-06-21 00:00:00,_ _ _ _ _ 6 _ ,SGN,2,03:45:00,SVO,C,14:05:00,359,C28W24Y264,10:20:00,J
136,294,2025-05-11 00:00:00,2025-05-11 00:00:00,_ _ _ _ _ _ 7 ,SVO,C,16:20:00,CXR,2,02:30:00,3KR,C28Y268,10:10:00,J
137,294,2025-05-15 00:00:00,2025-05-29 00:00:00,_ _ _ 4 _ _ _ ,SVO,C,16:20:00,CXR,2,02:30:00,359,C28W24Y264,10:10:00,J
138,295,2025-05-11 00:00:00,2025-05-11 00:00:00,_ _ _ _ _ _ 7 ,CXR,2,04:30:00,SVO,C,15:40:00,359,C28W24Y264,11:10:00,J
139,295,2025-05-12 00:00:00,2025-05-12 00:00:00,1 _ _ _ _ _ _ ,CXR,2,04:30:00,SVO,C,15:40:00,3KR,C28Y268,11:10:00,J
140,295,2025-05-18 00:00:00,2025-05-25 00:00:00,_ _ _ _ _ _ 7 ,CXR,2,04:30:00,SVO,C,15:55:00,359,C28W24Y264,11:25:00,J
141,295,2025-05-19 00:00:00,2025-05-19 00:00:00,1 _ _ _ _ _ _ ,CXR,2,04:30:00,SVO,C,15:40:00,359,C28W24Y264,11:10:00,J
142,297,2025-05-11 00:00:00,2025-05-18 00:00:00,_ _ _ _ _ _ 7 ,DPS,I,02:05:00,SVO,C,15:45:00,359,C28W24Y264,13:40:00,J
143,297,2025-05-25 00:00:00,2025-05-25 00:00:00,_ _ _ _ _ _ 7 ,DPS,I,02:05:00,SVO,C,15:25:00,359,C28W24Y264,13:20:00,J
144,320,2025-05-11 00:00:00,2025-05-11 00:00:00,_ _ _ _ _ _ 7 ,SVO,C,19:35:00,MLE,,04:25:00,77W,C30W48Y324,08:50:00,J
145,321,2025-05-11 00:00:00,2025-05-11 00:00:00,_ _ _ _ _ _ 7 ,MLE,,06:05:00,SVO,C,14:50:00,77W,C30W48Y324,08:45:00,J
146,321,2025-05-13 00:00:00,2025-05-27 00:00:00,_ 2 _ _ _ _ _ ,MLE,,06:05:00,SVO,C,14:35:00,77W,C30W48Y324,08:30:00,J
147,400,2025-05-11 00:00:00,2025-05-19 00:00:00,1 _ 3 _ 5 6 7 ,SVO,C,06:45:00,CAI,2,12:30:00,73H,C20Y138,05:45:00,J
148,400,2025-05-21 00:00:00,2025-05-21 00:00:00,_ _ 3 _ _ _ _ ,SVO,C,06:45:00,CAI,2,12:30:00,32Q,C12Y184,05:45:00,J
149,400,2025-05-23 00:00:00,2025-05-30 00:00:00,1 _ 3 _ 5 6 7 ,SVO,C,06:45:00,CAI,2,12:30:00,73H,C20Y138,05:45:00,J
150,401,2025-05-11 00:00:00,2025-05-25 00:00:00,_ _ _ _ _ _ 7 ,CAI,2,13:30:00,SVO,C,18:50:00,73H,C20Y138,05:20:00,J
151,401,2025-05-12 00:00:00,2025-05-19 00:00:00,1 _ 3 _ 5 6 _ ,CAI,2,13:30:00,SVO,C,19:20:00,73H,C20Y138,05:50:00,J
152,401,2025-05-21 00:00:00,2025-05-21 00:00:00,_ _ 3 _ _ _ _ ,CAI,2,13:30:00,SVO,C,19:20:00,32Q,C12Y184,05:50:00,J
153,401,2025-05-23 00:00:00,2025-05-30 00:00:00,1 _ 3 _ 5 6 _ ,CAI,2,13:30:00,SVO,C,19:20:00,73H,C20Y138,05:50:00,J
154,420,2025-05-11 00:00:00,2025-05-11 00:00:00,_ _ _ _ _ _ 7 ,SVO,C,11:25:00,HRG,1,18:00:00,73H,C20Y138,06:35:00,J
155,421,2025-05-11 00:00:00,2025-05-11 00:00:00,_ _ _ _ _ _ 7 ,HRG,1,19:10:00,SVO,C,01:20:00,73H,C20Y138,06:10:00,J
156,422,2025-05-11 00:00:00,2025-05-11 00:00:00,_ _ _ _ _ _ 7 ,SVO,C,05:20:00,HRG,1,11:45:00,77W,C30W48Y324,06:25:00,J
157,422,2025-05-12 00:00:00,2025-05-12 00:00:00,1 _ _ _ _ _ _ ,SVO,C,04:10:00,HRG,1,10:15:00,77W,C30W48Y324,06:05:00,J
158,422,2025-05-13 00:00:00,2025-05-27 00:00:00,_ 2 _ _ _ _ _ ,SVO,C,04:10:00,HRG,1,10:30:00,359,C28W24Y264,06:20:00,J
159,422,2025-05-14 00:00:00,2025-05-28 00:00:00,_ _ 3 _ _ _ _ ,SVO,C,05:20:00,HRG,1,11:45:00,3KR,C28Y268,06:25:00,J
160,422,2025-05-15 00:00:00,2025-05-15 00:00:00,_ _ _ 4 _ _ _ ,SVO,C,04:10:00,HRG,1,10:00:00,359,C28W24Y264,05:50:00,J
161,422,2025-05-16 00:00:00,2025-05-30 00:00:00,_ _ _ _ 5 _ _ ,SVO,C,04:10:00,HRG,1,10:00:00,3KR,C28Y268,05:50:00,J
162,422,2025-05-17 00:00:00,2025-05-17 00:00:00,_ _ _ _ _ 6 _ ,SVO,C,04:10:00,HRG,1,10:00:00,77W,C30W48Y324,05:50:00,J
163,422,2025-05-18 00:00:00,2025-05-18 00:00:00,_ _ _ _ _ _ 7 ,SVO,C,04:40:00,HRG,1,10:45:00,77W,C30W48Y324,06:05:00,J
164,422,2025-05-19 00:00:00,2025-05-26 00:00:00,1 _ _ _ _ _ _ ,SVO,C,04:10:00,HRG,1,10:15:00,359,C28W24Y264,06:05:00,J
165,422,2025-05-22 00:00:00,2025-05-29 00:00:00,_ _ _ 4 _ _ _ ,SVO,C,04:35:00,HRG,1,10:45:00,359,C28W24Y264,06:10:00,J
166,422,2025-05-24 00:00:00,2025-05-31 00:00:00,_ _ _ _ _ 6 _ ,SVO,C,04:10:00,HRG,1,10:00:00,3KR,C28Y268,05:50:00,J
167,422,2025-05-25 00:00:00,2025-05-25 00:00:00,_ _ _ _ _ _ 7 ,SVO,C,04:40:00,HRG,1,10:45:00,359,C28W24Y264,06:05:00,J
168,423,2025-05-11 00:00:00,2025-05-11 00:00:00,_ _ _ _ _ _ 7 ,HRG,1,13:15:00,SVO,C,19:40:00,77W,C30W48Y324,06:25:00,J
169,423,2025-05-12 00:00:00,2025-05-12 00:00:00,1 _ _ _ _ _ _ ,HRG,1,11:45:00,SVO,C,18:00:00,77W,C30W48Y324,06:15:00,J
170,423,2025-05-13 00:00:00,2025-05-13 00:00:00,_ 2 _ _ _ _ _ ,HRG,1,12:00:00,SVO,C,18:20:00,359,C28W24Y264,06:20:00,J
171,423,2025-05-14 00:00:00,2025-05-28 00:00:00,_ _ 3 _ _ _ _ ,HRG,1,13:15:00,SVO,C,19:40:00,3KR,C28Y268,06:25:00,J
172,423,2025-05-15 00:00:00,2025-05-15 00:00:00,_ _ _ 4 _ _ _ ,HRG,1,11:30:00,SVO,C,17:40:00,359,C28W24Y264,06:10:00,J
173,423,2025-05-16 00:00:00,2025-05-30 00:00:00,_ _ _ _ 5 _ _ ,HRG,1,11:30:00,SVO,C,17:40:00,3KR,C28Y268,06:10:00,J
174,423,2025-05-17 00:00:00,2025-05-17 00:00:00,_ _ _ _ _ 6 _ ,HRG,1,11:30:00,SVO,C,17:40:00,77W,C30W48Y324,06:10:00,J
175,423,2025-05-18 00:00:00,2025-05-18 00:00:00,_ _ _ _ _ _ 7 ,HRG,1,12:15:00,SVO,C,18:20:00,77W,C30W48Y324,06:05:00,J
176,423,2025-05-19 00:00:00,2025-05-26 00:00:00,1 _ _ _ _ _ _ ,HRG,1,11:45:00,SVO,C,18:00:00,359,C28W24Y264,06:15:00,J
177,423,2025-05-20 00:00:00,2025-05-29 00:00:00,_ 2 _ 4 _ _ _ ,HRG,1,12:00:00,SVO,C,18:20:00,359,C28W24Y264,06:20:00,J
178,423,2025-05-24 00:00:00,2025-05-31 00:00:00,_ _ _ _ _ 6 _ ,HRG,1,11:30:00,SVO,C,17:40:00,3KR,C28Y268,06:10:00,J
179,423,2025-05-25 00:00:00,2025-06-01 00:00:00,_ _ _ _ _ _ 7 ,HRG,1,12:15:00,SVO,C,18:20:00,359,C28W24Y264,06:05:00,J
180,424,2025-05-12 00:00:00,2025-05-31 00:00:00,1 2 3 _ _ 6 _ ,SVO,C,22:35:00,HRG,1,05:00:00,73H,C20Y138,06:25:00,J
181,426,2025-05-11 00:00:00,2025-05-11 00:00:00,_ _ _ _ _ _ 7 ,SVO,C,04:20:00,SSH,1,10:45:00,77W,C30W48Y324,06:25:00,J
182,426,2025-05-12 00:00:00,2025-05-31 00:00:00,1 2 3 4 5 6 7 ,SVO,C,04:50:00,SSH,1,11:10:00,77W,C30W48Y324,06:20:00,J
183,427,2025-05-11 00:00:00,2025-05-11 00:00:00,_ _ _ _ _ _ 7 ,SSH,1,12:15:00,SVO,C,18:25:00,77W,C30W48Y324,06:10:00,J
184,427,2025-05-12 00:00:00,2025-05-30 00:00:00,1 _ _ _ 5 _ 7 ,SSH,1,13:25:00,SVO,C,19:15:00,77W,C30W48Y324,05:50:00,J
185,427,2025-05-13 00:00:00,2025-05-13 00:00:00,_ 2 _ _ _ _ _ ,SSH,1,13:25:00,SVO,C,19:30:00,77W,C30W48Y324,06:05:00,J
186,427,2025-05-14 00:00:00,2025-05-14 00:00:00,_ _ 3 _ _ _ _ ,SSH,1,13:25:00,SVO,C,19:15:00,77W,C30W48Y324,05:50:00,J
187,427,2025-05-15 00:00:00,2025-05-29 00:00:00,_ 2 3 4 _ _ _ ,SSH,1,13:25:00,SVO,C,19:25:00,77W,C30W48Y324,06:00:00,J
188,427,2025-05-17 00:00:00,2025-05-31 00:00:00,_ _ _ _ _ 6 _ ,SSH,1,13:25:00,SVO,C,19:30:00,77W,C30W48Y324,06:05:00,J
189,428,2025-05-11 00:00:00,2025-05-30 00:00:00,_ 2 3 4 5 _ 7 ,SVO,C,23:15:00,SSH,1,05:35:00,73H,C20Y138,06:20:00,J
190,514,2025-05-14 00:00:00,2025-06-07 00:00:00,_ _ 3 _ _ 6 _ ,SVO,C,19:50:00,IKA,,23:55:00,32B,C16Y167,04:05:00,J
191,515,2025-05-11 00:00:00,2025-06-01 00:00:00,_ _ _ 4 _ _ 7 ,IKA,,01:15:00,SVO,C,05:20:00,32B,C16Y167,04:05:00,J
192,520,2025-05-11 00:00:00,2025-05-25 00:00:00,1 2 3 4 5 6 7 ,SVO,C,04:55:00,DXB,1,10:30:00,77W,C30W48Y324,05:35:00,J
193,520,2025-05-26 00:00:00,2025-05-31 00:00:00,1 2 3 4 5 6 _ ,SVO,C,04:55:00,DXB,1,10:30:00,73H,C20Y138,05:35:00,J
194,521,2025-05-11 00:00:00,2025-05-25 00:00:00,1 2 3 4 5 6 7 ,DXB,1,12:05:00,SVO,C,17:50:00,77W,C30W48Y324,05:45:00,J
195,521,2025-05-26 00:00:00,2025-06-28 00:00:00,1 2 _ 4 5 6 7 ,DXB,1,12:05:00,SVO,C,18:05:00,73H,C20Y138,06:00:00,J
196,522,2025-05-11 00:00:00,2025-05-11 00:00:00,_ _ _ _ _ _ 7 ,SVO,C,06:55:00,DWC,,12:40:00,73H,C20Y138,05:45:00,J
197,523,2025-05-11 00:00:00,2025-05-11 00:00:00,_ _ _ _ _ _ 7 ,DWC,,13:40:00,SVO,C,19:25:00,73H,C20Y138,05:45:00,J
198,524,2025-05-11 00:00:00,2025-05-25 00:00:00,1 2 3 4 5 6 7 ,SVO,C,00:10:00,DXB,1,05:55:00,73H,C20Y138,05:45:00,J
199,524,2025-05-28 00:00:00,2025-06-29 00:00:00,_ _ 3 _ _ 6 7 ,SVO,C,00:10:00,DXB,1,05:55:00,73H,C20Y138,05:45:00,J
200,525,2025-05-11 00:00:00,2025-05-24 00:00:00,1 2 3 4 5 6 7 ,DXB,1,09:20:00,SVO,C,15:10:00,73H,C20Y138,05:50:00,J
201,525,2025-05-25 00:00:00,2025-05-25 00:00:00,_ _ _ _ _ _ 7 ,DXB,1,09:20:00,SVO,C,15:05:00,73H,C20Y138,05:45:00,J
202,525,2025-05-28 00:00:00,2025-06-29 00:00:00,_ _ 3 _ _ 6 7 ,DXB,1,09:20:00,SVO,C,15:10:00,73H,C20Y138,05:50:00,J
203,526,2025-05-11 00:00:00,2025-05-11 00:00:00,_ _ _ _ _ _ 7 ,SVO,C,08:25:00,DXB,1,14:20:00,77W,C30W48Y324,05:55:00,J
204,526,2025-05-12 00:00:00,2025-05-12 00:00:00,1 _ _ _ _ _ _ ,SVO,C,08:25:00,DXB,1,14:20:00,3KR,C28Y268,05:55:00,J
205,527,2025-05-11 00:00:00,2025-05-11 00:00:00,_ _ _ _ _ _ 7 ,DXB,1,15:50:00,SVO,C,21:35:00,77W,C30W48Y324,05:45:00,J
206,527,2025-05-12 00:00:00,2025-05-12 00:00:00,1 _ _ _ _ _ _ ,DXB,1,15:50:00,SVO,C,21:35:00,3KR,C28Y268,05:45:00,J
207,530,2025-05-11 00:00:00,2025-05-26 00:00:00,1 _ _ _ _ _ 7 ,SVO,C,06:15:00,AUH,A,11:50:00,32N,C12Y144,05:35:00,J
208,530,2025-05-13 00:00:00,2025-05-31 00:00:00,_ 2 _ 4 _ 6 _ ,SVO,C,06:05:00,AUH,A,11:50:00,32N,C12Y144,05:45:00,J
209,530,2025-05-14 00:00:00,2025-05-30 00:00:00,_ _ 3 _ 5 _ _ ,SVO,C,06:20:00,AUH,A,11:50:00,32N,C12Y144,05:30:00,J
210,531,2025-05-13 00:00:00,2025-05-31 00:00:00,_ 2 _ 4 _ 6 _ ,AUH,A,12:50:00,SVO,C,18:25:00,32N,C12Y144,05:35:00,J
211,531,2025-05-16 00:00:00,2025-05-30 00:00:00,_ _ _ _ 5 _ _ ,AUH,A,12:50:00,SVO,C,18:40:00,32N,C12Y144,05:50:00,J
212,612,2025-05-12 00:00:00,2025-05-26 00:00:00,1 _ _ _ _ _ _ ,MRV,,17:00:00,EVN,,18:10:00,32A,C8Y150,01:10:00,J
213,613,2025-05-12 00:00:00,2025-05-26 00:00:00,1 _ _ _ _ _ _ ,EVN,,19:05:00,MRV,,20:25:00,32A,C8Y150,01:20:00,J
214,626,2025-05-12 00:00:00,2025-05-12 00:00:00,1 _ _ _ _ _ _ ,SVX,,18:40:00,HKT,I,03:30:00,3KR,C28Y268,08:50:00,J
215,627,2025-05-12 00:00:00,2025-05-12 00:00:00,1 _ _ _ _ _ _ ,HKT,I,05:35:00,SVX,,14:45:00,3KR,C28Y268,09:10:00,J
216,628,2025-05-11 00:00:00,2025-05-11 00:00:00,_ _ _ _ _ _ 7 ,LED,1,16:50:00,HKT,I,03:35:00,3KR,C28Y268,10:45:00,J
217,629,2025-05-13 00:00:00,2025-05-13 00:00:00,_ 2 _ _ _ _ _ ,HKT,I,05:15:00,LED,1,16:15:00,3KR,C28Y268,11:00:00,J
218,634,2025-05-12 00:00:00,2025-05-26 00:00:00,1 _ _ _ _ _ _ ,KJA,1,21:20:00,HKT,I,04:55:00,3KR,C28Y268,07:35:00,J
219,634,2025-05-16 00:00:00,2025-05-16 00:00:00,_ _ _ _ 5 _ _ ,KJA,1,03:00:00,HKT,I,10:40:00,3KR,C28Y268,07:40:00,J
220,634,2025-05-23 00:00:00,2025-05-30 00:00:00,_ _ _ _ 5 _ _ ,KJA,1,02:50:00,HKT,I,10:25:00,3KR,C28Y268,07:35:00,J
221,635,2025-05-12 00:00:00,2025-05-26 00:00:00,1 _ _ _ _ _ _ ,HKT,I,07:25:00,KJA,1,14:55:00,3KR,C28Y268,07:30:00,J
222,637,2025-05-13 00:00:00,2025-05-27 00:00:00,_ 2 _ _ _ _ _ ,HKT,I,06:30:00,OVB,,14:45:00,3KR,C28Y268,08:15:00,J
223,637,2025-05-16 00:00:00,2025-05-16 00:00:00,_ _ _ _ 5 _ _ ,HKT,I,12:20:00,OVB,,20:40:00,3KR,C28Y268,08:20:00,J
224,638,2025-05-13 00:00:00,2025-05-13 00:00:00,_ 2 _ _ _ _ _ ,VVO,,01:05:00,HKT,I,08:25:00,77W,C30W48Y324,07:20:00,J
225,639,2025-05-13 00:00:00,2025-05-13 00:00:00,_ 2 _ _ _ _ _ ,HKT,I,10:15:00,VVO,,17:20:00,77W,C30W48Y324,07:05:00,J
226,643,2025-05-11 00:00:00,2025-05-25 00:00:00,_ _ _ _ _ _ 7 ,KHV,,20:40:00,HKT,I,05:00:00,3KR,C28Y268,08:20:00,J
227,644,2025-05-15 00:00:00,2025-05-15 00:00:00,_ _ _ 4 _ _ _ ,VVO,,23:20:00,BKK,,06:20:00,32N,C12Y144,07:00:00,J
228,645,2025-05-15 00:00:00,2025-05-15 00:00:00,_ _ _ 4 _ _ _ ,BKK,,01:40:00,VVO,,08:10:00,32N,C12Y144,06:30:00,J
229,646,2025-05-11 00:00:00,2025-05-11 00:00:00,_ _ _ _ _ _ 7 ,OVB,,08:30:00,BKK,,15:25:00,3KR,C28Y268,06:55:00,J
230,650,2025-05-12 00:00:00,2025-05-26 00:00:00,1 _ _ _ _ _ _ ,OVB,,23:40:00,BKK,,06:25:00,73H,C20Y138,06:45:00,J
231,651,2025-05-17 00:00:00,2025-05-17 00:00:00,_ _ _ _ _ 6 _ ,BKK,,23:40:00,OVB,,07:00:00,32N,C12Y144,07:20:00,J
232,651,2025-05-24 00:00:00,2025-05-31 00:00:00,_ _ _ _ _ 6 _ ,BKK,,23:40:00,OVB,,07:00:00,73H,C20Y138,07:20:00,J
233,653,2025-05-11 00:00:00,2025-05-11 00:00:00,_ _ _ _ _ _ 7 ,BKK,,16:55:00,SVX,,02:10:00,3KR,C28Y268,09:15:00,J
234,654,2025-05-14 00:00:00,2025-05-14 00:00:00,_ _ 3 _ _ _ _ ,KHV,,16:20:00,BKK,,23:45:00,32N,C12Y144,07:25:00,J
235,654,2025-05-17 00:00:00,2025-05-17 00:00:00,_ _ _ _ _ 6 _ ,KHV,,13:55:00,BKK,,21:45:00,32N,C12Y144,07:50:00,J
236,654,2025-05-24 00:00:00,2025-05-31 00:00:00,_ _ _ _ _ 6 _ ,KHV,,13:55:00,BKK,,21:45:00,73H,C20Y138,07:50:00,J
237,655,2025-05-14 00:00:00,2025-05-14 00:00:00,_ _ 3 _ _ _ _ ,BKK,,06:20:00,KHV,,13:15:00,32N,C12Y144,06:55:00,J
238,655,2025-05-17 00:00:00,2025-05-17 00:00:00,_ _ _ _ _ 6 _ ,BKK,,04:55:00,KHV,,11:55:00,32N,C12Y144,07:00:00,J
239,655,2025-05-21 00:00:00,2025-05-28 00:00:00,_ _ 3 _ _ _ _ ,BKK,,06:20:00,KHV,,13:15:00,73H,C20Y138,06:55:00,J
240,655,2025-05-24 00:00:00,2025-05-31 00:00:00,_ _ _ _ _ 6 _ ,BKK,,04:55:00,KHV,,11:55:00,73H,C20Y138,07:00:00,J
241,658,2025-05-12 00:00:00,2025-05-12 00:00:00,1 _ _ _ _ _ _ ,IKT,,23:40:00,BKK,,05:50:00,32N,C12Y144,06:10:00,J
242,658,2025-05-16 00:00:00,2025-06-30 00:00:00,1 _ _ _ 5 _ _ ,IKT,,23:40:00,BKK,,05:50:00,73H,C20Y138,06:10:00,J
243,659,2025-05-11 00:00:00,2025-05-11 00:00:00,_ _ _ _ _ _ 7 ,BKK,,05:45:00,IKT,,12:10:00,32Q,C12Y184,06:25:00,J
244,661,2025-05-11 00:00:00,2025-05-11 00:00:00,_ _ _ _ _ _ 7 ,HKT,I,03:55:00,IKT,,11:05:00,32Q,C12Y184,07:10:00,J
245,759,2025-05-13 00:00:00,2025-05-20 00:00:00,_ 2 _ _ _ _ _ ,AYT,2,19:00:00,UFA,2,23:25:00,73H,C20Y138,04:25:00,J
246,764,2025-05-11 00:00:00,2025-05-18 00:00:00,_ _ _ _ _ 6 7 ,LED,1,06:30:00,DWC,,12:30:00,73H,C20Y138,06:00:00,J
247,765,2025-05-11 00:00:00,2025-05-18 00:00:00,_ _ _ _ _ 6 7 ,DWC,,13:30:00,LED,1,19:45:00,73H,C20Y138,06:15:00,J
248,766,2025-05-12 00:00:00,2025-05-12 00:00:00,1 _ _ _ _ _ _ ,LED,1,08:10:00,DWC,,14:10:00,73H,C20Y138,06:00:00,J
249,767,2025-05-12 00:00:00,2025-05-12 00:00:00,1 _ _ _ _ _ _ ,DWC,,15:10:00,LED,1,21:25:00,73H,C20Y138,06:15:00,J
250,772,2025-05-11 00:00:00,2025-05-18 00:00:00,_ _ _ _ _ _ 7 ,SVX,,03:00:00,AYT,2,08:10:00,73H,C20Y138,05:10:00,J
251,773,2025-05-11 00:00:00,2025-05-18 00:00:00,_ _ _ _ _ _ 7 ,AYT,2,09:10:00,SVX,,13:55:00,73H,C20Y138,04:45:00,J
252,776,2025-05-23 00:00:00,2025-05-29 00:00:00,_ 2 _ 4 5 _ 7 ,LED,1,07:00:00,AYT,2,12:50:00,73H,C20Y138,05:50:00,J
253,777,2025-05-23 00:00:00,2025-05-29 00:00:00,_ 2 _ 4 5 _ 7 ,AYT,2,13:50:00,LED,1,19:20:00,73H,C20Y138,05:30:00,J
254,786,2025-05-12 00:00:00,2025-05-21 00:00:00,1 _ 3 _ _ 6 _ ,LED,1,06:55:00,AYT,2,12:50:00,73H,C20Y138,05:55:00,J
255,786,2025-05-16 00:00:00,2025-05-16 00:00:00,_ _ _ _ 5 _ _ ,LED,1,03:00:00,AYT,2,08:45:00,73H,C20Y138,05:45:00,J
256,786,2025-05-24 00:00:00,2025-05-27 00:00:00,1 2 _ _ _ 6 7 ,LED,1,05:00:00,AYT,2,10:50:00,73H,C20Y138,05:50:00,J
257,787,2025-05-12 00:00:00,2025-05-21 00:00:00,1 _ 3 _ _ 6 _ ,AYT,2,13:50:00,LED,1,19:20:00,73H,C20Y138,05:30:00,J
258,787,2025-05-24 00:00:00,2025-05-27 00:00:00,1 2 _ _ _ 6 7 ,AYT,2,11:50:00,LED,1,17:20:00,73H,C20Y138,05:30:00,J
259,790,2025-05-12 00:00:00,2025-05-21 00:00:00,1 _ 3 _ _ 6 _ ,LED,1,22:00:00,AYT,2,03:50:00,73H,C20Y138,05:50:00,J
260,790,2025-05-23 00:00:00,2025-05-23 00:00:00,_ _ _ _ 5 _ _ ,LED,1,21:05:00,AYT,2,02:55:00,73H,C20Y138,05:50:00,J
261,790,2025-05-25 00:00:00,2025-05-25 00:00:00,_ _ _ _ _ _ 7 ,LED,1,22:10:00,AYT,2,04:00:00,73H,C20Y138,05:50:00,J
262,790,2025-05-27 00:00:00,2025-05-29 00:00:00,_ 2 _ 4 _ _ _ ,LED,1,21:05:00,AYT,2,02:50:00,73H,C20Y138,05:45:00,J
263,791,2025-05-11 00:00:00,2025-05-22 00:00:00,_ 2 _ 4 _ _ 7 ,AYT,2,16:55:00,LED,1,22:25:00,73H,C20Y138,05:30:00,J
264,791,2025-05-16 00:00:00,2025-05-16 00:00:00,_ _ _ _ 5 _ _ ,AYT,2,20:40:00,LED,1,02:10:00,73H,C20Y138,05:30:00,J
265,791,2025-05-24 00:00:00,2025-05-24 00:00:00,_ _ _ _ _ 6 _ ,AYT,2,16:20:00,LED,1,21:50:00,73H,C20Y138,05:30:00,J
266,791,2025-05-26 00:00:00,2025-05-26 00:00:00,1 _ _ _ _ _ _ ,AYT,2,18:20:00,LED,1,23:45:00,73H,C20Y138,05:25:00,J
267,791,2025-05-28 00:00:00,2025-05-30 00:00:00,_ _ 3 _ 5 _ _ ,AYT,2,16:30:00,LED,1,21:50:00,73H,C20Y138,05:20:00,J
268,792,2025-05-11 00:00:00,2025-05-18 00:00:00,_ _ _ _ _ _ 7 ,SVX,,20:45:00,AYT,2,02:00:00,73H,C20Y138,05:15:00,J
269,792,2025-05-13 00:00:00,2025-05-27 00:00:00,_ 2 _ _ _ _ _ ,SVX,,19:20:00,AYT,2,00:35:00,73H,C20Y138,05:15:00,J
270,792,2025-05-14 00:00:00,2025-05-21 00:00:00,_ _ 3 _ _ _ _ ,SVX,,21:45:00,AYT,2,03:00:00,73H,C20Y138,05:15:00,J
271,792,2025-05-16 00:00:00,2025-06-27 00:00:00,_ _ _ _ 5 _ _ ,SVX,,20:30:00,AYT,2,01:45:00,73H,C20Y138,05:15:00,J
272,792,2025-05-26 00:00:00,2025-05-26 00:00:00,1 _ _ _ _ _ _ ,SVX,,19:55:00,AYT,2,01:05:00,73H,C20Y138,05:10:00,J
273,793,2025-05-15 00:00:00,2025-05-22 00:00:00,_ _ _ 4 _ _ _ ,AYT,2,15:40:00,SVX,,20:25:00,73H,C20Y138,04:45:00,J
274,794,2025-05-15 00:00:00,2025-05-22 00:00:00,_ _ _ 4 _ _ _ ,KZN,1,10:00:00,AYT,2,14:45:00,73H,C20Y138,04:45:00,J
275,794,2025-05-29 00:00:00,2025-05-29 00:00:00,_ _ _ 4 _ _ _ ,KZN,1,09:00:00,AYT,2,13:50:00,73H,C20Y138,04:50:00,J
276,795,2025-05-12 00:00:00,2025-05-19 00:00:00,1 _ _ _ _ _ _ ,AYT,2,03:05:00,KZN,1,07:30:00,73H,C20Y138,04:25:00,J
277,795,2025-05-14 00:00:00,2025-05-28 00:00:00,_ _ 3 _ _ _ _ ,AYT,2,02:20:00,KZN,1,06:40:00,73H,C20Y138,04:20:00,J
278,795,2025-05-15 00:00:00,2025-05-15 00:00:00,_ _ _ 4 _ _ _ ,AYT,2,04:40:00,KZN,1,09:00:00,73H,C20Y138,04:20:00,J
279,795,2025-05-17 00:00:00,2025-06-28 00:00:00,_ _ _ _ _ 6 _ ,AYT,2,03:10:00,KZN,1,07:30:00,73H,C20Y138,04:20:00,J
280,795,2025-05-22 00:00:00,2025-05-22 00:00:00,_ _ _ 4 _ _ _ ,AYT,2,04:35:00,KZN,1,09:00:00,73H,C20Y138,04:25:00,J
281,795,2025-05-27 00:00:00,2025-05-27 00:00:00,_ 2 _ _ _ _ _ ,AYT,2,02:05:00,KZN,1,06:30:00,73H,C20Y138,04:25:00,J
282,796,2025-05-11 00:00:00,2025-05-22 00:00:00,_ 2 _ 4 _ _ 7 ,KUF,,11:20:00,AYT,2,15:55:00,73H,C20Y138,04:35:00,J
283,796,2025-05-16 00:00:00,2025-05-16 00:00:00,_ _ _ _ 5 _ _ ,KUF,,15:05:00,AYT,2,19:40:00,73H,C20Y138,04:35:00,J
284,796,2025-05-23 00:00:00,2025-05-23 00:00:00,_ _ _ _ 5 _ _ ,KUF,,13:55:00,AYT,2,18:20:00,73H,C20Y138,04:25:00,J
285,796,2025-05-24 00:00:00,2025-05-30 00:00:00,1 2 3 4 5 6 _ ,KUF,,13:30:00,AYT,2,17:55:00,73H,C20Y138,04:25:00,J
286,796,2025-05-25 00:00:00,2025-05-25 00:00:00,_ _ _ _ _ _ 7 ,KUF,,13:20:00,AYT,2,17:55:00,73H,C20Y138,04:35:00,J
287,797,2025-05-11 00:00:00,2025-05-22 00:00:00,_ 2 _ 4 _ _ 7 ,AYT,2,04:50:00,KUF,,08:55:00,73H,C20Y138,04:05:00,J
288,797,2025-05-16 00:00:00,2025-05-16 00:00:00,_ _ _ _ 5 _ _ ,AYT,2,09:45:00,KUF,,13:40:00,73H,C20Y138,03:55:00,J
289,797,2025-05-23 00:00:00,2025-05-23 00:00:00,_ _ _ _ 5 _ _ ,AYT,2,07:00:00,KUF,,11:00:00,73H,C20Y138,04:00:00,J
290,797,2025-05-24 00:00:00,2025-05-27 00:00:00,1 2 _ _ _ 6 _ ,AYT,2,07:50:00,KUF,,12:00:00,73H,C20Y138,04:10:00,J
291,797,2025-05-25 00:00:00,2025-05-30 00:00:00,_ _ 3 _ 5 _ 7 ,AYT,2,07:50:00,KUF,,11:55:00,73H,C20Y138,04:05:00,J
292,797,2025-05-29 00:00:00,2025-05-29 00:00:00,_ _ _ 4 _ _ _ ,AYT,2,07:00:00,KUF,,11:05:00,73H,C20Y138,04:05:00,J
293,798,2025-05-11 00:00:00,2025-05-24 00:00:00,_ 2 _ _ _ 6 7 ,UFA,2,01:00:00,AYT,2,06:00:00,73H,C20Y138,05:00:00,J
294,798,2025-05-14 00:00:00,2025-05-21 00:00:00,_ _ 3 _ _ _ _ ,UFA,2,03:45:00,AYT,2,08:40:00,73H,C20Y138,04:55:00,J
295,798,2025-05-23 00:00:00,2025-05-30 00:00:00,1 2 3 4 5 _ _ ,UFA,2,01:00:00,AYT,2,06:00:00,73H,C20Y138,05:00:00,J
296,798,2025-05-25 00:00:00,2025-05-25 00:00:00,_ _ _ _ _ _ 7 ,UFA,2,01:50:00,AYT,2,06:45:00,73H,C20Y138,04:55:00,J
297,799,2025-05-11 00:00:00,2025-05-18 00:00:00,_ _ _ _ _ 6 7 ,AYT,2,19:00:00,UFA,2,23:25:00,73H,C20Y138,04:25:00,J
298,799,2025-05-14 00:00:00,2025-05-21 00:00:00,_ _ 3 _ _ _ _ ,AYT,2,09:45:00,UFA,2,14:15:00,73H,C20Y138,04:30:00,J
299,799,2025-05-23 00:00:00,2025-05-23 00:00:00,_ _ _ _ 5 _ _ ,AYT,2,19:20:00,UFA,2,23:50:00,73H,C20Y138,04:30:00,J
300,799,2025-05-24 00:00:00,2025-05-30 00:00:00,1 2 3 4 5 6 7 ,AYT,2,18:55:00,UFA,2,23:25:00,73H,C20Y138,04:30:00,J
301,800,2025-05-11 00:00:00,2025-05-25 00:00:00,_ _ _ _ _ _ 7 ,GOJ,,13:00:00,AYT,2,18:00:00,73H,C20Y138,05:00:00,J
302,800,2025-05-13 00:00:00,2025-05-20 00:00:00,_ 2 _ _ _ 6 _ ,GOJ,,13:05:00,AYT,2,18:00:00,73H,C20Y138,04:55:00,J
303,800,2025-05-15 00:00:00,2025-05-29 00:00:00,_ _ _ 4 _ _ _ ,GOJ,,12:30:00,AYT,2,17:30:00,73H,C20Y138,05:00:00,J
304,800,2025-05-24 00:00:00,2025-05-30 00:00:00,_ _ 3 _ 5 6 _ ,GOJ,,10:20:00,AYT,2,15:20:00,73H,C20Y138,05:00:00,J
305,800,2025-05-26 00:00:00,2025-05-26 00:00:00,1 _ _ _ _ _ _ ,GOJ,,12:30:00,AYT,2,17:20:00,73H,C20Y138,04:50:00,J
306,800,2025-05-27 00:00:00,2025-05-27 00:00:00,_ 2 _ _ _ _ _ ,GOJ,,13:05:00,AYT,2,18:00:00,73H,C20Y138,04:55:00,J
307,801,2025-05-11 00:00:00,2025-05-20 00:00:00,_ 2 _ _ _ 6 7 ,AYT,2,07:00:00,GOJ,,11:30:00,73H,C20Y138,04:30:00,J
308,801,2025-05-15 00:00:00,2025-05-29 00:00:00,_ _ _ 4 _ _ _ ,AYT,2,06:40:00,GOJ,,11:10:00,73H,C20Y138,04:30:00,J
309,801,2025-05-24 00:00:00,2025-05-24 00:00:00,_ _ _ _ _ 6 _ ,AYT,2,03:55:00,GOJ,,08:20:00,73H,C20Y138,04:25:00,J
310,801,2025-05-25 00:00:00,2025-05-27 00:00:00,_ 2 _ _ _ _ 7 ,AYT,2,06:40:00,GOJ,,11:10:00,73H,C20Y138,04:30:00,J
311,801,2025-05-26 00:00:00,2025-05-26 00:00:00,1 _ _ _ _ _ _ ,AYT,2,05:00:00,GOJ,,09:35:00,73H,C20Y138,04:35:00,J
312,801,2025-05-28 00:00:00,2025-05-30 00:00:00,_ _ 3 _ 5 _ _ ,AYT,2,03:50:00,GOJ,,08:20:00,73H,C20Y138,04:30:00,J
313,802,2025-05-11 00:00:00,2025-05-20 00:00:00,_ 2 _ _ _ 6 7 ,OVB,,02:10:00,AYT,2,08:45:00,73H,C20Y138,06:35:00,J
314,802,2025-05-14 00:00:00,2025-05-21 00:00:00,_ _ 3 _ _ _ _ ,OVB,,23:05:00,AYT,2,05:40:00,73H,C20Y138,06:35:00,J
315,802,2025-05-23 00:00:00,2025-05-23 00:00:00,_ _ _ _ 5 _ _ ,OVB,,23:50:00,AYT,2,06:30:00,73H,C20Y138,06:40:00,J
316,802,2025-05-24 00:00:00,2025-05-28 00:00:00,1 _ 3 _ _ 6 _ ,OVB,,22:35:00,AYT,2,05:20:00,73H,C20Y138,06:45:00,J
317,803,2025-05-11 00:00:00,2025-05-20 00:00:00,_ 2 _ _ _ 6 7 ,AYT,2,09:45:00,OVB,,15:45:00,73H,C20Y138,06:00:00,J
318,803,2025-05-15 00:00:00,2025-05-29 00:00:00,_ _ _ 4 _ _ _ ,AYT,2,18:55:00,OVB,,01:00:00,73H,C20Y138,06:05:00,J
319,803,2025-05-24 00:00:00,2025-05-24 00:00:00,_ _ _ _ _ 6 _ ,AYT,2,07:30:00,OVB,,13:30:00,73H,C20Y138,06:00:00,J
320,803,2025-05-25 00:00:00,2025-05-27 00:00:00,_ 2 _ _ _ _ 7 ,AYT,2,19:00:00,OVB,,01:00:00,73H,C20Y138,06:00:00,J
321,804,2025-05-11 00:00:00,2025-05-25 00:00:00,_ _ _ _ _ _ 7 ,MRV,,10:30:00,AYT,2,12:25:00,32A,C8Y150,01:55:00,J
322,805,2025-05-11 00:00:00,2025-05-25 00:00:00,_ _ _ _ _ _ 7 ,AYT,2,13:25:00,MRV,,15:30:00,32A,C8Y150,02:05:00,J
323,806,2025-05-26 00:00:00,2025-05-30 00:00:00,1 _ 3 _ 5 _ _ ,OVB,,04:00:00,AYT,2,10:35:00,73H,C20Y138,06:35:00,J
324,807,2025-05-26 00:00:00,2025-05-30 00:00:00,1 _ 3 _ 5 _ _ ,AYT,2,11:35:00,OVB,,17:40:00,73H,C20Y138,06:05:00,J
325,814,2025-05-13 00:00:00,2025-05-13 00:00:00,_ 2 _ _ _ _ _ ,KJA,1,21:25:00,BKK,,04:20:00,32N,C12Y144,06:55:00,J
326,814,2025-05-16 00:00:00,2025-05-16 00:00:00,_ _ _ _ 5 _ _ ,KJA,1,21:10:00,BKK,,03:55:00,32N,C12Y144,06:45:00,J
327,814,2025-05-20 00:00:00,2025-05-27 00:00:00,_ 2 _ _ _ _ _ ,KJA,1,21:25:00,BKK,,04:20:00,73H,C20Y138,06:55:00,J
328,814,2025-05-23 00:00:00,2025-05-30 00:00:00,_ _ _ _ 5 _ _ ,KJA,1,21:10:00,BKK,,03:55:00,73H,C20Y138,06:45:00,J
329,815,2025-05-13 00:00:00,2025-05-13 00:00:00,_ 2 _ _ _ _ _ ,BKK,,07:55:00,KJA,1,14:50:00,32N,C12Y144,06:55:00,J
330,815,2025-05-16 00:00:00,2025-05-16 00:00:00,_ _ _ _ 5 _ _ ,BKK,,07:50:00,KJA,1,14:50:00,32N,C12Y144,07:00:00,J
331,815,2025-05-20 00:00:00,2025-05-27 00:00:00,_ 2 _ _ _ _ _ ,BKK,,07:55:00,KJA,1,14:50:00,73H,C20Y138,06:55:00,J
332,815,2025-05-23 00:00:00,2025-05-30 00:00:00,_ _ _ _ 5 _ _ ,BKK,,07:50:00,KJA,1,14:50:00,73H,C20Y138,07:00:00,J
333,850,2025-05-13 00:00:00,2025-05-13 00:00:00,_ 2 _ _ _ _ _ ,KHV,,10:25:00,SYX,,17:00:00,73H,C20Y138,06:35:00,J
334,850,2025-05-17 00:00:00,2025-05-31 00:00:00,_ _ _ _ _ 6 _ ,KHV,,11:25:00,SYX,,18:00:00,32Q,C12Y184,06:35:00,J
335,850,2025-05-20 00:00:00,2025-06-03 00:00:00,_ 2 _ _ _ _ _ ,KHV,,10:25:00,SYX,,17:00:00,32Q,C12Y184,06:35:00,J
336,851,2025-05-12 00:00:00,2025-05-12 00:00:00,1 _ _ _ _ _ _ ,SYX,,18:20:00,KHV,,00:15:00,73H,C20Y138,05:55:00,J
337,851,2025-05-16 00:00:00,2025-06-02 00:00:00,1 _ _ _ 5 _ _ ,SYX,,18:20:00,KHV,,00:15:00,32Q,C12Y184,05:55:00,J
338,852,2025-05-11 00:00:00,2025-05-11 00:00:00,_ _ _ _ _ _ 7 ,OVB,,10:30:00,SYX,,17:00:00,73H,C20Y138,06:30:00,J
339,852,2025-05-15 00:00:00,2025-06-01 00:00:00,_ _ _ 4 _ _ 7 ,OVB,,10:30:00,SYX,,17:00:00,32Q,C12Y184,06:30:00,J
340,853,2025-05-14 00:00:00,2025-05-14 00:00:00,_ _ 3 _ _ _ _ ,SYX,,18:30:00,OVB,,01:30:00,73H,C20Y138,07:00:00,J
341,853,2025-05-17 00:00:00,2025-05-31 00:00:00,_ _ _ _ _ 6 _ ,SYX,,19:10:00,OVB,,02:10:00,32Q,C12Y184,07:00:00,J
342,853,2025-05-21 00:00:00,2025-06-04 00:00:00,_ _ 3 _ _ _ _ ,SYX,,18:30:00,OVB,,01:30:00,32Q,C12Y184,07:00:00,J
343,854,2025-05-17 00:00:00,2025-05-24 00:00:00,_ _ _ _ _ 6 _ ,SVX,,08:50:00,SYX,,17:15:00,3KR,C28Y268,08:25:00,J
344,855,2025-05-13 00:00:00,2025-05-27 00:00:00,_ 2 _ _ _ _ _ ,SYX,,22:10:00,SVX,,06:45:00,3KR,C28Y268,08:35:00,J
345,855,2025-05-17 00:00:00,2025-05-24 00:00:00,_ _ _ _ _ 6 _ ,SYX,,18:45:00,SVX,,03:20:00,3KR,C28Y268,08:35:00,J
346,856,2025-05-12 00:00:00,2025-05-12 00:00:00,1 _ _ _ _ _ _ ,VVO,,11:00:00,SYX,,17:00:00,73H,C20Y138,06:00:00,J
347,856,2025-05-14 00:00:00,2025-05-14 00:00:00,_ _ 3 _ _ _ _ ,VVO,,11:15:00,SYX,,17:15:00,73H,C20Y138,06:00:00,J
348,856,2025-05-16 00:00:00,2025-06-02 00:00:00,1 _ _ _ 5 _ _ ,VVO,,11:00:00,SYX,,17:00:00,32Q,C12Y184,06:00:00,J
349,856,2025-05-21 00:00:00,2025-06-04 00:00:00,_ _ 3 _ _ _ _ ,VVO,,11:15:00,SYX,,17:15:00,32Q,C12Y184,06:00:00,J
350,857,2025-05-11 00:00:00,2025-05-13 00:00:00,_ 2 _ _ _ _ 7 ,SYX,,18:00:00,VVO,,23:30:00,73H,C20Y138,05:30:00,J
351,857,2025-05-15 00:00:00,2025-06-03 00:00:00,_ 2 _ 4 _ _ _ ,SYX,,18:00:00,VVO,,23:30:00,32Q,C12Y184,05:30:00,J
352,857,2025-05-18 00:00:00,2025-06-01 00:00:00,_ _ _ _ _ _ 7 ,SYX,,18:00:00,VVO,,23:50:00,32Q,C12Y184,05:50:00,J
353,1000,2025-05-11 00:00:00,2025-05-11 00:00:00,_ _ _ _ _ _ 7 ,SVO,B,03:35:00,KGD,,06:10:00,32B,C16W29Y138,02:35:00,J
354,1000,2025-05-12 00:00:00,2025-05-30 00:00:00,1 2 3 4 5 6 7 ,SVO,B,03:35:00,KGD,,06:10:00,32B,C16Y167,02:35:00,J
355,1001,2025-05-11 00:00:00,2025-05-11 00:00:00,_ _ _ _ _ _ 7 ,KGD,,07:10:00,SVO,B,09:45:00,32B,C16W29Y138,02:35:00,J
356,1001,2025-05-12 00:00:00,2025-05-30 00:00:00,1 2 3 4 5 6 7 ,KGD,,07:10:00,SVO,B,09:45:00,32B,C16Y167,02:35:00,J
357,1002,2025-05-11 00:00:00,2025-05-12 00:00:00,1 _ _ _ _ _ 7 ,SVO,B,07:20:00,KGD,,09:55:00,32B,C16W29Y138,02:35:00,J
358,1002,2025-05-13 00:00:00,2025-05-13 00:00:00,_ 2 _ _ _ _ _ ,SVO,B,07:20:00,KGD,,09:55:00,32Q,C12W30Y154,02:35:00,J
359,1002,2025-05-14 00:00:00,2025-05-28 00:00:00,_ _ 3 _ _ _ _ ,SVO,B,07:20:00,KGD,,09:55:00,32B,C16W29Y138,02:35:00,J
360,1002,2025-05-15 00:00:00,2025-05-15 00:00:00,_ _ _ 4 _ _ _ ,SVO,B,07:20:00,KGD,,09:55:00,32B,C16W29Y138,02:35:00,J
361,1002,2025-05-16 00:00:00,2025-05-16 00:00:00,_ _ _ _ 5 _ _ ,SVO,B,07:30:00,KGD,,09:55:00,32Q,C12W30Y154,02:25:00,J
362,1002,2025-05-17 00:00:00,2025-05-31 00:00:00,1 2 _ 4 5 6 7 ,SVO,B,07:20:00,KGD,,09:55:00,32B,C16W29Y138,02:35:00,J
363,1003,2025-05-11 00:00:00,2025-05-12 00:00:00,1 _ _ _ _ _ 7 ,KGD,,10:55:00,SVO,B,13:30:00,32B,C16W29Y138,02:35:00,J
364,1003,2025-05-13 00:00:00,2025-05-13 00:00:00,_ 2 _ _ _ _ _ ,KGD,,10:55:00,SVO,B,13:30:00,32Q,C12W30Y154,02:35:00,J
365,1003,2025-05-14 00:00:00,2025-05-28 00:00:00,_ _ 3 _ _ _ _ ,KGD,,10:55:00,SVO,B,13:30:00,32B,C16W29Y138,02:35:00,J
366,1003,2025-05-15 00:00:00,2025-05-15 00:00:00,_ _ _ 4 _ _ _ ,KGD,,10:55:00,SVO,B,13:30:00,32B,C16W29Y138,02:35:00,J
367,1003,2025-05-16 00:00:00,2025-05-16 00:00:00,_ _ _ _ 5 _ _ ,KGD,,10:55:00,SVO,B,13:30:00,32Q,C12W30Y154,02:35:00,J
368,1003,2025-05-17 00:00:00,2025-05-31 00:00:00,1 2 _ 4 5 6 7 ,KGD,,10:55:00,SVO,B,13:30:00,32B,C16W29Y138,02:35:00,J
369,1004,2025-05-11 00:00:00,2025-05-11 00:00:00,_ _ _ _ _ _ 7 ,SVO,B,10:35:00,KGD,,13:10:00,32B,C16W29Y138,02:35:00,J
370,1004,2025-05-12 00:00:00,2025-05-14 00:00:00,1 _ 3 _ _ _ _ ,SVO,B,10:35:00,KGD,,13:10:00,32Q,C12W30Y154,02:35:00,J
371,1004,2025-05-13 00:00:00,2025-05-13 00:00:00,_ 2 _ _ _ _ _ ,SVO,B,10:35:00,KGD,,13:10:00,32B,C16W29Y138,02:35:00,J
372,1004,2025-05-15 00:00:00,2025-06-01 00:00:00,1 2 3 4 5 6 7 ,SVO,B,10:35:00,KGD,,13:10:00,32B,C16W29Y138,02:35:00,J
373,1005,2025-05-11 00:00:00,2025-05-11 00:00:00,_ _ _ _ _ _ 7 ,KGD,,14:10:00,SVO,B,16:45:00,32B,C16W29Y138,02:35:00,J
374,1005,2025-05-12 00:00:00,2025-05-14 00:00:00,1 _ 3 _ _ _ _ ,KGD,,14:10:00,SVO,B,16:45:00,32Q,C12W30Y154,02:35:00,J
375,1005,2025-05-13 00:00:00,2025-05-13 00:00:00,_ 2 _ _ _ _ _ ,KGD,,14:10:00,SVO,B,16:45:00,32B,C16W29Y138,02:35:00,J
376,1005,2025-05-15 00:00:00,2025-06-01 00:00:00,1 2 3 4 5 6 7 ,KGD,,14:10:00,SVO,B,16:45:00,32B,C16W29Y138,02:35:00,J
377,1006,2025-05-11 00:00:00,2025-05-11 00:00:00,_ _ _ _ _ _ 7 ,SVO,B,15:35:00,KGD,,18:10:00,32A,C8W30Y120,02:35:00,J
378,1006,2025-05-12 00:00:00,2025-05-13 00:00:00,1 2 _ _ _ _ _ ,SVO,B,15:35:00,KGD,,18:10:00,32B,C16Y167,02:35:00,J
379,1006,2025-05-14 00:00:00,2025-05-15 00:00:00,_ _ 3 4 _ _ _ ,SVO,B,15:35:00,KGD,,18:10:00,32A,C8Y150,02:35:00,J
380,1006,2025-05-16 00:00:00,2025-05-23 00:00:00,_ _ _ _ 5 _ _ ,SVO,B,15:35:00,KGD,,18:10:00,32B,C16Y167,02:35:00,J
381,1006,2025-05-17 00:00:00,2025-05-22 00:00:00,1 2 3 4 _ 6 7 ,SVO,B,15:35:00,KGD,,18:10:00,32A,C8Y150,02:35:00,J
382,1006,2025-05-24 00:00:00,2025-05-30 00:00:00,1 2 3 4 5 6 7 ,SVO,B,15:35:00,KGD,,18:10:00,32A,C8Y150,02:35:00,J
383,1006,2025-05-31 00:00:00,2025-05-31 00:00:00,_ _ _ _ _ 6 _ ,SVO,B,15:35:00,KGD,,18:10:00,32A,C8W30Y120,02:35:00,J
384,1007,2025-05-11 00:00:00,2025-05-11 00:00:00,_ _ _ _ _ _ 7 ,KGD,,19:10:00,SVO,B,21:45:00,32A,C8W30Y120,02:35:00,J
385,1007,2025-05-12 00:00:00,2025-05-16 00:00:00,1 2 _ _ 5 _ _ ,KGD,,19:10:00,SVO,B,21:45:00,32B,C16Y167,02:35:00,J
386,1007,2025-05-14 00:00:00,2025-05-15 00:00:00,_ _ 3 4 _ _ _ ,KGD,,19:10:00,SVO,B,21:45:00,32A,C8Y150,02:35:00,J
387,1007,2025-05-17 00:00:00,2025-05-22 00:00:00,1 2 3 4 _ 6 7 ,KGD,,19:10:00,SVO,B,21:45:00,32A,C8Y150,02:35:00,J
388,1007,2025-05-23 00:00:00,2025-05-23 00:00:00,_ _ _ _ 5 _ _ ,KGD,,19:10:00,SVO,B,21:45:00,32B,C16Y167,02:35:00,J
389,1007,2025-05-24 00:00:00,2025-05-30 00:00:00,1 2 3 4 5 6 7 ,KGD,,19:10:00,SVO,B,21:45:00,32A,C8Y150,02:35:00,J
390,1007,2025-05-31 00:00:00,2025-05-31 00:00:00,_ _ _ _ _ 6 _ ,KGD,,19:10:00,SVO,B,21:45:00,32A,C8W30Y120,02:35:00,J
391,1008,2025-05-11 00:00:00,2025-05-11 00:00:00,_ _ _ _ _ _ 7 ,SVO,B,17:10:00,KGD,,19:45:00,32B,C16W29Y138,02:35:00,J
392,1008,2025-05-12 00:00:00,2025-05-30 00:00:00,1 2 3 4 5 6 7 ,SVO,B,17:10:00,KGD,,19:45:00,32B,C16Y167,02:35:00,J
393,1009,2025-05-11 00:00:00,2025-05-12 00:00:00,1 _ _ _ _ _ 7 ,KGD,,01:00:00,SVO,B,03:30:00,32B,C16W29Y138,02:30:00,J
394,1009,2025-05-13 00:00:00,2025-05-31 00:00:00,1 2 3 4 5 6 7 ,KGD,,01:00:00,SVO,B,03:30:00,32B,C16Y167,02:30:00,J
395,1010,2025-05-11 00:00:00,2025-05-11 00:00:00,_ _ _ _ _ _ 7 ,SVO,B,13:45:00,KGD,,16:25:00,32B,C16W29Y138,02:40:00,J
396,1010,2025-05-12 00:00:00,2025-05-30 00:00:00,1 2 3 4 5 6 _ ,SVO,B,13:50:00,KGD,,16:25:00,32B,C16Y167,02:35:00,J
397,1010,2025-05-18 00:00:00,2025-05-25 00:00:00,_ _ _ _ _ _ 7 ,SVO,B,13:45:00,KGD,,16:25:00,32B,C16Y167,02:40:00,J
398,1010,2025-05-31 00:00:00,2025-05-31 00:00:00,_ _ _ _ _ 6 _ ,SVO,B,13:50:00,KGD,,16:25:00,32B,C16W29Y138,02:35:00,J
399,1011,2025-05-11 00:00:00,2025-05-11 00:00:00,_ _ _ _ _ _ 7 ,KGD,,17:25:00,SVO,B,20:15:00,32B,C16W29Y138,02:50:00,J
400,1011,2025-05-12 00:00:00,2025-05-30 00:00:00,1 2 3 4 5 6 7 ,KGD,,17:25:00,SVO,B,20:15:00,32B,C16Y167,02:50:00,J
401,1011,2025-05-31 00:00:00,2025-05-31 00:00:00,_ _ _ _ _ 6 _ ,KGD,,17:25:00,SVO,B,20:15:00,32B,C16W29Y138,02:50:00,J
402,1012,2025-05-11 00:00:00,2025-05-11 00:00:00,_ _ _ _ _ _ 7 ,SVO,B,12:30:00,KGD,,15:05:00,32B,C16W29Y138,02:35:00,J
403,1012,2025-05-12 00:00:00,2025-05-30 00:00:00,1 2 3 4 5 6 7 ,SVO,B,12:30:00,KGD,,15:05:00,32B,C16Y167,02:35:00,J
404,1012,2025-05-31 00:00:00,2025-06-17 00:00:00,1 2 3 4 5 6 7 ,SVO,B,12:30:00,KGD,,15:05:00,32B,C16W29Y138,02:35:00,J
405,1013,2025-05-11 00:00:00,2025-05-11 00:00:00,_ _ _ _ _ _ 7 ,KGD,,16:05:00,SVO,B,18:40:00,32B,C16W29Y138,02:35:00,J
406,1013,2025-05-12 00:00:00,2025-05-30 00:00:00,1 2 3 4 5 6 7 ,KGD,,16:05:00,SVO,B,18:40:00,32B,C16Y167,02:35:00,J
407,1014,2025-05-26 00:00:00,2025-05-30 00:00:00,1 2 3 4 5 _ _ ,SVO,B,05:00:00,KGD,,07:35:00,32B,C16Y167,02:35:00,J
408,1015,2025-05-26 00:00:00,2025-05-30 00:00:00,1 2 3 4 5 _ _ ,KGD,,08:35:00,SVO,B,11:10:00,32B,C16Y167,02:35:00,J
409,1016,2025-05-11 00:00:00,2025-05-11 00:00:00,_ _ _ _ _ _ 7 ,SVO,B,06:00:00,KGD,,08:35:00,32A,C8W30Y120,02:35:00,J
410,1016,2025-05-12 00:00:00,2025-05-31 00:00:00,1 2 3 4 5 6 7 ,SVO,B,06:00:00,KGD,,08:35:00,32B,C16W29Y138,02:35:00,J
411,1017,2025-05-11 00:00:00,2025-05-11 00:00:00,_ _ _ _ _ _ 7 ,KGD,,09:35:00,SVO,B,12:10:00,32A,C8W30Y120,02:35:00,J
412,1017,2025-05-12 00:00:00,2025-05-31 00:00:00,1 2 3 4 5 6 7 ,KGD,,09:35:00,SVO,B,12:10:00,32B,C16W29Y138,02:35:00,J
413,1024,2025-05-11 00:00:00,2025-05-11 00:00:00,_ _ _ _ _ _ 7 ,SVO,B,11:15:00,KGD,,14:00:00,32B,C16W29Y138,02:45:00,J
414,1024,2025-05-12 00:00:00,2025-05-16 00:00:00,1 2 3 4 5 _ _ ,SVO,B,11:15:00,KGD,,14:00:00,32B,C16Y167,02:45:00,J
415,1024,2025-05-17 00:00:00,2025-05-17 00:00:00,_ _ _ _ _ 6 _ ,SVO,B,11:15:00,KGD,,14:00:00,32Q,C12Y184,02:45:00,J
416,1024,2025-05-18 00:00:00,2025-05-30 00:00:00,1 2 3 4 5 6 7 ,SVO,B,11:15:00,KGD,,14:00:00,32B,C16Y167,02:45:00,J
417,1025,2025-05-11 00:00:00,2025-05-11 00:00:00,_ _ _ _ _ _ 7 ,KGD,,15:00:00,SVO,B,17:35:00,32B,C16W29Y138,02:35:00,J
418,1025,2025-05-12 00:00:00,2025-05-16 00:00:00,1 2 3 4 5 _ _ ,KGD,,15:00:00,SVO,B,17:35:00,32B,C16Y167,02:35:00,J
419,1025,2025-05-17 00:00:00,2025-05-17 00:00:00,_ _ _ _ _ 6 _ ,KGD,,15:00:00,SVO,B,17:35:00,32Q,C12Y184,02:35:00,J
420,1025,2025-05-18 00:00:00,2025-05-30 00:00:00,1 2 3 4 5 6 7 ,KGD,,15:00:00,SVO,B,17:35:00,32B,C16Y167,02:35:00,J
421,1028,2025-05-11 00:00:00,2025-05-25 00:00:00,_ _ _ _ _ _ 7 ,SVO,B,09:10:00,MRV,,12:35:00,32B,C16Y167,03:25:00,J
422,1028,2025-05-12 00:00:00,2025-05-30 00:00:00,1 2 3 _ 5 _ _ ,SVO,B,09:10:00,MRV,,12:30:00,32B,C16Y167,03:20:00,J
423,1028,2025-05-15 00:00:00,2025-05-29 00:00:00,_ _ _ 4 _ _ _ ,SVO,B,09:10:00,MRV,,12:30:00,73H,C20Y138,03:20:00,J
424,1028,2025-05-17 00:00:00,2025-05-24 00:00:00,_ _ _ _ _ 6 _ ,SVO,B,09:10:00,MRV,,12:35:00,32B,C16Y167,03:25:00,J
425,1028,2025-05-31 00:00:00,2025-05-31 00:00:00,_ _ _ _ _ 6 _ ,SVO,B,09:10:00,MRV,,12:30:00,32B,C16Y167,03:20:00,J
426,1029,2025-05-11 00:00:00,2025-05-25 00:00:00,_ _ _ _ _ _ 7 ,MRV,,13:35:00,SVO,B,16:55:00,32B,C16Y167,03:20:00,J
427,1029,2025-05-12 00:00:00,2025-05-30 00:00:00,1 2 3 _ 5 _ _ ,MRV,,13:30:00,SVO,B,16:55:00,32B,C16Y167,03:25:00,J
428,1029,2025-05-15 00:00:00,2025-05-29 00:00:00,_ _ _ 4 _ _ _ ,MRV,,13:30:00,SVO,B,16:55:00,73H,C20Y138,03:25:00,J
429,1029,2025-05-17 00:00:00,2025-05-24 00:00:00,_ _ _ _ _ 6 _ ,MRV,,13:35:00,SVO,B,16:55:00,32B,C16Y167,03:20:00,J
430,1029,2025-05-31 00:00:00,2025-05-31 00:00:00,_ _ _ _ _ 6 _ ,MRV,,13:30:00,SVO,B,16:55:00,32B,C16Y167,03:25:00,J
431,1030,2025-05-11 00:00:00,2025-05-11 00:00:00,_ _ _ _ _ _ 7 ,SVO,B,13:25:00,KGD,,16:00:00,32A,C8W30Y120,02:35:00,J
432,1030,2025-05-12 00:00:00,2025-05-31 00:00:00,1 2 3 4 5 6 7 ,SVO,B,13:25:00,KGD,,16:00:00,32B,C16W29Y138,02:35:00,J
433,1031,2025-05-11 00:00:00,2025-05-11 00:00:00,_ _ _ _ _ _ 7 ,KGD,,17:00:00,SVO,B,19:35:00,32A,C8W30Y120,02:35:00,J
434,1031,2025-05-12 00:00:00,2025-05-31 00:00:00,1 2 3 4 5 6 7 ,KGD,,17:00:00,SVO,B,19:35:00,32B,C16W29Y138,02:35:00,J
435,1032,2025-05-11 00:00:00,2025-05-11 00:00:00,_ _ _ _ _ _ 7 ,SVO,B,05:25:00,KGD,,08:00:00,32A,C8W30Y120,02:35:00,J
436,1032,2025-05-12 00:00:00,2025-05-19 00:00:00,1 2 _ _ 5 6 _ ,SVO,B,05:25:00,KGD,,08:00:00,32B,C16W29Y138,02:35:00,J
437,1032,2025-05-14 00:00:00,2025-05-14 00:00:00,_ _ 3 _ _ _ _ ,SVO,B,05:25:00,KGD,,08:00:00,32A,C8W30Y120,02:35:00,J
438,1032,2025-05-15 00:00:00,2025-05-15 00:00:00,_ _ _ 4 _ _ _ ,SVO,B,05:15:00,KGD,,08:00:00,32A,C8W30Y120,02:45:00,J
439,1032,2025-05-18 00:00:00,2025-05-18 00:00:00,_ _ _ _ _ _ 7 ,SVO,B,05:25:00,KGD,,08:00:00,32Q,C12W30Y154,02:35:00,J
440,1032,2025-05-20 00:00:00,2025-05-21 00:00:00,_ 2 3 _ _ _ _ ,SVO,B,05:25:00,KGD,,08:00:00,32A,C8W30Y120,02:35:00,J
441,1032,2025-05-22 00:00:00,2025-05-29 00:00:00,_ _ _ 4 _ _ _ ,SVO,B,05:15:00,KGD,,08:00:00,32B,C16W29Y138,02:45:00,J
442,1032,2025-05-23 00:00:00,2025-05-27 00:00:00,_ 2 _ _ 5 6 _ ,SVO,B,05:25:00,KGD,,08:00:00,32B,C16W29Y138,02:35:00,J
443,1032,2025-05-25 00:00:00,2025-05-26 00:00:00,1 _ _ _ _ _ 7 ,SVO,B,05:25:00,KGD,,08:00:00,32A,C8W30Y120,02:35:00,J
444,1032,2025-05-28 00:00:00,2025-05-30 00:00:00,_ _ 3 _ 5 _ _ ,SVO,B,05:25:00,KGD,,08:00:00,32A,C8W30Y120,02:35:00,J
445,1032,2025-05-31 00:00:00,2025-05-31 00:00:00,_ _ _ _ _ 6 _ ,SVO,B,05:25:00,KGD,,08:00:00,32B,C16W29Y138,02:35:00,J
446,1033,2025-05-11 00:00:00,2025-05-11 00:00:00,_ _ _ _ _ _ 7 ,KGD,,09:00:00,SVO,B,11:40:00,32A,C8W30Y120,02:40:00,J
447,1033,2025-05-12 00:00:00,2025-05-13 00:00:00,1 2 _ _ _ _ _ ,KGD,,09:00:00,SVO,B,11:40:00,32B,C16W29Y138,02:40:00,J
448,1033,2025-05-14 00:00:00,2025-05-15 00:00:00,_ _ 3 4 _ _ _ ,KGD,,09:00:00,SVO,B,11:40:00,32A,C8W30Y120,02:40:00,J
449,1033,2025-05-16 00:00:00,2025-05-22 00:00:00,1 _ _ 4 5 6 _ ,KGD,,09:00:00,SVO,B,11:40:00,32B,C16W29Y138,02:40:00,J
450,1033,2025-05-18 00:00:00,2025-05-18 00:00:00,_ _ _ _ _ _ 7 ,KGD,,09:00:00,SVO,B,11:40:00,32Q,C12W30Y154,02:40:00,J
451,1033,2025-05-20 00:00:00,2025-05-21 00:00:00,_ 2 3 _ _ _ _ ,KGD,,09:00:00,SVO,B,11:40:00,32A,C8W30Y120,02:40:00,J
452,1033,2025-05-23 00:00:00,2025-05-27 00:00:00,_ 2 _ _ 5 6 _ ,KGD,,09:00:00,SVO,B,11:40:00,32B,C16W29Y138,02:40:00,J
453,1033,2025-05-25 00:00:00,2025-05-26 00:00:00,1 _ _ _ _ _ 7 ,KGD,,09:00:00,SVO,B,11:40:00,32A,C8W30Y120,02:40:00,J
454,1033,2025-05-28 00:00:00,2025-05-28 00:00:00,_ _ 3 _ _ _ _ ,KGD,,09:00:00,SVO,B,11:40:00,32A,C8W30Y120,02:40:00,J
455,1033,2025-05-29 00:00:00,2025-05-31 00:00:00,_ _ _ 4 _ 6 _ ,KGD,,09:00:00,SVO,B,11:40:00,32B,C16W29Y138,02:40:00,J
456,1033,2025-05-30 00:00:00,2025-05-30 00:00:00,_ _ _ _ 5 _ _ ,KGD,,09:00:00,SVO,B,11:40:00,32A,C8W30Y120,02:40:00,J
457,1034,2025-05-31 00:00:00,2025-05-31 00:00:00,_ _ _ _ _ 6 _ ,SVO,B,06:40:00,KGD,,09:25:00,32A,C8W30Y120,02:45:00,J
458,1035,2025-05-31 00:00:00,2025-05-31 00:00:00,_ _ _ _ _ 6 _ ,KGD,,10:25:00,SVO,B,12:55:00,32A,C8W30Y120,02:30:00,J
459,1036,2025-05-31 00:00:00,2025-05-31 00:00:00,_ _ _ _ _ 6 _ ,SVO,B,15:00:00,KGD,,17:35:00,32A,C8W30Y120,02:35:00,J
460,1037,2025-05-31 00:00:00,2025-05-31 00:00:00,_ _ _ _ _ 6 _ ,KGD,,18:40:00,SVO,B,21:15:00,32A,C8W30Y120,02:35:00,J
461,1040,2025-05-11 00:00:00,2025-05-13 00:00:00,_ 2 _ _ _ _ 7 ,SVO,B,08:20:00,AER,,12:15:00,73H,C20Y138,03:55:00,J
462,1040,2025-05-12 00:00:00,2025-05-17 00:00:00,1 _ _ _ 5 6 _ ,SVO,B,08:20:00,AER,,12:15:00,73H,C20Y138,03:55:00,J
463,1040,2025-05-14 00:00:00,2025-05-14 00:00:00,_ _ 3 _ _ _ _ ,SVO,B,08:20:00,AER,,12:15:00,32A,C8Y150,03:55:00,J
464,1040,2025-05-15 00:00:00,2025-05-29 00:00:00,_ _ _ 4 _ _ _ ,SVO,B,08:20:00,AER,,12:15:00,32B,C16Y167,03:55:00,J
465,1040,2025-05-18 00:00:00,2025-05-24 00:00:00,1 2 3 _ _ 6 7 ,SVO,B,08:20:00,AER,,12:15:00,73H,C20Y138,03:55:00,J
466,1040,2025-05-23 00:00:00,2025-05-23 00:00:00,_ _ _ _ 5 _ _ ,SVO,B,08:20:00,AER,,12:15:00,32A,C8Y150,03:55:00,J
467,1040,2025-05-25 00:00:00,2025-05-25 00:00:00,_ _ _ _ _ _ 7 ,SVO,B,08:20:00,AER,,12:15:00,321,C28Y142,03:55:00,J
468,1040,2025-05-26 00:00:00,2025-05-31 00:00:00,1 _ _ _ _ 6 _ ,SVO,B,08:20:00,AER,,12:15:00,32B,C16Y167,03:55:00,J
469,1040,2025-05-27 00:00:00,2025-05-27 00:00:00,_ 2 _ _ _ _ _ ,SVO,B,08:20:00,AER,,12:15:00,73H,C20Y138,03:55:00,J
470,1040,2025-05-28 00:00:00,2025-05-30 00:00:00,_ _ 3 _ 5 _ _ ,SVO,B,08:20:00,AER,,12:15:00,32A,C8Y150,03:55:00,J
471,1041,2025-05-11 00:00:00,2025-05-20 00:00:00,_ 2 _ _ _ _ 7 ,AER,,13:15:00,SVO,B,16:55:00,73H,C20Y138,03:40:00,J
472,1041,2025-05-12 00:00:00,2025-05-17 00:00:00,1 _ _ _ 5 6 _ ,AER,,13:15:00,SVO,B,16:55:00,73H,C20Y138,03:40:00,J
473,1041,2025-05-14 00:00:00,2025-05-14 00:00:00,_ _ 3 _ _ _ _ ,AER,,13:15:00,SVO,B,16:55:00,32A,C8Y150,03:40:00,J
474,1041,2025-05-15 00:00:00,2025-05-29 00:00:00,_ _ _ 4 _ _ _ ,AER,,13:15:00,SVO,B,16:55:00,32B,C16Y167,03:40:00,J
475,1041,2025-05-19 00:00:00,2025-05-24 00:00:00,1 _ 3 _ _ 6 _ ,AER,,13:15:00,SVO,B,16:55:00,73H,C20Y138,03:40:00,J
476,1041,2025-05-23 00:00:00,2025-05-30 00:00:00,_ _ 3 _ 5 _ _ ,AER,,13:15:00,SVO,B,16:55:00,32A,C8Y150,03:40:00,J
477,1041,2025-05-25 00:00:00,2025-05-25 00:00:00,_ _ _ _ _ _ 7 ,AER,,13:15:00,SVO,B,16:55:00,321,C28Y142,03:40:00,J
478,1041,2025-05-26 00:00:00,2025-05-31 00:00:00,1 _ _ _ _ 6 _ ,AER,,13:15:00,SVO,B,16:55:00,32B,C16Y167,03:40:00,J
479,1041,2025-05-27 00:00:00,2025-05-27 00:00:00,_ 2 _ _ _ _ _ ,AER,,13:15:00,SVO,B,16:55:00,73H,C20Y138,03:40:00,J
480,1052,2025-05-12 00:00:00,2025-05-26 00:00:00,1 _ _ _ _ _ _ ,SVO,B,04:55:00,MCX,,08:10:00,32A,C8Y150,03:15:00,J
481,1052,2025-05-13 00:00:00,2025-05-27 00:00:00,_ 2 _ _ _ _ _ ,SVO,B,04:55:00,MCX,,08:00:00,32A,C8Y150,03:05:00,J
482,1053,2025-05-11 00:00:00,2025-06-01 00:00:00,_ 2 3 4 5 6 7 ,MCX,,09:00:00,SVO,B,12:10:00,32A,C8Y150,03:10:00,J
483,1053,2025-05-12 00:00:00,2025-05-26 00:00:00,1 _ _ _ _ _ _ ,MCX,,09:10:00,SVO,B,12:10:00,32A,C8Y150,03:00:00,J
484,1054,2025-05-11 00:00:00,2025-05-31 00:00:00,1 2 3 4 5 6 7 ,SVO,B,23:20:00,MCX,,02:20:00,32A,C8Y150,03:00:00,J
485,1055,2025-05-11 00:00:00,2025-06-07 00:00:00,1 2 3 4 5 6 7 ,MCX,,03:20:00,SVO,B,06:20:00,32A,C8Y150,03:00:00,J
486,1056,2025-05-11 00:00:00,2025-05-22 00:00:00,1 2 3 4 5 6 7 ,SVO,B,12:35:00,MCX,,15:40:00,32A,C8Y150,03:05:00,J
487,1056,2025-05-23 00:00:00,2025-05-30 00:00:00,1 _ _ _ 5 _ _ ,SVO,B,12:35:00,MCX,,15:40:00,73H,C20Y138,03:05:00,J
488,1056,2025-05-24 00:00:00,2025-05-25 00:00:00,_ _ _ _ _ 6 7 ,SVO,B,12:35:00,MCX,,15:40:00,32A,C8Y150,03:05:00,J
489,1056,2025-05-27 00:00:00,2025-05-27 00:00:00,_ 2 _ _ _ _ _ ,SVO,B,12:35:00,MCX,,15:40:00,32A,C8Y150,03:05:00,J
490,1056,2025-05-28 00:00:00,2025-05-28 00:00:00,_ _ 3 _ _ _ _ ,SVO,B,12:40:00,MCX,,15:40:00,32A,C8Y150,03:00:00,J
491,1056,2025-05-29 00:00:00,2025-05-31 00:00:00,_ _ _ 4 _ 6 _ ,SVO,B,12:35:00,MCX,,15:40:00,32A,C8Y150,03:05:00,J
492,1057,2025-05-11 00:00:00,2025-05-22 00:00:00,1 2 3 4 5 6 7 ,MCX,,16:40:00,SVO,B,19:50:00,32A,C8Y150,03:10:00,J
493,1057,2025-05-23 00:00:00,2025-05-30 00:00:00,1 _ _ _ 5 _ _ ,MCX,,16:40:00,SVO,B,19:50:00,73H,C20Y138,03:10:00,J
494,1057,2025-05-24 00:00:00,2025-05-31 00:00:00,_ 2 3 4 _ 6 7 ,MCX,,16:40:00,SVO,B,19:50:00,32A,C8Y150,03:10:00,J
495,1058,2025-05-11 00:00:00,2025-05-31 00:00:00,1 2 3 4 5 6 7 ,SVO,B,07:55:00,MCX,,11:00:00,32A,C8Y150,03:05:00,J
496,1060,2025-05-11 00:00:00,2025-05-14 00:00:00,1 2 3 _ _ _ 7 ,SVO,B,07:40:00,OSW,,10:10:00,32A,C8Y150,02:30:00,J
497,1060,2025-05-15 00:00:00,2025-05-15 00:00:00,_ _ _ 4 _ _ _ ,SVO,B,07:40:00,OSW,,10:10:00,320,C20Y120,02:30:00,J
498,1061,2025-05-11 00:00:00,2025-05-11 00:00:00,_ _ _ _ _ _ 7 ,OSW,,11:20:00,SVO,B,13:50:00,32A,C8Y150,02:30:00,J
499,1061,2025-05-12 00:00:00,2025-05-14 00:00:00,1 2 3 _ _ _ _ ,OSW,,11:20:00,SVO,B,14:00:00,32A,C8Y150,02:40:00,J
500,1061,2025-05-15 00:00:00,2025-05-15 00:00:00,_ _ _ 4 _ _ _ ,OSW,,11:20:00,SVO,B,14:00:00,320,C20Y120,02:40:00,J
501,1074,2025-05-31 00:00:00,2025-05-31 00:00:00,_ _ _ _ _ 6 _ ,SVO,B,20:20:00,AER,,23:55:00,32A,C8Y150,03:35:00,J
502,1110,2025-05-11 00:00:00,2025-05-25 00:00:00,_ _ _ _ _ _ 7 ,SVO,B,22:55:00,AER,,02:30:00,32B,C16Y167,03:35:00,J
503,1110,2025-05-12 00:00:00,2025-05-29 00:00:00,1 _ 3 4 _ _ _ ,SVO,B,22:55:00,AER,,02:30:00,73H,C20Y138,03:35:00,J
504,1110,2025-05-13 00:00:00,2025-05-27 00:00:00,_ 2 _ _ _ _ _ ,SVO,B,22:55:00,AER,,02:30:00,32A,C8Y150,03:35:00,J
505,1111,2025-05-11 00:00:00,2025-05-11 00:00:00,_ _ _ _ _ _ 7 ,AER,,03:45:00,SVO,B,07:15:00,32A,C8Y150,03:30:00,J
506,1111,2025-05-12 00:00:00,2025-05-26 00:00:00,1 _ _ _ _ _ _ ,AER,,03:45:00,SVO,B,07:15:00,32B,C16Y167,03:30:00,J
507,1111,2025-05-13 00:00:00,2025-05-30 00:00:00,_ 2 _ _ 5 _ _ ,AER,,03:45:00,SVO,B,07:15:00,73H,C20Y138,03:30:00,J
508,1111,2025-05-14 00:00:00,2025-05-21 00:00:00,_ _ 3 _ _ _ _ ,AER,,03:45:00,SVO,B,07:15:00,32A,C8Y150,03:30:00,J
509,1111,2025-05-15 00:00:00,2025-05-29 00:00:00,_ _ _ 4 _ _ _ ,AER,,03:45:00,SVO,B,07:15:00,73H,C20Y138,03:30:00,J
510,1116,2025-05-11 00:00:00,2025-05-22 00:00:00,1 2 3 4 5 6 7 ,SVO,B,06:00:00,AER,,09:50:00,32B,C16Y167,03:50:00,J
511,1116,2025-05-23 00:00:00,2025-05-23 00:00:00,_ _ _ _ 5 _ _ ,SVO,B,06:00:00,AER,,09:50:00,32Q,C12Y184,03:50:00,J
512,1116,2025-05-24 00:00:00,2025-05-31 00:00:00,1 2 3 4 5 6 7 ,SVO,B,06:00:00,AER,,09:50:00,32B,C16Y167,03:50:00,J
513,1117,2025-05-11 00:00:00,2025-05-18 00:00:00,_ _ _ _ _ _ 7 ,AER,,11:35:00,SVO,B,15:15:00,32B,C16Y167,03:40:00,J
514,1117,2025-05-12 00:00:00,2025-05-31 00:00:00,1 _ 3 _ _ 6 _ ,AER,,11:35:00,SVO,B,15:20:00,32B,C16Y167,03:45:00,J
515,1117,2025-05-13 00:00:00,2025-05-16 00:00:00,_ 2 _ 4 5 _ _ ,AER,,11:35:00,SVO,B,15:20:00,32B,C16Y167,03:45:00,J
516,1117,2025-05-20 00:00:00,2025-05-22 00:00:00,_ 2 _ 4 _ _ _ ,AER,,11:35:00,SVO,B,15:20:00,32B,C16Y167,03:45:00,J
517,1117,2025-05-23 00:00:00,2025-05-23 00:00:00,_ _ _ _ 5 _ _ ,AER,,11:35:00,SVO,B,15:20:00,32Q,C12Y184,03:45:00,J
518,1117,2025-05-25 00:00:00,2025-05-30 00:00:00,_ 2 _ 4 5 _ 7 ,AER,,11:35:00,SVO,B,15:20:00,32B,C16Y167,03:45:00,J
519,1118,2025-05-11 00:00:00,2025-05-11 00:00:00,_ _ _ _ _ _ 7 ,SVO,B,14:20:00,AER,,18:10:00,32A,C8Y150,03:50:00,J
520,1118,2025-05-12 00:00:00,2025-05-26 00:00:00,1 2 3 4 5 6 _ ,SVO,B,14:20:00,AER,,18:10:00,32A,C8Y150,03:50:00,J
521,1118,2025-05-18 00:00:00,2025-05-18 00:00:00,_ _ _ _ _ _ 7 ,SVO,B,14:20:00,AER,,18:10:00,320,C20Y120,03:50:00,J
522,1118,2025-05-25 00:00:00,2025-05-31 00:00:00,_ _ _ 4 5 6 7 ,SVO,B,14:20:00,AER,,18:10:00,32A,C8Y150,03:50:00,J
523,1119,2025-05-11 00:00:00,2025-05-17 00:00:00,1 2 3 4 5 6 7 ,AER,,19:20:00,SVO,B,22:45:00,32A,C8Y150,03:25:00,J
524,1119,2025-05-18 00:00:00,2025-05-18 00:00:00,_ _ _ _ _ _ 7 ,AER,,19:20:00,SVO,B,22:45:00,320,C20Y120,03:25:00,J
525,1119,2025-05-19 00:00:00,2025-05-26 00:00:00,1 2 3 4 5 6 7 ,AER,,19:20:00,SVO,B,22:45:00,32A,C8Y150,03:25:00,J
526,1119,2025-05-28 00:00:00,2025-05-29 00:00:00,_ _ 3 4 _ _ _ ,AER,,19:20:00,SVO,B,22:45:00,32A,C8Y150,03:25:00,J
527,1122,2025-05-11 00:00:00,2025-05-28 00:00:00,_ 2 3 _ _ _ 7 ,SVO,B,07:50:00,AER,,11:40:00,32B,C16Y167,03:50:00,J
528,1122,2025-05-12 00:00:00,2025-05-26 00:00:00,1 _ _ 4 5 6 _ ,SVO,B,07:50:00,AER,,11:40:00,32B,C16Y167,03:50:00,J
529,1122,2025-05-29 00:00:00,2025-05-29 00:00:00,_ _ _ 4 _ _ _ ,SVO,B,07:50:00,AER,,11:40:00,32Q,C12Y184,03:50:00,J
530,1122,2025-05-30 00:00:00,2025-05-31 00:00:00,_ _ _ _ 5 6 _ ,SVO,B,07:50:00,AER,,11:40:00,32B,C16Y167,03:50:00,J
531,1123,2025-05-11 00:00:00,2025-05-31 00:00:00,_ _ _ _ _ 6 7 ,AER,,12:50:00,SVO,B,16:25:00,32B,C16Y167,03:35:00,J
532,1123,2025-05-12 00:00:00,2025-05-30 00:00:00,1 2 3 _ 5 _ _ ,AER,,12:50:00,SVO,B,16:35:00,32B,C16Y167,03:45:00,J
533,1123,2025-05-15 00:00:00,2025-05-22 00:00:00,_ _ _ 4 _ _ _ ,AER,,12:50:00,SVO,B,16:10:00,32B,C16Y167,03:20:00,J
534,1123,2025-05-29 00:00:00,2025-05-29 00:00:00,_ _ _ 4 _ _ _ ,AER,,12:50:00,SVO,B,16:15:00,32Q,C12Y184,03:25:00,J
535,1124,2025-05-11 00:00:00,2025-05-31 00:00:00,1 2 _ 4 5 6 7 ,SVO,B,09:40:00,AER,,13:30:00,32B,C16Y167,03:50:00,J
536,1124,2025-05-14 00:00:00,2025-05-28 00:00:00,_ _ 3 _ _ _ _ ,SVO,B,09:40:00,AER,,13:30:00,32B,C16Y167,03:50:00,J
537,1125,2025-05-11 00:00:00,2025-05-27 00:00:00,1 2 _ _ _ _ 7 ,AER,,14:40:00,SVO,B,18:10:00,32B,C16Y167,03:30:00,J
538,1125,2025-05-14 00:00:00,2025-05-28 00:00:00,_ _ 3 _ _ _ _ ,AER,,14:40:00,SVO,B,18:25:00,32B,C16Y167,03:45:00,J
539,1125,2025-05-15 00:00:00,2025-05-31 00:00:00,_ _ _ 4 5 6 _ ,AER,,14:40:00,SVO,B,18:05:00,32B,C16Y167,03:25:00,J
540,1128,2025-05-11 00:00:00,2025-05-25 00:00:00,_ _ _ _ _ _ 7 ,SVO,B,11:35:00,AER,,15:20:00,32A,C8Y150,03:45:00,J
541,1128,2025-05-12 00:00:00,2025-05-21 00:00:00,1 2 3 _ 5 6 _ ,SVO,B,11:30:00,AER,,15:20:00,32A,C8Y150,03:50:00,J
542,1128,2025-05-15 00:00:00,2025-05-29 00:00:00,_ _ _ 4 _ _ _ ,SVO,B,11:30:00,AER,,15:20:00,32A,C8Y150,03:50:00,J
543,1128,2025-05-23 00:00:00,2025-05-23 00:00:00,_ _ _ _ 5 _ _ ,SVO,B,11:30:00,AER,,15:20:00,32B,C16Y167,03:50:00,J
544,1128,2025-05-24 00:00:00,2025-05-31 00:00:00,1 2 3 _ 5 6 _ ,SVO,B,11:30:00,AER,,15:20:00,32A,C8Y150,03:50:00,J
545,1129,2025-05-11 00:00:00,2025-05-25 00:00:00,_ _ _ _ _ _ 7 ,AER,,17:10:00,SVO,B,20:45:00,32A,C8Y150,03:35:00,J
546,1129,2025-05-12 00:00:00,2025-06-30 00:00:00,1 _ _ _ _ _ _ ,AER,,17:10:00,SVO,B,20:40:00,32A,C8Y150,03:30:00,J
547,1129,2025-05-13 00:00:00,2025-05-21 00:00:00,_ 2 3 _ 5 6 _ ,AER,,17:10:00,SVO,B,20:45:00,32A,C8Y150,03:35:00,J
548,1129,2025-05-15 00:00:00,2025-05-29 00:00:00,_ _ _ 4 _ _ _ ,AER,,17:10:00,SVO,B,20:45:00,32A,C8Y150,03:35:00,J
549,1129,2025-05-23 00:00:00,2025-05-23 00:00:00,_ _ _ _ 5 _ _ ,AER,,17:10:00,SVO,B,20:45:00,32B,C16Y167,03:35:00,J
550,1129,2025-05-24 00:00:00,2025-05-30 00:00:00,_ 2 3 _ 5 6 _ ,AER,,17:10:00,SVO,B,20:45:00,32A,C8Y150,03:35:00,J
551,1129,2025-05-31 00:00:00,2025-06-29 00:00:00,_ 2 3 4 _ 6 7 ,AER,,17:10:00,SVO,B,20:45:00,32A,C8Y150,03:35:00,J
552,1130,2025-05-11 00:00:00,2025-05-16 00:00:00,_ _ 3 _ 5 _ 7 ,SVO,B,13:20:00,AER,,17:05:00,32B,C16Y167,03:45:00,J
553,1130,2025-05-12 00:00:00,2025-05-13 00:00:00,1 2 _ _ _ _ _ ,SVO,B,13:20:00,AER,,17:05:00,321,C28Y142,03:45:00,J
554,1130,2025-05-15 00:00:00,2025-05-15 00:00:00,_ _ _ 4 _ _ _ ,SVO,B,13:15:00,AER,,17:05:00,32B,C16Y167,03:50:00,J
555,1130,2025-05-17 00:00:00,2025-05-17 00:00:00,_ _ _ _ _ 6 _ ,SVO,B,13:20:00,AER,,17:05:00,321,C28Y142,03:45:00,J
556,1130,2025-05-18 00:00:00,2025-05-18 00:00:00,_ _ _ _ _ _ 7 ,SVO,B,13:20:00,AER,,17:05:00,32A,C8Y150,03:45:00,J
557,1130,2025-05-19 00:00:00,2025-05-27 00:00:00,1 2 3 _ 5 _ _ ,SVO,B,13:20:00,AER,,17:05:00,321,C28Y142,03:45:00,J
558,1130,2025-05-22 00:00:00,2025-05-29 00:00:00,_ _ _ 4 _ _ _ ,SVO,B,13:15:00,AER,,17:05:00,321,C28Y142,03:50:00,J
559,1130,2025-05-24 00:00:00,2025-05-28 00:00:00,_ _ 3 _ _ 6 _ ,SVO,B,13:20:00,AER,,17:05:00,73H,C20Y138,03:45:00,J
560,1130,2025-05-25 00:00:00,2025-05-25 00:00:00,_ _ _ _ _ _ 7 ,SVO,B,13:20:00,AER,,17:05:00,32B,C16Y167,03:45:00,J
561,1130,2025-05-30 00:00:00,2025-05-30 00:00:00,_ _ _ _ 5 _ _ ,SVO,B,13:20:00,AER,,17:05:00,321,C28Y142,03:45:00,J
562,1130,2025-05-31 00:00:00,2025-05-31 00:00:00,_ _ _ _ _ 6 _ ,SVO,B,13:20:00,AER,,17:05:00,32A,C8Y150,03:45:00,J
563,1131,2025-05-11 00:00:00,2025-05-16 00:00:00,_ _ 3 4 5 _ 7 ,AER,,18:15:00,SVO,B,21:45:00,32B,C16Y167,03:30:00,J
564,1131,2025-05-12 00:00:00,2025-05-13 00:00:00,1 2 _ _ _ _ _ ,AER,,18:15:00,SVO,B,21:45:00,321,C28Y142,03:30:00,J
565,1131,2025-05-17 00:00:00,2025-05-22 00:00:00,_ _ 3 4 _ 6 _ ,AER,,18:15:00,SVO,B,21:45:00,321,C28Y142,03:30:00,J
566,1131,2025-05-18 00:00:00,2025-05-18 00:00:00,_ _ _ _ _ _ 7 ,AER,,18:15:00,SVO,B,21:45:00,32A,C8Y150,03:30:00,J
567,1131,2025-05-19 00:00:00,2025-05-30 00:00:00,1 2 _ _ 5 _ _ ,AER,,18:15:00,SVO,B,21:45:00,321,C28Y142,03:30:00,J
568,1131,2025-05-24 00:00:00,2025-05-28 00:00:00,_ _ 3 _ _ 6 _ ,AER,,18:15:00,SVO,B,21:45:00,73H,C20Y138,03:30:00,J
569,1131,2025-05-25 00:00:00,2025-05-25 00:00:00,_ _ _ _ _ _ 7 ,AER,,18:15:00,SVO,B,21:45:00,32B,C16Y167,03:30:00,J
570,1131,2025-05-29 00:00:00,2025-05-29 00:00:00,_ _ _ 4 _ _ _ ,AER,,18:15:00,SVO,B,21:45:00,321,C28Y142,03:30:00,J
571,1131,2025-05-31 00:00:00,2025-05-31 00:00:00,_ _ _ _ _ 6 _ ,AER,,18:15:00,SVO,B,21:45:00,32A,C8Y150,03:30:00,J
572,1132,2025-05-11 00:00:00,2025-05-25 00:00:00,_ _ _ _ _ _ 7 ,SVO,B,11:20:00,AER,,15:10:00,32B,C16Y167,03:50:00,J
573,1132,2025-05-12 00:00:00,2025-05-15 00:00:00,1 2 3 4 _ _ _ ,SVO,B,11:20:00,AER,,15:10:00,32B,C16Y167,03:50:00,J
574,1132,2025-05-16 00:00:00,2025-05-16 00:00:00,_ _ _ _ 5 _ _ ,SVO,B,11:20:00,AER,,15:10:00,32A,C8Y150,03:50:00,J
575,1132,2025-05-17 00:00:00,2025-05-26 00:00:00,1 2 3 4 5 6 _ ,SVO,B,11:20:00,AER,,15:10:00,32B,C16Y167,03:50:00,J
576,1132,2025-05-27 00:00:00,2025-05-30 00:00:00,_ 2 _ _ 5 _ _ ,SVO,B,11:20:00,AER,,15:10:00,32A,C8Y150,03:50:00,J
577,1132,2025-05-28 00:00:00,2025-05-31 00:00:00,_ _ 3 4 _ 6 _ ,SVO,B,11:20:00,AER,,15:10:00,32B,C16Y167,03:50:00,J
578,1133,2025-05-11 00:00:00,2025-05-25 00:00:00,_ _ _ _ _ _ 7 ,AER,,16:20:00,SVO,B,20:05:00,32B,C16Y167,03:45:00,J
579,1133,2025-05-12 00:00:00,2025-05-15 00:00:00,1 2 3 4 _ _ _ ,AER,,16:20:00,SVO,B,20:05:00,32B,C16Y167,03:45:00,J
580,1133,2025-05-16 00:00:00,2025-05-16 00:00:00,_ _ _ _ 5 _ _ ,AER,,16:20:00,SVO,B,20:05:00,32A,C8Y150,03:45:00,J
581,1133,2025-05-17 00:00:00,2025-05-26 00:00:00,1 2 3 4 5 6 _ ,AER,,16:20:00,SVO,B,20:05:00,32B,C16Y167,03:45:00,J
582,1133,2025-05-27 00:00:00,2025-05-30 00:00:00,_ 2 _ _ 5 _ _ ,AER,,16:20:00,SVO,B,20:05:00,32A,C8Y150,03:45:00,J
583,1133,2025-05-28 00:00:00,2025-05-31 00:00:00,_ _ 3 4 _ 6 _ ,AER,,16:20:00,SVO,B,20:05:00,32B,C16Y167,03:45:00,J
584,1134,2025-05-12 00:00:00,2025-05-22 00:00:00,1 2 3 4 5 _ _ ,SVO,B,04:20:00,AER,,08:10:00,32A,C8Y150,03:50:00,J
585,1134,2025-05-23 00:00:00,2025-05-23 00:00:00,_ _ _ _ 5 _ _ ,SVO,B,04:20:00,AER,,08:10:00,32A,C8Y150,03:50:00,J
586,1134,2025-05-26 00:00:00,2025-05-29 00:00:00,1 2 _ 4 _ _ _ ,SVO,B,04:25:00,AER,,08:10:00,32A,C8Y150,03:45:00,J
587,1134,2025-05-28 00:00:00,2025-05-28 00:00:00,_ _ 3 _ _ _ _ ,SVO,B,04:30:00,AER,,08:10:00,32A,C8Y150,03:40:00,J
588,1134,2025-05-30 00:00:00,2025-05-30 00:00:00,_ _ _ _ 5 _ _ ,SVO,B,04:20:00,AER,,08:10:00,32B,C16Y167,03:50:00,J
589,1135,2025-05-12 00:00:00,2025-05-29 00:00:00,1 2 3 4 5 _ _ ,AER,,09:15:00,SVO,B,12:45:00,32A,C8Y150,03:30:00,J
590,1135,2025-05-30 00:00:00,2025-05-30 00:00:00,_ _ _ _ 5 _ _ ,AER,,09:15:00,SVO,B,12:45:00,32B,C16Y167,03:30:00,J
591,1136,2025-05-11 00:00:00,2025-05-23 00:00:00,1 2 _ 4 5 _ 7 ,SVO,B,07:15:00,AER,,11:05:00,32B,C16Y167,03:50:00,J
592,1136,2025-05-14 00:00:00,2025-05-31 00:00:00,_ _ 3 _ _ 6 _ ,SVO,B,07:15:00,AER,,11:05:00,32B,C16Y167,03:50:00,J
593,1136,2025-05-25 00:00:00,2025-05-25 00:00:00,_ _ _ _ _ _ 7 ,SVO,B,07:15:00,AER,,11:05:00,73H,C20Y138,03:50:00,J
594,1136,2025-05-26 00:00:00,2025-05-30 00:00:00,1 2 _ 4 5 _ _ ,SVO,B,07:15:00,AER,,11:05:00,32B,C16Y167,03:50:00,J
595,1137,2025-05-11 00:00:00,2025-05-21 00:00:00,_ _ 3 _ _ _ 7 ,AER,,12:15:00,SVO,B,15:50:00,32B,C16Y167,03:35:00,J
596,1137,2025-05-12 00:00:00,2025-05-31 00:00:00,1 2 _ _ 5 6 _ ,AER,,12:15:00,SVO,B,15:50:00,32B,C16Y167,03:35:00,J
597,1137,2025-05-15 00:00:00,2025-05-29 00:00:00,_ _ _ 4 _ _ _ ,AER,,12:15:00,SVO,B,15:45:00,32B,C16Y167,03:30:00,J
598,1137,2025-05-25 00:00:00,2025-05-25 00:00:00,_ _ _ _ _ _ 7 ,AER,,12:15:00,SVO,B,15:50:00,73H,C20Y138,03:35:00,J
599,1137,2025-05-28 00:00:00,2025-05-28 00:00:00,_ _ 3 _ _ _ _ ,AER,,12:15:00,SVO,B,15:50:00,32B,C16Y167,03:35:00,J
600,1138,2025-05-12 00:00:00,2025-05-13 00:00:00,1 2 _ _ _ _ _ ,SVO,B,03:35:00,AER,,07:15:00,321,C28Y142,03:40:00,J
601,1138,2025-05-14 00:00:00,2025-05-14 00:00:00,_ _ 3 _ _ _ _ ,SVO,B,03:35:00,AER,,07:15:00,32B,C16Y167,03:40:00,J
602,1138,2025-05-15 00:00:00,2025-05-30 00:00:00,1 2 3 4 5 _ _ ,SVO,B,03:35:00,AER,,07:15:00,321,C28Y142,03:40:00,J
603,1139,2025-05-12 00:00:00,2025-05-13 00:00:00,1 2 _ _ _ _ _ ,AER,,08:25:00,SVO,B,12:05:00,321,C28Y142,03:40:00,J
604,1139,2025-05-14 00:00:00,2025-05-14 00:00:00,_ _ 3 _ _ _ _ ,AER,,08:25:00,SVO,B,12:05:00,32B,C16Y167,03:40:00,J
605,1139,2025-05-15 00:00:00,2025-05-16 00:00:00,_ _ _ 4 5 _ _ ,AER,,08:25:00,SVO,B,12:00:00,321,C28Y142,03:35:00,J
606,1139,2025-05-19 00:00:00,2025-05-29 00:00:00,1 2 _ 4 _ _ _ ,AER,,08:25:00,SVO,B,12:05:00,321,C28Y142,03:40:00,J
607,1139,2025-05-21 00:00:00,2025-05-21 00:00:00,_ _ 3 _ _ _ _ ,AER,,08:25:00,SVO,B,12:05:00,321,C28Y142,03:40:00,J
608,1139,2025-05-23 00:00:00,2025-05-30 00:00:00,_ _ _ _ 5 _ _ ,AER,,08:25:00,SVO,B,12:05:00,321,C28Y142,03:40:00,J
609,1139,2025-05-28 00:00:00,2025-05-28 00:00:00,_ _ 3 _ _ _ _ ,AER,,08:25:00,SVO,B,12:00:00,321,C28Y142,03:35:00,J
610,1140,2025-05-11 00:00:00,2025-05-11 00:00:00,_ _ _ _ _ _ 7 ,SVO,B,16:50:00,AER,,20:40:00,73H,C20Y138,03:50:00,J
611,1140,2025-05-12 00:00:00,2025-05-26 00:00:00,1 _ _ _ _ _ _ ,SVO,B,16:35:00,AER,,20:25:00,32A,C8Y150,03:50:00,J
612,1140,2025-05-13 00:00:00,2025-05-27 00:00:00,_ 2 _ _ _ 6 _ ,SVO,B,16:35:00,AER,,20:25:00,73H,C20Y138,03:50:00,J
613,1140,2025-05-14 00:00:00,2025-05-29 00:00:00,_ _ 3 4 _ _ _ ,SVO,B,16:35:00,AER,,20:25:00,32A,C8Y150,03:50:00,J
614,1140,2025-05-16 00:00:00,2025-05-30 00:00:00,_ _ _ _ 5 _ _ ,SVO,B,16:35:00,AER,,20:25:00,73H,C20Y138,03:50:00,J
615,1140,2025-05-18 00:00:00,2025-05-18 00:00:00,_ _ _ _ _ _ 7 ,SVO,B,17:05:00,AER,,20:50:00,73H,C20Y138,03:45:00,J
616,1140,2025-05-25 00:00:00,2025-05-25 00:00:00,_ _ _ _ _ _ 7 ,SVO,B,16:35:00,AER,,20:25:00,73H,C20Y138,03:50:00,J
617,1140,2025-05-31 00:00:00,2025-05-31 00:00:00,_ _ _ _ _ 6 _ ,SVO,B,16:35:00,AER,,20:25:00,32A,C8Y150,03:50:00,J
618,1141,2025-05-11 00:00:00,2025-05-25 00:00:00,_ _ _ _ _ _ 7 ,AER,,03:20:00,SVO,B,06:45:00,73H,C20Y138,03:25:00,J
619,1141,2025-05-12 00:00:00,2025-05-31 00:00:00,1 _ 3 _ _ 6 _ ,AER,,03:20:00,SVO,B,06:50:00,73H,C20Y138,03:30:00,J
620,1141,2025-05-13 00:00:00,2025-05-30 00:00:00,_ 2 _ _ 5 _ _ ,AER,,03:20:00,SVO,B,06:50:00,32A,C8Y150,03:30:00,J
621,1141,2025-05-15 00:00:00,2025-05-29 00:00:00,_ _ _ 4 _ _ _ ,AER,,03:20:00,SVO,B,06:50:00,32A,C8Y150,03:30:00,J
622,1172,2025-05-11 00:00:00,2025-05-31 00:00:00,1 2 3 4 _ 6 7 ,SVO,B,23:10:00,ASF,,02:00:00,32A,C8Y150,02:50:00,J
623,1172,2025-05-16 00:00:00,2025-05-30 00:00:00,_ _ _ _ 5 _ _ ,SVO,B,23:10:00,ASF,,02:00:00,32A,C8Y150,02:50:00,J
624,1173,2025-05-17 00:00:00,2025-06-28 00:00:00,_ _ _ _ _ 6 _ ,ASF,,03:20:00,SVO,B,06:10:00,32A,C8Y150,02:50:00,J
625,1174,2025-05-11 00:00:00,2025-05-11 00:00:00,_ _ _ _ _ _ 7 ,SVO,B,12:20:00,ASF,,15:00:00,32B,C16Y167,02:40:00,J
626,1174,2025-05-12 00:00:00,2025-05-18 00:00:00,1 _ _ _ _ 6 7 ,SVO,B,12:20:00,ASF,,15:00:00,32A,C8Y150,02:40:00,J
627,1174,2025-05-13 00:00:00,2025-05-16 00:00:00,_ 2 3 4 5 _ _ ,SVO,B,12:20:00,ASF,,15:00:00,73H,C20Y138,02:40:00,J
628,1174,2025-05-19 00:00:00,2025-05-20 00:00:00,1 2 _ _ _ _ _ ,SVO,B,12:20:00,ASF,,15:00:00,73H,C20Y138,02:40:00,J
629,1174,2025-05-21 00:00:00,2025-05-25 00:00:00,_ _ 3 _ 5 _ 7 ,SVO,B,12:20:00,ASF,,15:00:00,32A,C8Y150,02:40:00,J
630,1174,2025-05-24 00:00:00,2025-05-24 00:00:00,_ _ _ _ _ 6 _ ,SVO,B,12:20:00,ASF,,15:00:00,32B,C16Y167,02:40:00,J
631,1174,2025-05-30 00:00:00,2025-06-27 00:00:00,_ _ _ _ 5 _ _ ,SVO,B,12:20:00,ASF,,15:00:00,73H,C20Y138,02:40:00,J
632,1174,2025-05-31 00:00:00,2025-05-31 00:00:00,_ _ _ _ _ 6 _ ,SVO,B,12:20:00,ASF,,15:00:00,320,C20Y120,02:40:00,J
633,1175,2025-05-11 00:00:00,2025-05-11 00:00:00,_ _ _ _ _ _ 7 ,ASF,,15:50:00,SVO,B,18:50:00,32B,C16Y167,03:00:00,J
634,1175,2025-05-12 00:00:00,2025-05-18 00:00:00,1 _ _ _ _ 6 7 ,ASF,,15:50:00,SVO,B,18:50:00,32A,C8Y150,03:00:00,J
635,1175,2025-05-13 00:00:00,2025-05-16 00:00:00,_ 2 3 4 5 _ _ ,ASF,,15:50:00,SVO,B,18:50:00,73H,C20Y138,03:00:00,J
636,1175,2025-05-19 00:00:00,2025-05-20 00:00:00,1 2 _ _ _ _ _ ,ASF,,15:50:00,SVO,B,18:50:00,73H,C20Y138,03:00:00,J
637,1175,2025-05-21 00:00:00,2025-05-25 00:00:00,_ _ 3 _ 5 _ 7 ,ASF,,15:50:00,SVO,B,18:50:00,32A,C8Y150,03:00:00,J
638,1175,2025-05-22 00:00:00,2025-05-29 00:00:00,1 2 _ 4 _ _ _ ,ASF,,15:50:00,SVO,B,18:50:00,73H,C20Y138,03:00:00,J
639,1175,2025-05-24 00:00:00,2025-05-24 00:00:00,_ _ _ _ _ 6 _ ,ASF,,15:50:00,SVO,B,18:50:00,32B,C16Y167,03:00:00,J
640,1175,2025-05-28 00:00:00,2025-05-30 00:00:00,_ _ 3 _ 5 _ _ ,ASF,,15:50:00,SVO,B,18:50:00,73H,C20Y138,03:00:00,J
641,1175,2025-05-31 00:00:00,2025-05-31 00:00:00,_ _ _ _ _ 6 _ ,ASF,,15:50:00,SVO,B,18:50:00,320,C20Y120,03:00:00,J
642,1176,2025-05-11 00:00:00,2025-05-11 00:00:00,_ _ _ _ _ _ 7 ,SVO,B,10:25:00,AER,,14:15:00,32B,C16Y167,03:50:00,J
643,1176,2025-05-12 00:00:00,2025-05-31 00:00:00,1 _ 3 _ _ 6 _ ,SVO,B,10:25:00,AER,,14:15:00,32A,C8Y150,03:50:00,J
644,1176,2025-05-13 00:00:00,2025-05-30 00:00:00,_ 2 _ 4 5 _ _ ,SVO,B,10:25:00,AER,,14:15:00,32A,C8Y150,03:50:00,J
645,1176,2025-05-18 00:00:00,2025-05-18 00:00:00,_ _ _ _ _ _ 7 ,SVO,B,10:25:00,AER,,14:15:00,321,C28Y142,03:50:00,J
646,1176,2025-05-25 00:00:00,2025-05-25 00:00:00,_ _ _ _ _ _ 7 ,SVO,B,10:25:00,AER,,14:15:00,32A,C8Y150,03:50:00,J
647,1177,2025-05-11 00:00:00,2025-05-11 00:00:00,_ _ _ _ _ _ 7 ,AER,,15:30:00,SVO,B,19:10:00,32B,C16Y167,03:40:00,J
648,1177,2025-05-12 00:00:00,2025-05-28 00:00:00,1 _ 3 _ _ 6 _ ,AER,,15:30:00,SVO,B,19:10:00,32A,C8Y150,03:40:00,J
649,1177,2025-05-13 00:00:00,2025-05-30 00:00:00,_ 2 _ 4 5 _ _ ,AER,,15:30:00,SVO,B,19:10:00,32A,C8Y150,03:40:00,J
650,1177,2025-05-18 00:00:00,2025-05-18 00:00:00,_ _ _ _ _ _ 7 ,AER,,15:30:00,SVO,B,19:10:00,321,C28Y142,03:40:00,J
651,1177,2025-05-25 00:00:00,2025-05-31 00:00:00,_ _ _ _ _ 6 7 ,AER,,15:30:00,SVO,B,19:10:00,32A,C8Y150,03:40:00,J
652,1180,2025-05-11 00:00:00,2025-05-16 00:00:00,1 _ _ _ 5 _ 7 ,SVO,B,04:25:00,VOG,C2,06:30:00,32B,C16Y167,02:05:00,J
653,1180,2025-05-13 00:00:00,2025-05-14 00:00:00,_ 2 3 _ _ _ _ ,SVO,B,04:25:00,VOG,C2,06:30:00,32A,C8Y150,02:05:00,J
654,1180,2025-05-15 00:00:00,2025-05-29 00:00:00,_ _ _ 4 _ 6 _ ,SVO,B,04:25:00,VOG,C2,06:30:00,32A,C8Y150,02:05:00,J
655,1181,2025-05-11 00:00:00,2025-05-16 00:00:00,1 _ _ _ 5 _ 7 ,VOG,C2,07:30:00,SVO,B,09:30:00,32B,C16Y167,02:00:00,J
656,1181,2025-05-13 00:00:00,2025-05-14 00:00:00,_ 2 3 _ _ _ _ ,VOG,C2,07:30:00,SVO,B,09:30:00,32A,C8Y150,02:00:00,J
657,1181,2025-05-15 00:00:00,2025-05-29 00:00:00,_ _ _ 4 _ 6 _ ,VOG,C2,07:30:00,SVO,B,09:30:00,32A,C8Y150,02:00:00,J
658,1182,2025-05-11 00:00:00,2025-05-15 00:00:00,1 2 3 4 _ _ 7 ,SVO,B,11:55:00,VOG,C2,13:50:00,32A,C8Y150,01:55:00,J
659,1182,2025-05-16 00:00:00,2025-05-16 00:00:00,_ _ _ _ 5 _ _ ,SVO,B,11:55:00,VOG,C2,13:50:00,32B,C16Y167,01:55:00,J
660,1182,2025-05-17 00:00:00,2025-05-31 00:00:00,1 2 3 4 5 6 7 ,SVO,B,11:55:00,VOG,C2,13:50:00,32A,C8Y150,01:55:00,J
661,1183,2025-05-11 00:00:00,2025-05-15 00:00:00,1 2 3 4 _ _ 7 ,VOG,C2,14:50:00,SVO,B,17:00:00,32A,C8Y150,02:10:00,J
662,1183,2025-05-16 00:00:00,2025-05-16 00:00:00,_ _ _ _ 5 _ _ ,VOG,C2,14:50:00,SVO,B,17:00:00,32B,C16Y167,02:10:00,J
663,1183,2025-05-17 00:00:00,2025-05-31 00:00:00,1 2 3 4 5 6 7 ,VOG,C2,14:50:00,SVO,B,17:00:00,32A,C8Y150,02:10:00,J
664,1186,2025-05-11 00:00:00,2025-05-17 00:00:00,1 2 3 4 5 6 7 ,SVO,B,14:25:00,VOG,C2,16:25:00,32A,C8Y150,02:00:00,J
665,1186,2025-05-18 00:00:00,2025-05-18 00:00:00,_ _ _ _ _ _ 7 ,SVO,B,14:25:00,VOG,C2,16:25:00,32N,C12Y144,02:00:00,J
666,1186,2025-05-19 00:00:00,2025-05-22 00:00:00,1 2 3 4 _ _ _ ,SVO,B,14:25:00,VOG,C2,16:25:00,32A,C8Y150,02:00:00,J
667,1186,2025-05-23 00:00:00,2025-05-30 00:00:00,_ _ _ _ 5 6 _ ,SVO,B,14:25:00,VOG,C2,16:25:00,32B,C16Y167,02:00:00,J
668,1186,2025-05-25 00:00:00,2025-05-25 00:00:00,_ _ _ _ _ _ 7 ,SVO,B,14:25:00,VOG,C2,16:25:00,320,C20Y120,02:00:00,J
669,1186,2025-05-26 00:00:00,2025-06-02 00:00:00,1 2 3 4 _ _ 7 ,SVO,B,14:25:00,VOG,C2,16:25:00,32A,C8Y150,02:00:00,J
670,1186,2025-05-31 00:00:00,2025-05-31 00:00:00,_ _ _ _ _ 6 _ ,SVO,B,14:25:00,VOG,C2,16:25:00,73H,C20Y138,02:00:00,J
671,1187,2025-05-11 00:00:00,2025-05-17 00:00:00,1 2 3 4 5 6 7 ,VOG,C2,17:20:00,SVO,B,19:25:00,32A,C8Y150,02:05:00,J
672,1187,2025-05-18 00:00:00,2025-05-18 00:00:00,_ _ _ _ _ _ 7 ,VOG,C2,17:20:00,SVO,B,19:25:00,32N,C12Y144,02:05:00,J
673,1187,2025-05-19 00:00:00,2025-05-22 00:00:00,1 2 3 4 _ _ _ ,VOG,C2,17:20:00,SVO,B,19:25:00,32A,C8Y150,02:05:00,J
674,1187,2025-05-23 00:00:00,2025-05-30 00:00:00,_ _ _ _ 5 6 _ ,VOG,C2,17:20:00,SVO,B,19:25:00,32B,C16Y167,02:05:00,J
675,1187,2025-05-25 00:00:00,2025-05-25 00:00:00,_ _ _ _ _ _ 7 ,VOG,C2,17:20:00,SVO,B,19:25:00,320,C20Y120,02:05:00,J
676,1187,2025-05-26 00:00:00,2025-06-02 00:00:00,1 2 3 4 _ _ 7 ,VOG,C2,17:20:00,SVO,B,19:25:00,32A,C8Y150,02:05:00,J
677,1187,2025-05-31 00:00:00,2025-05-31 00:00:00,_ _ _ _ _ 6 _ ,VOG,C2,17:20:00,SVO,B,19:25:00,73H,C20Y138,02:05:00,J
678,1188,2025-05-11 00:00:00,2025-05-31 00:00:00,1 2 3 4 5 6 7 ,SVO,B,16:05:00,VOG,C2,18:05:00,32A,C8Y150,02:00:00,J
679,1189,2025-05-11 00:00:00,2025-05-29 00:00:00,_ _ _ 4 _ _ 7 ,VOG,C2,19:00:00,SVO,B,21:05:00,32A,C8Y150,02:05:00,J
680,1189,2025-05-12 00:00:00,2025-05-30 00:00:00,1 2 3 _ 5 6 _ ,VOG,C2,19:00:00,SVO,B,21:05:00,32A,C8Y150,02:05:00,J
681,1190,2025-05-11 00:00:00,2025-05-11 00:00:00,_ _ _ _ _ _ 7 ,SVO,B,06:10:00,KZN,1,07:50:00,32A,C8Y150,01:40:00,J
682,1190,2025-05-12 00:00:00,2025-05-16 00:00:00,1 2 _ _ 5 _ _ ,SVO,B,06:10:00,KZN,1,07:50:00,32B,C16Y167,01:40:00,J
683,1190,2025-05-14 00:00:00,2025-05-14 00:00:00,_ _ 3 _ _ _ _ ,SVO,B,06:10:00,KZN,1,07:50:00,321,C28Y142,01:40:00,J
684,1190,2025-05-15 00:00:00,2025-05-15 00:00:00,_ _ _ 4 _ _ _ ,SVO,B,06:10:00,KZN,1,07:50:00,320,C20Y120,01:40:00,J
685,1190,2025-05-17 00:00:00,2025-05-17 00:00:00,_ _ _ _ _ 6 _ ,SVO,B,06:05:00,KZN,1,07:50:00,32B,C16Y167,01:45:00,J
686,1190,2025-05-18 00:00:00,2025-05-19 00:00:00,1 _ _ _ _ _ 7 ,SVO,B,06:10:00,KZN,1,07:50:00,32A,C8Y150,01:40:00,J
687,1190,2025-05-20 00:00:00,2025-05-29 00:00:00,1 2 3 4 _ _ 7 ,SVO,B,06:10:00,KZN,1,07:50:00,32A,C8Y150,01:40:00,J
688,1190,2025-05-23 00:00:00,2025-05-23 00:00:00,_ _ _ _ 5 _ _ ,SVO,B,06:10:00,KZN,1,07:50:00,32B,C16Y167,01:40:00,J
689,1190,2025-05-24 00:00:00,2025-05-31 00:00:00,_ _ _ _ _ 6 _ ,SVO,B,06:05:00,KZN,1,07:50:00,32A,C8Y150,01:45:00,J
690,1190,2025-05-30 00:00:00,2025-05-30 00:00:00,_ _ _ _ 5 _ _ ,SVO,B,06:10:00,KZN,1,07:50:00,32A,C8Y150,01:40:00,J
691,1191,2025-05-11 00:00:00,2025-05-11 00:00:00,_ _ _ _ _ _ 7 ,KZN,1,08:40:00,SVO,B,10:25:00,32A,C8Y150,01:45:00,J
692,1191,2025-05-12 00:00:00,2025-05-17 00:00:00,1 2 _ _ 5 6 _ ,KZN,1,08:40:00,SVO,B,10:25:00,32B,C16Y167,01:45:00,J
693,1191,2025-05-14 00:00:00,2025-05-14 00:00:00,_ _ 3 _ _ _ _ ,KZN,1,08:40:00,SVO,B,10:25:00,321,C28Y142,01:45:00,J
694,1191,2025-05-15 00:00:00,2025-05-15 00:00:00,_ _ _ 4 _ _ _ ,KZN,1,08:40:00,SVO,B,10:25:00,320,C20Y120,01:45:00,J
695,1191,2025-05-18 00:00:00,2025-05-31 00:00:00,1 2 3 4 _ 6 7 ,KZN,1,08:40:00,SVO,B,10:25:00,32A,C8Y150,01:45:00,J
696,1191,2025-05-23 00:00:00,2025-05-23 00:00:00,_ _ _ _ 5 _ _ ,KZN,1,08:40:00,SVO,B,10:20:00,32B,C16Y167,01:40:00,J
697,1191,2025-05-30 00:00:00,2025-05-30 00:00:00,_ _ _ _ 5 _ _ ,KZN,1,08:40:00,SVO,B,10:25:00,32A,C8Y150,01:45:00,J
698,1192,2025-05-11 00:00:00,2025-05-12 00:00:00,1 _ _ _ _ _ 7 ,SVO,B,13:10:00,KZN,1,14:45:00,32A,C8Y150,01:35:00,J
699,1192,2025-05-13 00:00:00,2025-05-19 00:00:00,1 2 _ _ _ 6 7 ,SVO,B,13:10:00,KZN,1,14:45:00,32B,C16Y167,01:35:00,J
700,1192,2025-05-14 00:00:00,2025-05-16 00:00:00,_ _ 3 4 5 _ _ ,SVO,B,13:10:00,KZN,1,14:45:00,321,C28Y142,01:35:00,J
701,1192,2025-05-20 00:00:00,2025-05-26 00:00:00,1 2 _ _ _ _ 7 ,SVO,B,13:10:00,KZN,1,14:45:00,32A,C8Y150,01:35:00,J
702,1192,2025-05-21 00:00:00,2025-05-24 00:00:00,_ _ 3 4 5 6 _ ,SVO,B,13:10:00,KZN,1,14:45:00,32A,C8Y150,01:35:00,J
703,1192,2025-05-27 00:00:00,2025-05-31 00:00:00,_ 2 _ _ _ 6 _ ,SVO,B,13:10:00,KZN,1,14:45:00,32B,C16Y167,01:35:00,J
704,1192,2025-05-28 00:00:00,2025-05-28 00:00:00,_ _ 3 _ _ _ _ ,SVO,B,13:10:00,KZN,1,14:45:00,321,C28Y142,01:35:00,J
705,1192,2025-05-29 00:00:00,2025-05-29 00:00:00,_ _ _ 4 _ _ _ ,SVO,B,13:10:00,KZN,1,14:45:00,32A,C8Y150,01:35:00,J
706,1192,2025-05-30 00:00:00,2025-06-13 00:00:00,_ _ 3 _ 5 _ _ ,SVO,B,13:10:00,KZN,1,14:45:00,32A,C8Y150,01:35:00,J
707,1193,2025-05-11 00:00:00,2025-05-12 00:00:00,1 _ _ _ _ _ 7 ,KZN,1,15:40:00,SVO,B,17:30:00,32A,C8Y150,01:50:00,J
708,1193,2025-05-13 00:00:00,2025-05-19 00:00:00,1 2 _ _ _ 6 7 ,KZN,1,15:40:00,SVO,B,17:30:00,32B,C16Y167,01:50:00,J
709,1193,2025-05-14 00:00:00,2025-05-16 00:00:00,_ _ 3 4 5 _ _ ,KZN,1,15:40:00,SVO,B,17:30:00,321,C28Y142,01:50:00,J
710,1193,2025-05-20 00:00:00,2025-05-25 00:00:00,_ 2 _ _ _ _ 7 ,KZN,1,15:40:00,SVO,B,17:30:00,32A,C8Y150,01:50:00,J
711,1193,2025-05-21 00:00:00,2025-05-26 00:00:00,1 _ 3 _ 5 _ _ ,KZN,1,15:40:00,SVO,B,17:30:00,32A,C8Y150,01:50:00,J
712,1193,2025-05-22 00:00:00,2025-05-29 00:00:00,_ _ _ 4 _ 6 _ ,KZN,1,15:40:00,SVO,B,17:30:00,32A,C8Y150,01:50:00,J
713,1193,2025-05-27 00:00:00,2025-05-31 00:00:00,_ 2 _ _ _ 6 _ ,KZN,1,15:40:00,SVO,B,17:30:00,32B,C16Y167,01:50:00,J
714,1193,2025-05-28 00:00:00,2025-05-28 00:00:00,_ _ 3 _ _ _ _ ,KZN,1,15:40:00,SVO,B,17:30:00,321,C28Y142,01:50:00,J
715,1193,2025-05-30 00:00:00,2025-05-30 00:00:00,_ _ _ _ 5 _ _ ,KZN,1,15:40:00,SVO,B,17:30:00,32A,C8Y150,01:50:00,J
716,1194,2025-05-11 00:00:00,2025-05-12 00:00:00,1 _ _ _ _ _ 7 ,SVO,B,16:20:00,KZN,1,18:05:00,32B,C16Y167,01:45:00,J
717,1194,2025-05-13 00:00:00,2025-05-16 00:00:00,_ 2 3 4 5 _ _ ,SVO,B,16:20:00,KZN,1,18:05:00,321,C28Y142,01:45:00,J
718,1194,2025-05-18 00:00:00,2025-05-18 00:00:00,_ _ _ _ _ _ 7 ,SVO,B,16:20:00,KZN,1,18:05:00,73H,C20Y138,01:45:00,J
719,1194,2025-05-19 00:00:00,2025-05-30 00:00:00,1 2 3 4 5 _ _ ,SVO,B,16:20:00,KZN,1,18:05:00,32A,C8Y150,01:45:00,J
720,1194,2025-05-25 00:00:00,2025-05-25 00:00:00,_ _ _ _ _ _ 7 ,SVO,B,16:20:00,KZN,1,18:05:00,32B,C16Y167,01:45:00,J
721,1195,2025-05-11 00:00:00,2025-05-12 00:00:00,1 _ _ _ _ _ 7 ,KZN,1,18:55:00,SVO,B,20:40:00,32B,C16Y167,01:45:00,J
722,1195,2025-05-13 00:00:00,2025-05-16 00:00:00,_ 2 3 4 5 _ _ ,KZN,1,18:55:00,SVO,B,20:40:00,321,C28Y142,01:45:00,J
723,1195,2025-05-18 00:00:00,2025-05-18 00:00:00,_ _ _ _ _ _ 7 ,KZN,1,18:55:00,SVO,B,20:40:00,73H,C20Y138,01:45:00,J
724,1195,2025-05-19 00:00:00,2025-05-29 00:00:00,1 2 3 4 _ _ _ ,KZN,1,18:55:00,SVO,B,20:40:00,32A,C8Y150,01:45:00,J
725,1195,2025-05-23 00:00:00,2025-05-23 00:00:00,_ _ _ _ 5 _ _ ,KZN,1,18:55:00,SVO,B,20:40:00,32A,C8Y150,01:45:00,J
726,1195,2025-05-25 00:00:00,2025-05-25 00:00:00,_ _ _ _ _ _ 7 ,KZN,1,18:55:00,SVO,B,20:40:00,32B,C16Y167,01:45:00,J
727,1195,2025-05-30 00:00:00,2025-06-20 00:00:00,1 _ _ _ 5 _ 7 ,KZN,1,18:55:00,SVO,B,20:40:00,32A,C8Y150,01:45:00,J
728,1198,2025-05-11 00:00:00,2025-05-12 00:00:00,1 _ _ _ _ _ 7 ,SVO,B,19:15:00,KZN,1,20:55:00,32A,C8Y150,01:40:00,J
729,1198,2025-05-13 00:00:00,2025-05-14 00:00:00,_ 2 3 _ _ _ _ ,SVO,B,19:15:00,KZN,1,20:55:00,32B,C16Y167,01:40:00,J
730,1199,2025-05-11 00:00:00,2025-05-13 00:00:00,1 2 _ _ _ _ 7 ,KZN,1,03:45:00,SVO,B,05:20:00,32A,C8Y150,01:35:00,J
731,1199,2025-05-14 00:00:00,2025-05-15 00:00:00,_ _ 3 4 _ _ _ ,KZN,1,03:45:00,SVO,B,05:20:00,32B,C16Y167,01:35:00,J
732,1202,2025-05-11 00:00:00,2025-05-29 00:00:00,1 2 3 4 5 6 7 ,SVO,B,08:10:00,PEE,,10:10:00,32A,C8Y150,02:00:00,J
733,1202,2025-05-30 00:00:00,2025-05-30 00:00:00,_ _ _ _ 5 _ _ ,SVO,B,08:10:00,PEE,,10:10:00,32B,C16Y167,02:00:00,J
734,1203,2025-05-11 00:00:00,2025-05-29 00:00:00,1 2 3 4 5 6 7 ,PEE,,11:00:00,SVO,B,13:15:00,32A,C8Y150,02:15:00,J
735,1203,2025-05-30 00:00:00,2025-05-30 00:00:00,_ _ _ _ 5 _ _ ,PEE,,11:00:00,SVO,B,13:15:00,32B,C16Y167,02:15:00,J
736,1204,2025-05-11 00:00:00,2025-05-27 00:00:00,1 2 3 4 5 6 7 ,SVO,B,15:10:00,PEE,,17:10:00,32A,C8Y150,02:00:00,J
737,1205,2025-05-11 00:00:00,2025-05-31 00:00:00,1 2 3 4 5 6 7 ,PEE,,18:05:00,SVO,B,20:20:00,32A,C8Y150,02:15:00,J
738,1210,2025-05-11 00:00:00,2025-05-11 00:00:00,_ _ _ _ _ _ 7 ,SVO,B,05:25:00,KUF,,07:10:00,32A,C8Y150,01:45:00,J
739,1210,2025-05-12 00:00:00,2025-05-12 00:00:00,1 _ _ _ _ _ _ ,SVO,B,05:25:00,KUF,,07:10:00,32B,C16Y167,01:45:00,J
740,1210,2025-05-13 00:00:00,2025-05-31 00:00:00,1 2 3 _ 5 6 7 ,SVO,B,05:25:00,KUF,,07:10:00,32A,C8Y150,01:45:00,J
741,1210,2025-05-15 00:00:00,2025-05-29 00:00:00,_ _ _ 4 _ _ _ ,SVO,B,05:25:00,KUF,,07:10:00,32A,C8Y150,01:45:00,J
742,1211,2025-05-11 00:00:00,2025-05-11 00:00:00,_ _ _ _ _ _ 7 ,KUF,,08:05:00,SVO,B,09:55:00,32A,C8Y150,01:50:00,J
743,1211,2025-05-12 00:00:00,2025-05-12 00:00:00,1 _ _ _ _ _ _ ,KUF,,08:05:00,SVO,B,09:55:00,32B,C16Y167,01:50:00,J
744,1211,2025-05-13 00:00:00,2025-05-31 00:00:00,1 2 3 _ 5 6 7 ,KUF,,08:05:00,SVO,B,09:55:00,32A,C8Y150,01:50:00,J
745,1211,2025-05-15 00:00:00,2025-05-29 00:00:00,_ _ _ 4 _ _ _ ,KUF,,08:05:00,SVO,B,09:55:00,32A,C8Y150,01:50:00,J
746,1212,2025-05-11 00:00:00,2025-05-15 00:00:00,1 2 3 4 _ _ 7 ,SVO,B,10:40:00,KUF,,12:35:00,32A,C8Y150,01:55:00,J
747,1212,2025-05-16 00:00:00,2025-05-16 00:00:00,_ _ _ _ 5 _ _ ,SVO,B,10:40:00,KUF,,12:35:00,32B,C16Y167,01:55:00,J
748,1212,2025-05-17 00:00:00,2025-05-31 00:00:00,1 2 3 4 5 6 7 ,SVO,B,10:40:00,KUF,,12:35:00,32A,C8Y150,01:55:00,J
749,1213,2025-05-11 00:00:00,2025-05-15 00:00:00,1 2 3 4 _ _ 7 ,KUF,,13:35:00,SVO,B,15:35:00,32A,C8Y150,02:00:00,J
750,1213,2025-05-16 00:00:00,2025-05-16 00:00:00,_ _ _ _ 5 _ _ ,KUF,,13:35:00,SVO,B,15:35:00,32B,C16Y167,02:00:00,J
751,1213,2025-05-17 00:00:00,2025-05-31 00:00:00,1 2 3 4 5 6 7 ,KUF,,13:35:00,SVO,B,15:35:00,32A,C8Y150,02:00:00,J
752,1214,2025-05-11 00:00:00,2025-05-11 00:00:00,_ _ _ _ _ _ 7 ,SVO,B,13:55:00,KUF,,15:40:00,321,C28Y142,01:45:00,J
753,1214,2025-05-12 00:00:00,2025-05-16 00:00:00,1 2 3 4 5 _ _ ,SVO,B,13:55:00,KUF,,15:40:00,32A,C8Y150,01:45:00,J
754,1214,2025-05-17 00:00:00,2025-05-24 00:00:00,_ _ _ _ _ 6 _ ,SVO,B,13:55:00,KUF,,15:40:00,32A,C8Y150,01:45:00,J
755,1214,2025-05-18 00:00:00,2025-05-18 00:00:00,_ _ _ _ _ _ 7 ,SVO,B,13:55:00,KUF,,15:40:00,32B,C16Y167,01:45:00,J
756,1214,2025-05-19 00:00:00,2025-05-23 00:00:00,1 _ 3 4 5 _ _ ,SVO,B,13:55:00,KUF,,15:40:00,320,C20Y120,01:45:00,J
757,1214,2025-05-20 00:00:00,2025-05-20 00:00:00,_ 2 _ _ _ _ _ ,SVO,B,13:55:00,KUF,,15:40:00,320,C20Y120,01:45:00,J
758,1214,2025-05-25 00:00:00,2025-05-31 00:00:00,1 _ 3 _ _ 6 7 ,SVO,B,13:55:00,KUF,,15:40:00,32A,C8Y150,01:45:00,J
759,1214,2025-05-27 00:00:00,2025-06-01 00:00:00,_ 2 _ 4 5 _ 7 ,SVO,B,13:55:00,KUF,,15:40:00,32B,C16Y167,01:45:00,J
760,1215,2025-05-11 00:00:00,2025-05-11 00:00:00,_ _ _ _ _ _ 7 ,KUF,,16:40:00,SVO,B,18:35:00,321,C28Y142,01:55:00,J
761,1215,2025-05-12 00:00:00,2025-05-16 00:00:00,1 2 3 4 5 _ _ ,KUF,,16:40:00,SVO,B,18:35:00,32A,C8Y150,01:55:00,J
762,1215,2025-05-17 00:00:00,2025-05-24 00:00:00,_ _ _ _ _ 6 _ ,KUF,,16:40:00,SVO,B,18:35:00,32A,C8Y150,01:55:00,J
763,1215,2025-05-18 00:00:00,2025-05-18 00:00:00,_ _ _ _ _ _ 7 ,KUF,,16:40:00,SVO,B,18:35:00,32B,C16Y167,01:55:00,J
764,1215,2025-05-19 00:00:00,2025-05-23 00:00:00,1 _ 3 4 5 _ _ ,KUF,,16:40:00,SVO,B,18:35:00,320,C20Y120,01:55:00,J
765,1215,2025-05-20 00:00:00,2025-05-20 00:00:00,_ 2 _ _ _ _ _ ,KUF,,16:40:00,SVO,B,18:35:00,320,C20Y120,01:55:00,J
766,1215,2025-05-25 00:00:00,2025-05-31 00:00:00,1 _ 3 _ _ 6 7 ,KUF,,16:40:00,SVO,B,18:35:00,32A,C8Y150,01:55:00,J
767,1215,2025-05-27 00:00:00,2025-06-01 00:00:00,_ 2 _ 4 5 _ 7 ,KUF,,16:40:00,SVO,B,18:35:00,32B,C16Y167,01:55:00,J
768,1216,2025-05-11 00:00:00,2025-05-11 00:00:00,_ _ _ _ _ _ 7 ,SVO,B,22:25:00,KUF,,00:25:00,32A,C8Y150,02:00:00,J
769,1216,2025-05-12 00:00:00,2025-05-12 00:00:00,1 _ _ _ _ _ _ ,SVO,B,22:25:00,KUF,,00:25:00,32B,C16Y167,02:00:00,J
770,1216,2025-05-13 00:00:00,2025-05-31 00:00:00,1 2 3 4 5 6 7 ,SVO,B,22:25:00,KUF,,00:25:00,32A,C8Y150,02:00:00,J
771,1217,2025-05-11 00:00:00,2025-05-12 00:00:00,1 _ _ _ _ _ 7 ,KUF,,02:00:00,SVO,B,03:50:00,32A,C8Y150,01:50:00,J
772,1217,2025-05-13 00:00:00,2025-05-13 00:00:00,_ 2 _ _ _ _ _ ,KUF,,02:00:00,SVO,B,03:50:00,32B,C16Y167,01:50:00,J
773,1217,2025-05-14 00:00:00,2025-06-01 00:00:00,1 2 3 4 5 _ 7 ,KUF,,02:00:00,SVO,B,03:50:00,32A,C8Y150,01:50:00,J
774,1217,2025-05-17 00:00:00,2025-05-31 00:00:00,_ _ _ _ _ 6 _ ,KUF,,01:45:00,SVO,B,03:35:00,32A,C8Y150,01:50:00,J
775,1218,2025-05-11 00:00:00,2025-05-11 00:00:00,_ _ _ _ _ _ 7 ,SVO,B,07:05:00,KUF,,08:55:00,32B,C16Y167,01:50:00,J
776,1218,2025-05-12 00:00:00,2025-05-13 00:00:00,1 2 _ _ _ _ _ ,SVO,B,07:05:00,KUF,,08:55:00,32A,C8Y150,01:50:00,J
777,1218,2025-05-14 00:00:00,2025-05-14 00:00:00,_ _ 3 _ _ _ _ ,SVO,B,07:05:00,KUF,,08:55:00,320,C20Y120,01:50:00,J
778,1219,2025-05-11 00:00:00,2025-05-11 00:00:00,_ _ _ _ _ _ 7 ,KUF,,09:55:00,SVO,B,11:45:00,32B,C16Y167,01:50:00,J
779,1219,2025-05-12 00:00:00,2025-05-13 00:00:00,1 2 _ _ _ _ _ ,KUF,,09:55:00,SVO,B,11:45:00,32A,C8Y150,01:50:00,J
780,1219,2025-05-14 00:00:00,2025-05-14 00:00:00,_ _ 3 _ _ _ _ ,KUF,,09:55:00,SVO,B,11:45:00,320,C20Y120,01:50:00,J
781,1224,2025-05-31 00:00:00,2025-06-05 00:00:00,1 _ 3 4 _ 6 7 ,SVO,B,17:30:00,GOJ,,18:40:00,32B,C16Y167,01:10:00,J
782,1225,2025-05-31 00:00:00,2025-06-05 00:00:00,1 _ 3 4 _ 6 7 ,GOJ,,19:40:00,SVO,B,21:05:00,32B,C16Y167,01:25:00,J
783,1226,2025-05-12 00:00:00,2025-05-30 00:00:00,1 2 3 4 5 _ _ ,SVO,B,12:15:00,GOJ,,13:25:00,32A,C8Y150,01:10:00,J
784,1226,2025-05-17 00:00:00,2025-05-31 00:00:00,_ _ _ _ _ 6 7 ,SVO,B,12:15:00,GOJ,,13:25:00,32A,C8Y150,01:10:00,J
785,1227,2025-05-12 00:00:00,2025-05-30 00:00:00,1 2 3 _ 5 _ _ ,GOJ,,14:25:00,SVO,B,15:45:00,32A,C8Y150,01:20:00,J
786,1227,2025-05-15 00:00:00,2025-05-29 00:00:00,_ _ _ 4 _ _ _ ,GOJ,,14:25:00,SVO,B,15:55:00,32A,C8Y150,01:30:00,J
787,1227,2025-05-17 00:00:00,2025-05-31 00:00:00,_ _ _ _ _ 6 7 ,GOJ,,14:25:00,SVO,B,15:45:00,32A,C8Y150,01:20:00,J
788,1232,2025-05-11 00:00:00,2025-05-11 00:00:00,_ _ _ _ _ _ 7 ,SVO,B,11:30:00,UFA,1,13:35:00,32A,C8Y150,02:05:00,J
789,1232,2025-05-12 00:00:00,2025-05-12 00:00:00,1 _ _ _ _ _ _ ,SVO,B,11:30:00,UFA,1,13:35:00,320,C20Y120,02:05:00,J
790,1232,2025-05-13 00:00:00,2025-05-13 00:00:00,_ 2 _ _ _ _ _ ,SVO,B,11:30:00,UFA,1,13:35:00,32A,C8Y150,02:05:00,J
791,1232,2025-05-15 00:00:00,2025-05-30 00:00:00,1 2 3 4 5 _ 7 ,SVO,B,11:30:00,UFA,1,13:35:00,32A,C8Y150,02:05:00,J
792,1232,2025-05-17 00:00:00,2025-05-31 00:00:00,_ _ _ _ _ 6 _ ,SVO,B,11:30:00,UFA,1,13:35:00,32A,C8Y150,02:05:00,J
793,1233,2025-05-11 00:00:00,2025-05-11 00:00:00,_ _ _ _ _ _ 7 ,UFA,1,14:35:00,SVO,B,17:00:00,32A,C8Y150,02:25:00,J
794,1233,2025-05-12 00:00:00,2025-05-12 00:00:00,1 _ _ _ _ _ _ ,UFA,1,14:35:00,SVO,B,17:00:00,320,C20Y120,02:25:00,J
795,1233,2025-05-13 00:00:00,2025-05-30 00:00:00,1 2 _ 4 5 _ _ ,UFA,1,14:35:00,SVO,B,17:00:00,32A,C8Y150,02:25:00,J
796,1233,2025-05-17 00:00:00,2025-05-31 00:00:00,_ _ _ _ _ 6 _ ,UFA,1,14:35:00,SVO,B,17:00:00,32A,C8Y150,02:25:00,J
797,1233,2025-05-18 00:00:00,2025-05-28 00:00:00,_ _ 3 _ _ _ 7 ,UFA,1,14:35:00,SVO,B,17:00:00,32A,C8Y150,02:25:00,J
798,1235,2025-05-11 00:00:00,2025-06-21 00:00:00,1 2 _ 4 5 6 7 ,UFA,1,11:55:00,SVO,B,14:15:00,32A,C8Y150,02:20:00,J
799,1238,2025-05-16 00:00:00,2025-05-16 00:00:00,_ _ _ _ 5 _ _ ,SVO,B,15:00:00,UFA,1,17:05:00,73H,C20Y138,02:05:00,J
800,1239,2025-05-14 00:00:00,2025-05-14 00:00:00,_ _ 3 _ _ _ _ ,UFA,1,17:30:00,SVO,B,19:50:00,73H,C20Y138,02:20:00,J
801,1242,2025-05-12 00:00:00,2025-06-11 00:00:00,1 2 3 _ _ _ _ ,SVO,B,03:30:00,REN,,05:45:00,32A,C8Y150,02:15:00,J
802,1242,2025-05-15 00:00:00,2025-05-23 00:00:00,_ _ _ 4 5 _ _ ,SVO,B,03:30:00,REN,,05:45:00,32A,C8Y150,02:15:00,J
803,1242,2025-05-29 00:00:00,2025-05-29 00:00:00,_ _ _ 4 _ _ _ ,SVO,B,03:30:00,REN,,05:45:00,32B,C16Y167,02:15:00,J
804,1242,2025-05-30 00:00:00,2025-06-26 00:00:00,_ _ _ 4 5 _ _ ,SVO,B,03:30:00,REN,,05:45:00,32A,C8Y150,02:15:00,J
805,1243,2025-05-14 00:00:00,2025-06-11 00:00:00,_ _ 3 _ _ _ _ ,REN,,06:45:00,SVO,B,09:05:00,32A,C8Y150,02:20:00,J
806,1243,2025-05-15 00:00:00,2025-05-23 00:00:00,_ _ _ 4 5 _ _ ,REN,,06:45:00,SVO,B,09:05:00,32A,C8Y150,02:20:00,J
807,1243,2025-05-29 00:00:00,2025-05-29 00:00:00,_ _ _ 4 _ _ _ ,REN,,06:45:00,SVO,B,09:05:00,32B,C16Y167,02:20:00,J
808,1243,2025-05-30 00:00:00,2025-06-26 00:00:00,_ _ _ 4 5 _ _ ,REN,,06:45:00,SVO,B,09:05:00,32A,C8Y150,02:20:00,J
809,1244,2025-05-11 00:00:00,2025-05-31 00:00:00,1 2 3 4 _ 6 7 ,SVO,B,21:35:00,REN,,23:45:00,32A,C8Y150,02:10:00,J
810,1244,2025-05-16 00:00:00,2025-06-13 00:00:00,_ _ _ _ 5 _ _ ,SVO,B,21:35:00,REN,,23:45:00,32A,C8Y150,02:10:00,J
811,1245,2025-05-11 00:00:00,2025-06-01 00:00:00,1 2 3 _ 5 6 7 ,REN,,00:45:00,SVO,B,03:05:00,32A,C8Y150,02:20:00,J
812,1246,2025-05-11 00:00:00,2025-05-11 00:00:00,_ _ _ _ _ _ 7 ,SVO,B,15:00:00,REN,,17:00:00,320,C20Y120,02:00:00,J
813,1246,2025-05-12 00:00:00,2025-05-22 00:00:00,1 2 3 4 5 6 _ ,SVO,B,14:50:00,REN,,17:00:00,320,C20Y120,02:10:00,J
814,1246,2025-05-18 00:00:00,2025-05-18 00:00:00,_ _ _ _ _ _ 7 ,SVO,B,15:05:00,REN,,17:00:00,320,C20Y120,01:55:00,J
815,1246,2025-05-23 00:00:00,2025-05-26 00:00:00,1 _ _ _ 5 _ _ ,SVO,B,14:50:00,REN,,17:00:00,32B,C16Y167,02:10:00,J
816,1246,2025-05-24 00:00:00,2025-05-24 00:00:00,_ _ _ _ _ 6 _ ,SVO,B,14:50:00,REN,,17:00:00,32A,C8Y150,02:10:00,J
817,1246,2025-05-25 00:00:00,2025-05-25 00:00:00,_ _ _ _ _ _ 7 ,SVO,B,15:00:00,REN,,17:00:00,32A,C8Y150,02:00:00,J
818,1246,2025-05-27 00:00:00,2025-05-30 00:00:00,_ 2 3 4 5 _ _ ,SVO,B,14:50:00,REN,,17:00:00,320,C20Y120,02:10:00,J
819,1246,2025-05-31 00:00:00,2025-05-31 00:00:00,_ _ _ _ _ 6 _ ,SVO,B,14:55:00,REN,,17:00:00,32A,C8Y150,02:05:00,J
820,1247,2025-05-11 00:00:00,2025-05-18 00:00:00,_ _ _ _ _ _ 7 ,REN,,18:00:00,SVO,B,20:50:00,320,C20Y120,02:50:00,J
821,1247,2025-05-12 00:00:00,2025-05-22 00:00:00,1 2 3 4 5 6 _ ,REN,,18:00:00,SVO,B,20:35:00,320,C20Y120,02:35:00,J
822,1247,2025-05-23 00:00:00,2025-05-26 00:00:00,1 _ _ _ 5 _ _ ,REN,,18:00:00,SVO,B,20:35:00,32B,C16Y167,02:35:00,J
823,1247,2025-05-24 00:00:00,2025-06-29 00:00:00,_ _ _ _ _ 6 7 ,REN,,18:00:00,SVO,B,20:35:00,32A,C8Y150,02:35:00,J
824,1247,2025-05-27 00:00:00,2025-05-30 00:00:00,_ 2 3 4 5 _ _ ,REN,,18:00:00,SVO,B,20:35:00,320,C20Y120,02:35:00,J
825,1248,2025-05-11 00:00:00,2025-05-14 00:00:00,_ _ 3 _ _ _ 7 ,SVO,B,08:55:00,REN,,11:10:00,32A,C8Y150,02:15:00,J
826,1248,2025-05-18 00:00:00,2025-05-18 00:00:00,_ _ _ _ _ _ 7 ,SVO,B,08:55:00,REN,,11:10:00,73H,C20Y138,02:15:00,J
827,1249,2025-05-11 00:00:00,2025-05-14 00:00:00,_ _ 3 _ _ _ 7 ,REN,,12:10:00,SVO,B,14:30:00,32A,C8Y150,02:20:00,J
828,1249,2025-05-18 00:00:00,2025-05-18 00:00:00,_ _ _ _ _ _ 7 ,REN,,12:10:00,SVO,B,14:30:00,73H,C20Y138,02:20:00,J
829,1250,2025-05-11 00:00:00,2025-05-27 00:00:00,1 2 3 _ 5 6 7 ,SVO,B,16:55:00,NBC,,18:50:00,32A,C8Y150,01:55:00,J
830,1250,2025-05-15 00:00:00,2025-05-29 00:00:00,_ _ _ 4 _ _ _ ,SVO,B,16:55:00,NBC,,18:50:00,32A,C8Y150,01:55:00,J
831,1250,2025-05-28 00:00:00,2025-05-30 00:00:00,_ _ 3 _ 5 _ _ ,SVO,B,16:55:00,NBC,,18:50:00,32B,C16Y167,01:55:00,J
832,1250,2025-05-31 00:00:00,2025-05-31 00:00:00,_ _ _ _ _ 6 _ ,SVO,B,17:05:00,NBC,,18:50:00,32A,C8Y150,01:45:00,J
833,1251,2025-05-11 00:00:00,2025-05-27 00:00:00,1 2 3 4 5 6 7 ,NBC,,19:50:00,SVO,B,21:45:00,32A,C8Y150,01:55:00,J
834,1251,2025-05-28 00:00:00,2025-05-30 00:00:00,_ _ 3 _ 5 _ _ ,NBC,,19:50:00,SVO,B,21:45:00,32B,C16Y167,01:55:00,J
835,1251,2025-05-29 00:00:00,2025-05-29 00:00:00,_ _ _ 4 _ _ _ ,NBC,,19:50:00,SVO,B,21:45:00,32A,C8Y150,01:55:00,J
836,1251,2025-05-31 00:00:00,2025-05-31 00:00:00,_ _ _ _ _ 6 _ ,NBC,,19:50:00,SVO,B,21:45:00,32A,C8Y150,01:55:00,J
837,1260,2025-05-11 00:00:00,2025-05-11 00:00:00,_ _ _ _ _ _ 7 ,SVO,B,17:50:00,UFA,1,20:05:00,320,C20Y120,02:15:00,J
838,1260,2025-05-17 00:00:00,2025-05-31 00:00:00,_ _ _ _ _ 6 _ ,SVO,B,17:50:00,UFA,1,20:05:00,73H,C20Y138,02:15:00,J
839,1261,2025-05-11 00:00:00,2025-05-18 00:00:00,_ _ _ _ _ _ 7 ,UFA,1,02:50:00,SVO,B,05:00:00,73H,C20Y138,02:10:00,J
840,1261,2025-05-12 00:00:00,2025-05-12 00:00:00,1 _ _ _ _ _ _ ,UFA,1,02:50:00,SVO,B,05:00:00,320,C20Y120,02:10:00,J
841,1261,2025-05-13 00:00:00,2025-05-24 00:00:00,1 2 3 4 5 6 _ ,UFA,1,02:50:00,SVO,B,05:00:00,32A,C8Y150,02:10:00,J
842,1261,2025-05-25 00:00:00,2025-06-01 00:00:00,_ _ _ _ _ _ 7 ,UFA,1,01:55:00,SVO,B,04:05:00,73H,C20Y138,02:10:00,J
843,1262,2025-05-12 00:00:00,2025-05-31 00:00:00,1 2 3 4 5 6 _ ,SVO,B,03:40:00,UFA,1,05:45:00,32A,C8Y150,02:05:00,J
844,1262,2025-05-18 00:00:00,2025-05-25 00:00:00,_ _ _ _ _ _ 7 ,SVO,B,03:40:00,UFA,1,05:45:00,32A,C8Y150,02:05:00,J
845,1263,2025-05-12 00:00:00,2025-05-31 00:00:00,1 2 3 4 5 6 _ ,UFA,1,07:15:00,SVO,B,09:35:00,32A,C8Y150,02:20:00,J
846,1263,2025-05-18 00:00:00,2025-05-25 00:00:00,_ _ _ _ _ _ 7 ,UFA,1,07:15:00,SVO,B,09:35:00,32A,C8Y150,02:20:00,J
847,1268,2025-05-11 00:00:00,2025-05-13 00:00:00,1 2 _ _ _ _ 7 ,SVO,B,05:15:00,KZN,1,06:55:00,32A,C8Y150,01:40:00,J
848,1268,2025-05-14 00:00:00,2025-05-14 00:00:00,_ _ 3 _ _ _ _ ,SVO,B,05:15:00,KZN,1,06:55:00,32B,C16Y167,01:40:00,J
849,1268,2025-05-15 00:00:00,2025-05-16 00:00:00,_ _ _ 4 5 _ _ ,SVO,B,05:15:00,KZN,1,06:55:00,320,C20Y120,01:40:00,J
850,1268,2025-05-17 00:00:00,2025-06-03 00:00:00,1 2 _ _ 5 6 _ ,SVO,B,05:15:00,KZN,1,06:55:00,32A,C8Y150,01:40:00,J
851,1268,2025-05-18 00:00:00,2025-05-18 00:00:00,_ _ _ _ _ _ 7 ,SVO,B,05:15:00,KZN,1,06:55:00,321,C28Y142,01:40:00,J
852,1268,2025-05-21 00:00:00,2025-06-29 00:00:00,_ _ 3 4 _ _ 7 ,SVO,B,05:15:00,KZN,1,06:55:00,32A,C8Y150,01:40:00,J
853,1269,2025-05-11 00:00:00,2025-05-13 00:00:00,1 2 _ _ _ _ 7 ,KZN,1,07:40:00,SVO,B,09:20:00,32A,C8Y150,01:40:00,J
854,1269,2025-05-14 00:00:00,2025-05-14 00:00:00,_ _ 3 _ _ _ _ ,KZN,1,07:40:00,SVO,B,09:20:00,32B,C16Y167,01:40:00,J
855,1269,2025-05-15 00:00:00,2025-05-16 00:00:00,_ _ _ 4 5 _ _ ,KZN,1,07:40:00,SVO,B,09:20:00,320,C20Y120,01:40:00,J
856,1269,2025-05-17 00:00:00,2025-06-03 00:00:00,1 2 _ _ 5 6 _ ,KZN,1,07:40:00,SVO,B,09:20:00,32A,C8Y150,01:40:00,J
857,1269,2025-05-18 00:00:00,2025-05-18 00:00:00,_ _ _ _ _ _ 7 ,KZN,1,07:40:00,SVO,B,09:15:00,321,C28Y142,01:35:00,J
858,1269,2025-05-21 00:00:00,2025-06-29 00:00:00,_ _ 3 4 _ _ 7 ,KZN,1,07:40:00,SVO,B,09:20:00,32A,C8Y150,01:40:00,J
859,1270,2025-05-11 00:00:00,2025-05-12 00:00:00,1 _ _ _ _ _ 7 ,SVO,B,03:25:00,KZN,1,05:05:00,32A,C8Y150,01:40:00,J
860,1271,2025-05-11 00:00:00,2025-05-12 00:00:00,1 _ _ _ _ _ 7 ,KZN,1,05:55:00,SVO,B,07:35:00,32A,C8Y150,01:40:00,J
861,1276,2025-05-11 00:00:00,2025-05-17 00:00:00,_ 2 _ _ _ 6 7 ,SVO,B,09:55:00,KZN,1,11:40:00,32B,C16Y167,01:45:00,J
862,1276,2025-05-12 00:00:00,2025-05-12 00:00:00,1 _ _ _ _ _ _ ,SVO,B,09:55:00,KZN,1,11:40:00,321,C28Y142,01:45:00,J
863,1276,2025-05-14 00:00:00,2025-05-18 00:00:00,_ _ 3 4 5 _ 7 ,SVO,B,09:55:00,KZN,1,11:40:00,321,C28Y142,01:45:00,J
864,1276,2025-05-19 00:00:00,2025-05-26 00:00:00,1 2 _ 4 5 6 _ ,SVO,B,09:55:00,KZN,1,11:40:00,32A,C8Y150,01:45:00,J
865,1276,2025-05-21 00:00:00,2025-05-21 00:00:00,_ _ 3 _ _ _ _ ,SVO,B,09:55:00,KZN,1,11:40:00,32A,C8Y150,01:45:00,J
866,1276,2025-05-25 00:00:00,2025-05-25 00:00:00,_ _ _ _ _ _ 7 ,SVO,B,09:55:00,KZN,1,11:40:00,73H,C20Y138,01:45:00,J
867,1276,2025-05-27 00:00:00,2025-05-30 00:00:00,_ 2 _ 4 5 _ _ ,SVO,B,09:55:00,KZN,1,11:40:00,32A,C8Y150,01:45:00,J
868,1276,2025-05-28 00:00:00,2025-05-28 00:00:00,_ _ 3 _ _ _ _ ,SVO,B,09:55:00,KZN,1,11:40:00,32A,C8Y150,01:45:00,J
869,1276,2025-05-31 00:00:00,2025-06-17 00:00:00,_ 2 _ 4 _ 6 _ ,SVO,B,09:55:00,KZN,1,11:40:00,32A,C8Y150,01:45:00,J
870,1277,2025-05-11 00:00:00,2025-05-11 00:00:00,_ _ _ _ _ _ 7 ,KZN,1,12:30:00,SVO,B,14:05:00,32B,C16Y167,01:35:00,J
871,1277,2025-05-12 00:00:00,2025-05-12 00:00:00,1 _ _ _ _ _ _ ,KZN,1,12:30:00,SVO,B,14:10:00,321,C28Y142,01:40:00,J
872,1277,2025-05-13 00:00:00,2025-05-17 00:00:00,_ 2 _ _ _ 6 _ ,KZN,1,12:30:00,SVO,B,14:10:00,32B,C16Y167,01:40:00,J
873,1277,2025-05-14 00:00:00,2025-05-16 00:00:00,_ _ 3 4 5 _ _ ,KZN,1,12:30:00,SVO,B,14:10:00,321,C28Y142,01:40:00,J
874,1277,2025-05-18 00:00:00,2025-05-18 00:00:00,_ _ _ _ _ _ 7 ,KZN,1,12:30:00,SVO,B,14:05:00,321,C28Y142,01:35:00,J
875,1277,2025-05-19 00:00:00,2025-05-26 00:00:00,1 2 _ 4 5 6 _ ,KZN,1,12:30:00,SVO,B,14:10:00,32A,C8Y150,01:40:00,J
876,1277,2025-05-21 00:00:00,2025-05-21 00:00:00,_ _ 3 _ _ _ _ ,KZN,1,12:30:00,SVO,B,14:10:00,32A,C8Y150,01:40:00,J
877,1277,2025-05-25 00:00:00,2025-05-25 00:00:00,_ _ _ _ _ _ 7 ,KZN,1,12:30:00,SVO,B,14:10:00,73H,C20Y138,01:40:00,J
878,1277,2025-05-27 00:00:00,2025-05-30 00:00:00,_ 2 _ 4 5 _ _ ,KZN,1,12:30:00,SVO,B,14:10:00,32A,C8Y150,01:40:00,J
879,1277,2025-05-28 00:00:00,2025-05-28 00:00:00,_ _ 3 _ _ _ _ ,KZN,1,12:30:00,SVO,B,14:10:00,32A,C8Y150,01:40:00,J
880,1277,2025-05-31 00:00:00,2025-06-17 00:00:00,_ 2 _ 4 _ 6 _ ,KZN,1,12:30:00,SVO,B,14:10:00,32A,C8Y150,01:40:00,J
881,1280,2025-05-27 00:00:00,2025-06-10 00:00:00,_ 2 _ _ _ _ _ ,SVO,B,18:20:00,KZN,1,19:55:00,320,C20Y120,01:35:00,J
882,1281,2025-05-27 00:00:00,2025-06-10 00:00:00,_ 2 _ _ _ _ _ ,KZN,1,20:50:00,SVO,B,22:30:00,320,C20Y120,01:40:00,J
883,1284,2025-05-11 00:00:00,2025-05-11 00:00:00,_ _ _ _ _ _ 7 ,SVO,B,14:55:00,KZN,1,16:35:00,32A,C8Y150,01:40:00,J
884,1284,2025-05-16 00:00:00,2025-05-23 00:00:00,_ _ _ _ 5 _ _ ,SVO,B,14:30:00,KZN,1,16:10:00,73H,C20Y138,01:40:00,J
885,1284,2025-05-18 00:00:00,2025-05-18 00:00:00,_ _ _ _ _ _ 7 ,SVO,B,15:00:00,KZN,1,16:35:00,32A,C8Y150,01:35:00,J
886,1284,2025-05-30 00:00:00,2025-05-30 00:00:00,_ _ _ _ 5 _ _ ,SVO,B,14:30:00,KZN,1,16:10:00,32B,C16Y167,01:40:00,J
887,1285,2025-05-11 00:00:00,2025-05-18 00:00:00,_ _ _ _ _ _ 7 ,KZN,1,17:35:00,SVO,B,19:25:00,32A,C8Y150,01:50:00,J
888,1285,2025-05-16 00:00:00,2025-05-23 00:00:00,_ _ _ _ 5 _ _ ,KZN,1,17:10:00,SVO,B,18:55:00,73H,C20Y138,01:45:00,J
889,1285,2025-05-30 00:00:00,2025-05-30 00:00:00,_ _ _ _ 5 _ _ ,KZN,1,17:10:00,SVO,B,18:55:00,32B,C16Y167,01:45:00,J
890,1288,2025-05-11 00:00:00,2025-05-31 00:00:00,1 _ _ 4 5 6 7 ,SVO,B,23:15:00,ULV,,01:10:00,320,C20Y120,01:55:00,J
891,1288,2025-05-13 00:00:00,2025-05-28 00:00:00,_ 2 3 _ _ _ _ ,SVO,B,23:15:00,ULV,,01:10:00,320,C20Y120,01:55:00,J
892,1296,2025-05-11 00:00:00,2025-05-18 00:00:00,_ _ _ _ _ _ 7 ,SVO,B,15:20:00,ULV,,17:00:00,32A,C8Y150,01:40:00,J
893,1296,2025-05-17 00:00:00,2025-05-31 00:00:00,_ _ _ _ _ 6 _ ,SVO,B,15:20:00,ULV,,17:00:00,32A,C8Y150,01:40:00,J
894,1297,2025-05-11 00:00:00,2025-05-18 00:00:00,_ _ _ _ _ _ 7 ,ULV,,17:50:00,SVO,B,19:20:00,32A,C8Y150,01:30:00,J
895,1300,2025-05-11 00:00:00,2025-05-15 00:00:00,1 _ 3 4 _ _ 7 ,SVO,B,12:10:00,MRV,,15:35:00,32B,C16Y167,03:25:00,J
896,1300,2025-05-13 00:00:00,2025-05-27 00:00:00,_ 2 _ _ _ _ _ ,SVO,B,12:10:00,MRV,,15:35:00,32B,C16Y167,03:25:00,J
897,1300,2025-05-16 00:00:00,2025-05-16 00:00:00,_ _ _ _ 5 _ _ ,SVO,B,12:10:00,MRV,,15:35:00,73H,C20Y138,03:25:00,J
898,1300,2025-05-17 00:00:00,2025-05-31 00:00:00,_ _ _ _ _ 6 _ ,SVO,B,12:10:00,MRV,,15:35:00,32A,C8Y150,03:25:00,J
899,1300,2025-05-18 00:00:00,2025-05-18 00:00:00,_ _ _ _ _ _ 7 ,SVO,B,12:10:00,MRV,,15:35:00,32A,C8Y150,03:25:00,J
900,1300,2025-05-19 00:00:00,2025-05-28 00:00:00,1 _ 3 4 _ _ 7 ,SVO,B,12:10:00,MRV,,15:35:00,32B,C16Y167,03:25:00,J
901,1300,2025-05-23 00:00:00,2025-05-30 00:00:00,_ _ _ 4 5 _ _ ,SVO,B,12:10:00,MRV,,15:35:00,32A,C8Y150,03:25:00,J
902,1301,2025-05-11 00:00:00,2025-05-11 00:00:00,_ _ _ _ _ _ 7 ,MRV,,16:35:00,SVO,B,19:55:00,32B,C16Y167,03:20:00,J
903,1301,2025-05-12 00:00:00,2025-05-26 00:00:00,1 _ _ 4 _ _ _ ,MRV,,16:35:00,SVO,B,20:00:00,32B,C16Y167,03:25:00,J
904,1301,2025-05-13 00:00:00,2025-05-13 00:00:00,_ 2 _ _ _ _ _ ,MRV,,16:35:00,SVO,B,20:00:00,32B,C16Y167,03:25:00,J
905,1301,2025-05-14 00:00:00,2025-05-28 00:00:00,_ _ 3 _ _ _ _ ,MRV,,16:35:00,SVO,B,20:05:00,32B,C16Y167,03:30:00,J
906,1301,2025-05-16 00:00:00,2025-05-16 00:00:00,_ _ _ _ 5 _ _ ,MRV,,16:35:00,SVO,B,20:00:00,73H,C20Y138,03:25:00,J
907,1301,2025-05-17 00:00:00,2025-05-31 00:00:00,_ _ _ _ _ 6 _ ,MRV,,16:35:00,SVO,B,20:05:00,32A,C8Y150,03:30:00,J
908,1301,2025-05-18 00:00:00,2025-05-18 00:00:00,_ _ _ _ _ _ 7 ,MRV,,16:35:00,SVO,B,19:55:00,32A,C8Y150,03:20:00,J
909,1301,2025-05-20 00:00:00,2025-05-20 00:00:00,_ 2 _ _ _ _ _ ,MRV,,16:35:00,SVO,B,20:00:00,32B,C16Y167,03:25:00,J
910,1301,2025-05-23 00:00:00,2025-05-30 00:00:00,_ _ _ 4 5 _ _ ,MRV,,16:35:00,SVO,B,20:00:00,32A,C8Y150,03:25:00,J
911,1301,2025-05-25 00:00:00,2025-05-25 00:00:00,_ _ _ _ _ _ 7 ,MRV,,16:35:00,SVO,B,19:55:00,32B,C16Y167,03:20:00,J
912,1301,2025-05-27 00:00:00,2025-05-27 00:00:00,_ 2 _ _ _ _ _ ,MRV,,16:35:00,SVO,B,20:00:00,32B,C16Y167,03:25:00,J
913,1302,2025-05-11 00:00:00,2025-05-11 00:00:00,_ _ _ _ _ _ 7 ,SVO,B,15:05:00,MRV,,18:30:00,32B,C16Y167,03:25:00,J
914,1303,2025-05-11 00:00:00,2025-05-11 00:00:00,_ _ _ _ _ _ 7 ,MRV,,19:30:00,SVO,B,22:25:00,32B,C16Y167,02:55:00,J
915,1304,2025-05-11 00:00:00,2025-05-11 00:00:00,_ _ _ _ _ _ 7 ,SVO,B,05:05:00,MRV,,08:35:00,321,C28Y142,03:30:00,J
916,1304,2025-05-12 00:00:00,2025-05-30 00:00:00,1 2 _ 4 5 _ 7 ,SVO,B,05:05:00,MRV,,08:35:00,32B,C16Y167,03:30:00,J
917,1304,2025-05-14 00:00:00,2025-05-31 00:00:00,_ _ 3 _ _ 6 _ ,SVO,B,05:05:00,MRV,,08:40:00,32B,C16Y167,03:35:00,J
918,1305,2025-05-11 00:00:00,2025-05-11 00:00:00,_ _ _ _ _ _ 7 ,MRV,,09:35:00,SVO,B,12:45:00,321,C28Y142,03:10:00,J
919,1305,2025-05-12 00:00:00,2025-05-26 00:00:00,1 _ _ _ _ _ _ ,MRV,,09:35:00,SVO,B,12:45:00,32B,C16Y167,03:10:00,J
920,1305,2025-05-13 00:00:00,2025-05-30 00:00:00,_ 2 _ 4 5 _ 7 ,MRV,,09:35:00,SVO,B,12:45:00,32B,C16Y167,03:10:00,J
921,1305,2025-05-14 00:00:00,2025-05-28 00:00:00,_ _ 3 _ _ 6 _ ,MRV,,09:40:00,SVO,B,12:45:00,32B,C16Y167,03:05:00,J
922,1305,2025-05-31 00:00:00,2025-05-31 00:00:00,_ _ _ _ _ 6 _ ,MRV,,09:40:00,SVO,B,12:40:00,32B,C16Y167,03:00:00,J
923,1306,2025-05-11 00:00:00,2025-05-30 00:00:00,1 2 3 4 5 _ 7 ,SVO,B,22:05:00,OVB,,02:05:00,32N,C12Y144,04:00:00,J
924,1306,2025-05-17 00:00:00,2025-05-31 00:00:00,_ _ _ _ _ 6 _ ,SVO,B,22:05:00,OVB,,02:05:00,73H,C20Y138,04:00:00,J
925,1307,2025-05-11 00:00:00,2025-05-11 00:00:00,_ _ _ _ _ _ 7 ,OVB,,03:15:00,SVO,B,07:30:00,32N,C12Y144,04:15:00,J
926,1307,2025-05-12 00:00:00,2025-05-31 00:00:00,1 2 3 4 5 6 _ ,OVB,,03:05:00,SVO,B,07:30:00,32N,C12Y144,04:25:00,J
927,1310,2025-05-11 00:00:00,2025-05-14 00:00:00,_ _ 3 _ _ _ 7 ,SVO,B,10:15:00,MRV,,13:30:00,73H,C20Y138,03:15:00,J
928,1310,2025-05-12 00:00:00,2025-05-12 00:00:00,1 _ _ _ _ _ _ ,SVO,B,10:15:00,MRV,,13:35:00,73H,C20Y138,03:20:00,J
929,1310,2025-05-13 00:00:00,2025-05-13 00:00:00,_ 2 _ _ _ _ _ ,SVO,B,10:15:00,MRV,,13:30:00,32N,C12Y144,03:15:00,J
930,1310,2025-05-15 00:00:00,2025-05-15 00:00:00,_ _ _ 4 _ _ _ ,SVO,B,10:15:00,MRV,,13:30:00,32N,C12Y144,03:15:00,J
931,1310,2025-05-16 00:00:00,2025-05-16 00:00:00,_ _ _ _ 5 _ _ ,SVO,B,10:15:00,MRV,,13:30:00,321,C28Y142,03:15:00,J
932,1310,2025-05-17 00:00:00,2025-05-17 00:00:00,_ _ _ _ _ 6 _ ,SVO,B,10:15:00,MRV,,13:30:00,32N,C12Y144,03:15:00,J
933,1310,2025-05-18 00:00:00,2025-05-18 00:00:00,_ _ _ _ _ _ 7 ,SVO,B,10:15:00,MRV,,13:30:00,32B,C16Y167,03:15:00,J
934,1310,2025-05-19 00:00:00,2025-05-26 00:00:00,1 _ _ _ _ _ _ ,SVO,B,10:15:00,MRV,,13:35:00,32N,C12Y144,03:20:00,J
935,1310,2025-05-20 00:00:00,2025-05-31 00:00:00,_ 2 3 4 5 6 7 ,SVO,B,10:15:00,MRV,,13:30:00,32N,C12Y144,03:15:00,J
936,1311,2025-05-11 00:00:00,2025-05-14 00:00:00,_ _ 3 _ _ _ 7 ,MRV,,14:50:00,SVO,B,18:00:00,73H,C20Y138,03:10:00,J
937,1311,2025-05-12 00:00:00,2025-05-12 00:00:00,1 _ _ _ _ _ _ ,MRV,,14:55:00,SVO,B,18:00:00,73H,C20Y138,03:05:00,J
938,1311,2025-05-13 00:00:00,2025-05-13 00:00:00,_ 2 _ _ _ _ _ ,MRV,,14:50:00,SVO,B,18:00:00,32N,C12Y144,03:10:00,J
939,1311,2025-05-15 00:00:00,2025-05-15 00:00:00,_ _ _ 4 _ _ _ ,MRV,,14:50:00,SVO,B,18:00:00,32N,C12Y144,03:10:00,J
940,1311,2025-05-16 00:00:00,2025-05-16 00:00:00,_ _ _ _ 5 _ _ ,MRV,,14:50:00,SVO,B,18:00:00,321,C28Y142,03:10:00,J
941,1311,2025-05-17 00:00:00,2025-05-17 00:00:00,_ _ _ _ _ 6 _ ,MRV,,14:50:00,SVO,B,18:00:00,32N,C12Y144,03:10:00,J
942,1311,2025-05-18 00:00:00,2025-05-18 00:00:00,_ _ _ _ _ _ 7 ,MRV,,14:50:00,SVO,B,18:00:00,32B,C16Y167,03:10:00,J
943,1311,2025-05-19 00:00:00,2025-05-26 00:00:00,1 _ _ _ _ _ _ ,MRV,,14:55:00,SVO,B,18:00:00,32N,C12Y144,03:05:00,J
944,1311,2025-05-20 00:00:00,2025-05-31 00:00:00,_ 2 3 4 5 6 7 ,MRV,,14:50:00,SVO,B,18:00:00,32N,C12Y144,03:10:00,J
945,1312,2025-05-11 00:00:00,2025-05-11 00:00:00,_ _ _ _ _ _ 7 ,SVO,B,07:35:00,MRV,,11:00:00,321,C28Y142,03:25:00,J
946,1312,2025-05-12 00:00:00,2025-05-31 00:00:00,1 2 3 _ _ 6 _ ,SVO,B,07:35:00,MRV,,11:00:00,32B,C16Y167,03:25:00,J
947,1312,2025-05-15 00:00:00,2025-05-30 00:00:00,_ _ _ 4 5 _ _ ,SVO,B,07:35:00,MRV,,10:55:00,32B,C16Y167,03:20:00,J
948,1312,2025-05-18 00:00:00,2025-05-25 00:00:00,_ _ _ _ _ _ 7 ,SVO,B,07:35:00,MRV,,11:00:00,32B,C16Y167,03:25:00,J
949,1313,2025-05-11 00:00:00,2025-05-11 00:00:00,_ _ _ _ _ _ 7 ,MRV,,12:00:00,SVO,B,15:35:00,321,C28Y142,03:35:00,J
950,1313,2025-05-12 00:00:00,2025-05-31 00:00:00,1 2 3 _ _ 6 _ ,MRV,,12:00:00,SVO,B,15:25:00,32B,C16Y167,03:25:00,J
951,1313,2025-05-15 00:00:00,2025-05-30 00:00:00,_ _ _ 4 5 _ _ ,MRV,,11:55:00,SVO,B,15:25:00,32B,C16Y167,03:30:00,J
952,1313,2025-05-18 00:00:00,2025-05-25 00:00:00,_ _ _ _ _ _ 7 ,MRV,,12:00:00,SVO,B,15:35:00,32B,C16Y167,03:35:00,J
953,1314,2025-05-11 00:00:00,2025-05-31 00:00:00,_ 2 _ 4 5 6 7 ,SVO,B,18:45:00,MRV,,22:10:00,32A,C8Y150,03:25:00,J
954,1314,2025-05-12 00:00:00,2025-05-28 00:00:00,1 _ 3 _ _ _ _ ,SVO,B,18:40:00,MRV,,22:10:00,32A,C8Y150,03:30:00,J
955,1315,2025-05-11 00:00:00,2025-05-31 00:00:00,1 _ 3 4 5 6 7 ,MRV,,04:05:00,SVO,B,07:15:00,32A,C8Y150,03:10:00,J
956,1315,2025-05-13 00:00:00,2025-05-27 00:00:00,_ 2 _ _ _ _ _ ,MRV,,04:05:00,SVO,B,07:10:00,32A,C8Y150,03:05:00,J
957,1318,2025-05-11 00:00:00,2025-05-21 00:00:00,1 2 3 4 5 6 7 ,SVO,B,04:10:00,MMK,,06:45:00,32A,C8Y150,02:35:00,J
958,1318,2025-05-22 00:00:00,2025-05-24 00:00:00,_ _ _ 4 5 6 _ ,SVO,B,04:10:00,MMK,,06:45:00,32B,C16Y167,02:35:00,J
959,1318,2025-05-25 00:00:00,2025-05-29 00:00:00,1 2 3 4 _ _ 7 ,SVO,B,04:10:00,MMK,,06:45:00,32A,C8Y150,02:35:00,J
960,1318,2025-05-30 00:00:00,2025-06-06 00:00:00,_ _ _ _ 5 6 7 ,SVO,B,04:10:00,MMK,,06:45:00,32B,C16Y167,02:35:00,J
961,1319,2025-05-11 00:00:00,2025-05-21 00:00:00,1 2 3 4 5 6 7 ,MMK,,07:45:00,SVO,B,10:10:00,32A,C8Y150,02:25:00,J
962,1319,2025-05-22 00:00:00,2025-05-24 00:00:00,_ _ _ 4 5 6 _ ,MMK,,07:45:00,SVO,B,10:10:00,32B,C16Y167,02:25:00,J
963,1319,2025-05-25 00:00:00,2025-05-29 00:00:00,1 2 3 4 _ _ 7 ,MMK,,07:45:00,SVO,B,10:10:00,32A,C8Y150,02:25:00,J
964,1319,2025-05-30 00:00:00,2025-06-06 00:00:00,_ _ _ _ 5 6 7 ,MMK,,07:45:00,SVO,B,10:10:00,32B,C16Y167,02:25:00,J
965,1322,2025-05-11 00:00:00,2025-05-11 00:00:00,_ _ _ _ _ _ 7 ,SVO,B,16:50:00,MMK,,19:25:00,32B,C16Y167,02:35:00,J
966,1322,2025-05-12 00:00:00,2025-05-22 00:00:00,1 2 3 4 5 6 7 ,SVO,B,16:50:00,MMK,,19:25:00,32A,C8Y150,02:35:00,J
967,1322,2025-05-23 00:00:00,2025-05-23 00:00:00,_ _ _ _ 5 _ _ ,SVO,B,16:50:00,MMK,,19:25:00,32B,C16Y167,02:35:00,J
968,1322,2025-05-24 00:00:00,2025-05-30 00:00:00,1 2 3 4 5 6 7 ,SVO,B,16:50:00,MMK,,19:25:00,32A,C8Y150,02:35:00,J
969,1322,2025-05-31 00:00:00,2025-06-06 00:00:00,_ _ _ _ 5 6 _ ,SVO,B,16:50:00,MMK,,19:25:00,32B,C16Y167,02:35:00,J
970,1323,2025-05-11 00:00:00,2025-05-11 00:00:00,_ _ _ _ _ _ 7 ,MMK,,20:25:00,SVO,B,22:50:00,32B,C16Y167,02:25:00,J
971,1323,2025-05-12 00:00:00,2025-05-22 00:00:00,1 2 3 4 5 6 7 ,MMK,,20:25:00,SVO,B,22:50:00,32A,C8Y150,02:25:00,J
972,1323,2025-05-23 00:00:00,2025-05-23 00:00:00,_ _ _ _ 5 _ _ ,MMK,,20:25:00,SVO,B,22:50:00,32B,C16Y167,02:25:00,J
973,1323,2025-05-24 00:00:00,2025-05-30 00:00:00,1 2 3 4 5 6 7 ,MMK,,20:25:00,SVO,B,22:50:00,32A,C8Y150,02:25:00,J
974,1323,2025-05-31 00:00:00,2025-06-06 00:00:00,_ _ _ _ 5 6 _ ,MMK,,20:25:00,SVO,B,22:50:00,32B,C16Y167,02:25:00,J
975,1324,2025-05-11 00:00:00,2025-05-14 00:00:00,_ _ 3 _ _ _ 7 ,SVO,B,12:10:00,MMK,,14:45:00,32A,C8Y150,02:35:00,J
976,1324,2025-05-12 00:00:00,2025-05-16 00:00:00,1 _ _ _ 5 _ _ ,SVO,B,12:10:00,MMK,,14:45:00,32A,C8Y150,02:35:00,J
977,1324,2025-05-13 00:00:00,2025-05-15 00:00:00,_ 2 _ 4 _ _ _ ,SVO,B,12:10:00,MMK,,14:45:00,320,C20Y120,02:35:00,J
978,1324,2025-05-17 00:00:00,2025-05-29 00:00:00,1 2 _ 4 5 6 7 ,SVO,B,12:10:00,MMK,,14:45:00,320,C20Y120,02:35:00,J
979,1324,2025-05-21 00:00:00,2025-06-11 00:00:00,_ _ 3 _ _ _ _ ,SVO,B,12:10:00,MMK,,14:45:00,320,C20Y120,02:35:00,J
980,1324,2025-05-30 00:00:00,2025-06-06 00:00:00,1 _ _ _ 5 _ _ ,SVO,B,12:10:00,MMK,,14:45:00,32B,C16Y167,02:35:00,J
981,1324,2025-05-31 00:00:00,2025-06-01 00:00:00,_ _ _ _ _ 6 7 ,SVO,B,12:10:00,MMK,,14:45:00,321,C28Y142,02:35:00,J
982,1325,2025-05-11 00:00:00,2025-05-14 00:00:00,1 _ 3 _ _ _ 7 ,MMK,,15:45:00,SVO,B,18:15:00,32A,C8Y150,02:30:00,J
983,1325,2025-05-13 00:00:00,2025-05-15 00:00:00,_ 2 _ 4 _ _ _ ,MMK,,15:45:00,SVO,B,18:15:00,320,C20Y120,02:30:00,J
984,1325,2025-05-16 00:00:00,2025-05-16 00:00:00,_ _ _ _ 5 _ _ ,MMK,,15:45:00,SVO,B,18:15:00,32A,C8Y150,02:30:00,J
985,1325,2025-05-17 00:00:00,2025-05-18 00:00:00,_ _ _ _ _ 6 7 ,MMK,,15:45:00,SVO,B,18:15:00,320,C20Y120,02:30:00,J
986,1325,2025-05-19 00:00:00,2025-05-29 00:00:00,1 2 3 4 5 6 7 ,MMK,,15:45:00,SVO,B,18:15:00,320,C20Y120,02:30:00,J
987,1325,2025-05-30 00:00:00,2025-06-06 00:00:00,1 _ _ _ 5 _ _ ,MMK,,15:45:00,SVO,B,18:15:00,32B,C16Y167,02:30:00,J
988,1325,2025-05-31 00:00:00,2025-06-01 00:00:00,_ _ _ _ _ 6 7 ,MMK,,15:45:00,SVO,B,18:15:00,321,C28Y142,02:30:00,J
989,1326,2025-05-11 00:00:00,2025-05-12 00:00:00,1 _ _ _ _ _ 7 ,SVO,B,19:55:00,MMK,,22:30:00,32A,C8Y150,02:35:00,J
990,1326,2025-05-13 00:00:00,2025-05-30 00:00:00,1 2 3 4 5 6 _ ,SVO,B,19:55:00,MMK,,22:30:00,320,C20Y120,02:35:00,J
991,1326,2025-05-18 00:00:00,2025-05-25 00:00:00,_ _ _ _ _ _ 7 ,SVO,B,19:55:00,MMK,,22:30:00,320,C20Y120,02:35:00,J
992,1326,2025-05-31 00:00:00,2025-06-01 00:00:00,_ _ _ _ _ 6 7 ,SVO,B,19:55:00,MMK,,22:30:00,32B,C16Y167,02:35:00,J
993,1327,2025-05-11 00:00:00,2025-05-12 00:00:00,1 _ _ _ _ _ 7 ,MMK,,23:30:00,SVO,B,01:55:00,32A,C8Y150,02:25:00,J
994,1327,2025-05-13 00:00:00,2025-05-30 00:00:00,1 2 3 4 5 6 _ ,MMK,,23:30:00,SVO,B,01:55:00,320,C20Y120,02:25:00,J
995,1327,2025-05-18 00:00:00,2025-05-25 00:00:00,_ _ _ _ _ _ 7 ,MMK,,23:30:00,SVO,B,01:55:00,320,C20Y120,02:25:00,J
996,1327,2025-05-31 00:00:00,2025-06-01 00:00:00,_ _ _ _ _ 6 7 ,MMK,,23:30:00,SVO,B,01:55:00,32B,C16Y167,02:25:00,J
997,1332,2025-05-11 00:00:00,2025-05-14 00:00:00,_ 2 3 _ _ _ 7 ,SVO,B,05:10:00,ARH,,07:05:00,320,C20Y120,01:55:00,J
998,1332,2025-05-12 00:00:00,2025-05-26 00:00:00,1 _ _ _ _ _ _ ,SVO,B,05:10:00,ARH,,07:05:00,32A,C8Y150,01:55:00,J
999,1332,2025-05-15 00:00:00,2025-05-15 00:00:00,_ _ _ 4 _ _ _ ,SVO,B,05:10:00,ARH,,07:05:00,32A,C8Y150,01:55:00,J
1000,1332,2025-05-16 00:00:00,2025-05-23 00:00:00,_ _ _ _ 5 _ _ ,SVO,B,05:10:00,ARH,,07:05:00,32A,C8Y150,01:55:00,J
1001,1332,2025-05-17 00:00:00,2025-05-21 00:00:00,_ 2 3 _ _ 6 7 ,SVO,B,05:10:00,ARH,,07:05:00,320,C20Y120,01:55:00,J
1002,1332,2025-05-22 00:00:00,2025-05-29 00:00:00,_ _ _ 4 _ _ _ ,SVO,B,05:10:00,ARH,,07:05:00,320,C20Y120,01:55:00,J
1003,1332,2025-05-24 00:00:00,2025-05-31 00:00:00,_ 2 3 _ 5 6 7 ,SVO,B,05:10:00,ARH,,07:05:00,320,C20Y120,01:55:00,J
1004,1333,2025-05-11 00:00:00,2025-05-14 00:00:00,_ 2 3 _ _ _ 7 ,ARH,,08:05:00,SVO,B,10:00:00,320,C20Y120,01:55:00,J
1005,1333,2025-05-12 00:00:00,2025-05-26 00:00:00,1 _ _ _ _ _ _ ,ARH,,08:05:00,SVO,B,10:00:00,32A,C8Y150,01:55:00,J
1006,1333,2025-05-15 00:00:00,2025-05-15 00:00:00,_ _ _ 4 _ _ _ ,ARH,,08:05:00,SVO,B,10:00:00,32A,C8Y150,01:55:00,J
1007,1333,2025-05-16 00:00:00,2025-05-23 00:00:00,_ _ _ _ 5 _ _ ,ARH,,08:05:00,SVO,B,10:00:00,32A,C8Y150,01:55:00,J
1008,1333,2025-05-17 00:00:00,2025-05-21 00:00:00,_ 2 3 _ _ 6 7 ,ARH,,08:05:00,SVO,B,10:00:00,320,C20Y120,01:55:00,J
1009,1333,2025-05-22 00:00:00,2025-05-29 00:00:00,_ _ _ 4 _ _ _ ,ARH,,08:05:00,SVO,B,10:00:00,320,C20Y120,01:55:00,J
1010,1333,2025-05-24 00:00:00,2025-05-31 00:00:00,_ 2 3 _ 5 6 7 ,ARH,,08:05:00,SVO,B,10:00:00,320,C20Y120,01:55:00,J
1011,1340,2025-05-21 00:00:00,2025-05-25 00:00:00,_ _ 3 _ _ _ 7 ,SVO,B,15:20:00,ARH,,17:20:00,32A,C8Y150,02:00:00,J
1012,1340,2025-05-26 00:00:00,2025-05-26 00:00:00,1 _ _ _ _ _ _ ,SVO,B,15:20:00,ARH,,17:20:00,320,C20Y120,02:00:00,J
1013,1341,2025-05-21 00:00:00,2025-05-25 00:00:00,_ _ 3 _ _ _ 7 ,ARH,,18:20:00,SVO,B,20:10:00,32A,C8Y150,01:50:00,J
1014,1341,2025-05-26 00:00:00,2025-05-26 00:00:00,1 _ _ _ _ _ _ ,ARH,,18:20:00,SVO,B,20:10:00,320,C20Y120,01:50:00,J
1015,1346,2025-05-11 00:00:00,2025-05-11 00:00:00,_ _ _ _ _ _ 7 ,SVO,B,08:45:00,KVK,,11:15:00,32A,C8Y150,02:30:00,J
1016,1346,2025-05-14 00:00:00,2025-05-28 00:00:00,_ _ 3 _ _ _ _ ,SVO,B,08:45:00,KVK,,11:15:00,32A,C8Y150,02:30:00,J
1017,1346,2025-05-16 00:00:00,2025-05-23 00:00:00,_ _ _ _ 5 _ _ ,SVO,B,08:45:00,KVK,,11:15:00,32B,C16Y167,02:30:00,J
1018,1346,2025-05-18 00:00:00,2025-05-18 00:00:00,_ _ _ _ _ _ 7 ,SVO,B,08:45:00,KVK,,11:15:00,32A,C8Y150,02:30:00,J
1019,1346,2025-05-25 00:00:00,2025-05-25 00:00:00,_ _ _ _ _ _ 7 ,SVO,B,08:45:00,KVK,,11:15:00,32A,C8Y150,02:30:00,J
1020,1347,2025-05-11 00:00:00,2025-05-11 00:00:00,_ _ _ _ _ _ 7 ,KVK,,12:10:00,SVO,B,14:25:00,32A,C8Y150,02:15:00,J
1021,1347,2025-05-14 00:00:00,2025-05-14 00:00:00,_ _ 3 _ _ _ _ ,KVK,,12:10:00,SVO,B,14:25:00,32A,C8Y150,02:15:00,J
1022,1347,2025-05-16 00:00:00,2025-05-23 00:00:00,_ _ _ _ 5 _ _ ,KVK,,12:10:00,SVO,B,14:25:00,32B,C16Y167,02:15:00,J
1023,1347,2025-05-18 00:00:00,2025-05-21 00:00:00,_ _ 3 _ _ _ 7 ,KVK,,12:10:00,SVO,B,14:25:00,32A,C8Y150,02:15:00,J
1024,1348,2025-05-12 00:00:00,2025-05-31 00:00:00,1 _ _ _ _ 6 _ ,SVO,B,11:20:00,MRV,,14:50:00,32A,C8Y150,03:30:00,J
1025,1348,2025-05-15 00:00:00,2025-05-29 00:00:00,_ _ _ 4 _ _ _ ,SVO,B,05:40:00,MRV,,09:10:00,32A,C8Y150,03:30:00,J
1026,1349,2025-05-11 00:00:00,2025-05-25 00:00:00,_ _ _ _ _ _ 7 ,MRV,,18:35:00,SVO,B,21:40:00,32A,C8Y150,03:05:00,J
1027,1349,2025-05-13 00:00:00,2025-05-27 00:00:00,_ 2 _ _ _ _ _ ,MRV,,13:00:00,SVO,B,16:10:00,32A,C8Y150,03:10:00,J
1028,1349,2025-05-15 00:00:00,2025-05-29 00:00:00,_ _ _ 4 _ _ _ ,MRV,,18:30:00,SVO,B,21:40:00,32A,C8Y150,03:10:00,J
1029,1356,2025-05-11 00:00:00,2025-05-31 00:00:00,_ 2 3 4 _ 6 7 ,SVO,B,06:25:00,GSV,,08:05:00,32A,C8Y150,01:40:00,J
1030,1356,2025-05-12 00:00:00,2025-05-26 00:00:00,1 _ _ _ 5 _ _ ,SVO,B,06:25:00,GSV,,08:05:00,32A,C8Y150,01:40:00,J
1031,1357,2025-05-11 00:00:00,2025-05-31 00:00:00,_ 2 3 4 _ 6 7 ,GSV,,09:05:00,SVO,B,10:50:00,32A,C8Y150,01:45:00,J
1032,1357,2025-05-12 00:00:00,2025-05-26 00:00:00,1 _ _ _ 5 _ _ ,GSV,,09:05:00,SVO,B,10:50:00,32A,C8Y150,01:45:00,J
1033,1358,2025-05-11 00:00:00,2025-05-11 00:00:00,_ _ _ _ _ _ 7 ,SVO,B,13:10:00,GSV,,14:45:00,32A,C8Y150,01:35:00,J
1034,1359,2025-05-11 00:00:00,2025-05-11 00:00:00,_ _ _ _ _ _ 7 ,GSV,,15:45:00,SVO,B,17:30:00,32A,C8Y150,01:45:00,J
1035,1362,2025-05-11 00:00:00,2025-05-14 00:00:00,1 2 3 _ _ _ 7 ,SVO,B,08:35:00,STW,,12:00:00,320,C20Y120,03:25:00,J
1036,1362,2025-05-16 00:00:00,2025-05-19 00:00:00,1 _ _ _ 5 _ _ ,SVO,B,08:35:00,STW,,12:00:00,32A,C8Y150,03:25:00,J
1037,1362,2025-05-17 00:00:00,2025-05-18 00:00:00,_ _ _ _ _ 6 7 ,SVO,B,08:35:00,STW,,12:00:00,320,C20Y120,03:25:00,J
1038,1362,2025-05-20 00:00:00,2025-05-30 00:00:00,1 2 3 _ 5 6 7 ,SVO,B,08:35:00,STW,,12:00:00,320,C20Y120,03:25:00,J
1039,1363,2025-05-11 00:00:00,2025-05-11 00:00:00,_ _ _ _ _ _ 7 ,STW,,12:55:00,SVO,B,16:35:00,320,C20Y120,03:40:00,J
1040,1363,2025-05-12 00:00:00,2025-05-15 00:00:00,1 2 3 4 _ _ _ ,STW,,12:55:00,SVO,B,16:25:00,320,C20Y120,03:30:00,J
1041,1363,2025-05-16 00:00:00,2025-05-19 00:00:00,1 _ _ _ 5 _ _ ,STW,,12:55:00,SVO,B,16:25:00,32A,C8Y150,03:30:00,J
1042,1363,2025-05-17 00:00:00,2025-05-18 00:00:00,_ _ _ _ _ 6 7 ,STW,,12:55:00,SVO,B,16:25:00,320,C20Y120,03:30:00,J
1043,1363,2025-05-20 00:00:00,2025-05-31 00:00:00,1 2 3 4 5 6 7 ,STW,,12:55:00,SVO,B,16:25:00,320,C20Y120,03:30:00,J
1044,1364,2025-05-11 00:00:00,2025-05-11 00:00:00,_ _ _ _ _ _ 7 ,SVO,B,10:45:00,STW,,14:20:00,73H,C20Y138,03:35:00,J
1045,1364,2025-05-12 00:00:00,2025-05-26 00:00:00,1 _ _ _ _ _ _ ,SVO,B,10:45:00,STW,,14:20:00,320,C20Y120,03:35:00,J
1046,1364,2025-05-13 00:00:00,2025-05-20 00:00:00,_ 2 3 4 5 6 7 ,SVO,B,10:45:00,STW,,14:20:00,32A,C8Y150,03:35:00,J
1047,1364,2025-05-21 00:00:00,2025-05-23 00:00:00,_ _ 3 _ 5 _ _ ,SVO,B,10:45:00,STW,,14:20:00,73H,C20Y138,03:35:00,J
1048,1364,2025-05-22 00:00:00,2025-05-31 00:00:00,_ 2 _ 4 _ 6 7 ,SVO,B,10:45:00,STW,,14:20:00,32A,C8Y150,03:35:00,J
1049,1364,2025-05-28 00:00:00,2025-05-30 00:00:00,_ _ 3 _ 5 _ _ ,SVO,B,10:45:00,STW,,14:20:00,32A,C8Y150,03:35:00,J
1050,1365,2025-05-11 00:00:00,2025-05-11 00:00:00,_ _ _ _ _ _ 7 ,STW,,15:20:00,SVO,B,18:40:00,73H,C20Y138,03:20:00,J
1051,1365,2025-05-12 00:00:00,2025-05-12 00:00:00,1 _ _ _ _ _ _ ,STW,,15:20:00,SVO,B,18:40:00,320,C20Y120,03:20:00,J
1052,1365,2025-05-13 00:00:00,2025-05-18 00:00:00,_ 2 3 4 5 6 7 ,STW,,15:20:00,SVO,B,18:40:00,32A,C8Y150,03:20:00,J
1053,1365,2025-05-19 00:00:00,2025-05-26 00:00:00,1 _ _ _ _ _ _ ,STW,,15:10:00,SVO,B,18:25:00,320,C20Y120,03:15:00,J
1054,1365,2025-05-20 00:00:00,2025-05-31 00:00:00,_ 2 _ 4 _ 6 7 ,STW,,15:10:00,SVO,B,18:30:00,32A,C8Y150,03:20:00,J
1055,1365,2025-05-21 00:00:00,2025-05-23 00:00:00,_ _ 3 _ 5 _ _ ,STW,,15:10:00,SVO,B,18:25:00,73H,C20Y138,03:15:00,J
1056,1365,2025-05-28 00:00:00,2025-05-28 00:00:00,_ _ 3 _ _ _ _ ,STW,,15:10:00,SVO,B,18:30:00,32A,C8Y150,03:20:00,J
1057,1365,2025-05-30 00:00:00,2025-05-30 00:00:00,_ _ _ _ 5 _ _ ,STW,,15:10:00,SVO,B,18:25:00,32A,C8Y150,03:15:00,J
1058,1366,2025-05-11 00:00:00,2025-05-26 00:00:00,1 _ 3 4 5 _ 7 ,SVO,B,06:20:00,STW,,09:55:00,320,C20Y120,03:35:00,J
1059,1366,2025-05-13 00:00:00,2025-05-17 00:00:00,_ 2 _ _ _ 6 _ ,SVO,B,06:25:00,STW,,09:55:00,320,C20Y120,03:30:00,J
1060,1366,2025-05-20 00:00:00,2025-05-31 00:00:00,_ 2 _ _ _ 6 _ ,SVO,B,06:20:00,STW,,09:55:00,320,C20Y120,03:35:00,J
1061,1366,2025-05-28 00:00:00,2025-05-28 00:00:00,_ _ 3 _ _ _ _ ,SVO,B,06:20:00,STW,,09:55:00,32A,C8Y150,03:35:00,J
1062,1366,2025-05-29 00:00:00,2025-05-30 00:00:00,_ _ _ 4 5 _ _ ,SVO,B,06:20:00,STW,,09:55:00,320,C20Y120,03:35:00,J
1063,1367,2025-05-11 00:00:00,2025-05-11 00:00:00,_ _ _ _ _ _ 7 ,STW,,10:55:00,SVO,B,14:00:00,320,C20Y120,03:05:00,J
1064,1367,2025-05-12 00:00:00,2025-05-27 00:00:00,1 2 3 4 5 6 7 ,STW,,10:55:00,SVO,B,14:05:00,320,C20Y120,03:10:00,J
1065,1367,2025-05-28 00:00:00,2025-05-28 00:00:00,_ _ 3 _ _ _ _ ,STW,,10:55:00,SVO,B,14:05:00,32A,C8Y150,03:10:00,J
1066,1367,2025-05-29 00:00:00,2025-05-31 00:00:00,_ _ _ 4 5 6 _ ,STW,,10:55:00,SVO,B,14:05:00,320,C20Y120,03:10:00,J
1067,1386,2025-05-16 00:00:00,2025-05-23 00:00:00,_ _ _ _ 5 _ _ ,SVO,B,10:50:00,ULV,,12:20:00,320,C20Y120,01:30:00,J
1068,1387,2025-05-16 00:00:00,2025-05-23 00:00:00,_ _ _ _ 5 _ _ ,ULV,,13:10:00,SVO,B,14:40:00,320,C20Y120,01:30:00,J
1069,1394,2025-05-11 00:00:00,2025-05-30 00:00:00,1 2 3 4 5 6 7 ,SVO,B,17:40:00,PEE,,19:45:00,32A,C8Y150,02:05:00,J
1070,1394,2025-05-31 00:00:00,2025-06-12 00:00:00,1 2 3 4 _ 6 _ ,SVO,B,17:40:00,PEE,,19:45:00,32A,C8Y150,02:05:00,J
1071,1395,2025-05-11 00:00:00,2025-06-14 00:00:00,1 2 3 4 5 6 7 ,PEE,,01:25:00,SVO,B,03:40:00,32A,C8Y150,02:15:00,J
1072,1396,2025-05-11 00:00:00,2025-05-11 00:00:00,_ _ _ _ _ _ 7 ,SVO,B,14:35:00,SCW,,16:25:00,320,C20Y120,01:50:00,J
1073,1396,2025-05-12 00:00:00,2025-05-15 00:00:00,1 _ 3 4 _ _ _ ,SVO,B,14:35:00,SCW,,16:25:00,73H,C20Y138,01:50:00,J
1074,1396,2025-05-13 00:00:00,2025-05-13 00:00:00,_ 2 _ _ _ _ _ ,SVO,B,14:35:00,SCW,,16:25:00,32A,C8Y150,01:50:00,J
1075,1396,2025-05-16 00:00:00,2025-05-21 00:00:00,_ 2 3 _ 5 _ 7 ,SVO,B,14:35:00,SCW,,16:25:00,32A,C8Y150,01:50:00,J
1076,1396,2025-05-17 00:00:00,2025-05-19 00:00:00,1 _ _ _ _ 6 _ ,SVO,B,14:35:00,SCW,,16:25:00,73H,C20Y138,01:50:00,J
1077,1396,2025-05-22 00:00:00,2025-05-22 00:00:00,_ _ _ 4 _ _ _ ,SVO,B,14:35:00,SCW,,16:25:00,73H,C20Y138,01:50:00,J
1078,1396,2025-05-23 00:00:00,2025-05-26 00:00:00,1 _ _ _ 5 6 _ ,SVO,B,14:35:00,SCW,,16:25:00,320,C20Y120,01:50:00,J
1079,1396,2025-05-25 00:00:00,2025-05-27 00:00:00,_ 2 _ _ _ _ 7 ,SVO,B,14:35:00,SCW,,16:25:00,73H,C20Y138,01:50:00,J
1080,1396,2025-05-28 00:00:00,2025-05-31 00:00:00,_ _ 3 _ 5 6 _ ,SVO,B,14:35:00,SCW,,16:25:00,32A,C8Y150,01:50:00,J
1081,1396,2025-05-29 00:00:00,2025-05-29 00:00:00,_ _ _ 4 _ _ _ ,SVO,B,14:35:00,SCW,,16:25:00,73H,C20Y138,01:50:00,J
1082,1397,2025-05-11 00:00:00,2025-05-11 00:00:00,_ _ _ _ _ _ 7 ,SCW,,17:25:00,SVO,B,19:15:00,320,C20Y120,01:50:00,J
1083,1397,2025-05-12 00:00:00,2025-05-15 00:00:00,1 _ 3 4 _ _ _ ,SCW,,17:25:00,SVO,B,19:15:00,73H,C20Y138,01:50:00,J
1084,1397,2025-05-13 00:00:00,2025-05-18 00:00:00,_ 2 _ _ 5 _ 7 ,SCW,,17:25:00,SVO,B,19:15:00,32A,C8Y150,01:50:00,J
1085,1397,2025-05-17 00:00:00,2025-05-19 00:00:00,1 _ _ _ _ 6 _ ,SCW,,17:25:00,SVO,B,19:15:00,73H,C20Y138,01:50:00,J
1086,1397,2025-05-20 00:00:00,2025-05-21 00:00:00,_ 2 3 _ _ _ _ ,SCW,,17:25:00,SVO,B,19:15:00,32A,C8Y150,01:50:00,J
1087,1397,2025-05-22 00:00:00,2025-05-22 00:00:00,_ _ _ 4 _ _ _ ,SCW,,17:25:00,SVO,B,19:15:00,73H,C20Y138,01:50:00,J
1088,1397,2025-05-23 00:00:00,2025-05-26 00:00:00,1 _ _ _ 5 6 _ ,SCW,,17:25:00,SVO,B,19:15:00,320,C20Y120,01:50:00,J
1089,1397,2025-05-25 00:00:00,2025-05-27 00:00:00,_ 2 _ _ _ _ 7 ,SCW,,17:25:00,SVO,B,19:15:00,73H,C20Y138,01:50:00,J
1090,1397,2025-05-28 00:00:00,2025-05-31 00:00:00,_ _ 3 _ 5 6 _ ,SCW,,17:25:00,SVO,B,19:15:00,32A,C8Y150,01:50:00,J
1091,1397,2025-05-29 00:00:00,2025-05-29 00:00:00,_ _ _ 4 _ _ _ ,SCW,,17:25:00,SVO,B,19:15:00,73H,C20Y138,01:50:00,J
1092,1400,2025-05-11 00:00:00,2025-05-26 00:00:00,1 2 3 4 5 6 7 ,SVO,B,05:35:00,SVX,,08:00:00,32A,C8Y150,02:25:00,J
1093,1400,2025-05-29 00:00:00,2025-06-15 00:00:00,1 2 3 4 5 6 7 ,SVO,B,05:35:00,SVX,,08:00:00,32A,C8Y150,02:25:00,J
1094,1401,2025-05-11 00:00:00,2025-05-25 00:00:00,1 2 3 4 _ 6 7 ,SVX,,08:55:00,SVO,B,11:35:00,32A,C8Y150,02:40:00,J
1095,1401,2025-05-26 00:00:00,2025-05-26 00:00:00,1 _ _ _ _ _ _ ,SVX,,08:55:00,SVO,B,11:30:00,32A,C8Y150,02:35:00,J
1096,1401,2025-05-27 00:00:00,2025-05-28 00:00:00,_ 2 3 _ _ _ _ ,SVX,,08:55:00,SVO,B,11:35:00,73H,C20Y138,02:40:00,J
1097,1401,2025-05-29 00:00:00,2025-06-01 00:00:00,_ _ _ 4 _ 6 7 ,SVX,,08:55:00,SVO,B,11:35:00,32A,C8Y150,02:40:00,J
1098,1402,2025-05-11 00:00:00,2025-05-11 00:00:00,_ _ _ _ _ _ 7 ,SVO,B,09:05:00,SVX,,11:30:00,32N,C12Y144,02:25:00,J
1099,1403,2025-05-11 00:00:00,2025-05-11 00:00:00,_ _ _ _ _ _ 7 ,SVX,,12:30:00,SVO,B,15:10:00,32N,C12Y144,02:40:00,J
1100,1404,2025-05-11 00:00:00,2025-05-11 00:00:00,_ _ _ _ _ _ 7 ,SVO,B,12:20:00,SVX,,14:50:00,32A,C8Y150,02:30:00,J
1101,1404,2025-05-12 00:00:00,2025-05-17 00:00:00,1 _ _ _ _ 6 _ ,SVO,B,12:20:00,SVX,,14:50:00,32B,C16Y167,02:30:00,J
1102,1404,2025-05-13 00:00:00,2025-05-19 00:00:00,1 2 _ _ _ _ _ ,SVO,B,12:20:00,SVX,,14:50:00,73H,C20Y138,02:30:00,J
1103,1404,2025-05-14 00:00:00,2025-05-21 00:00:00,_ _ 3 _ _ _ _ ,SVO,B,12:20:00,SVX,,14:50:00,32A,C8Y150,02:30:00,J
1104,1404,2025-05-15 00:00:00,2025-05-29 00:00:00,_ _ _ 4 _ _ _ ,SVO,B,12:20:00,SVX,,14:50:00,3KR,C28Y268,02:30:00,J
1105,1404,2025-05-18 00:00:00,2025-06-01 00:00:00,_ _ _ _ _ _ 7 ,SVO,B,12:20:00,SVX,,14:50:00,3KR,C28Y268,02:30:00,J
1106,1405,2025-05-11 00:00:00,2025-05-11 00:00:00,_ _ _ _ _ _ 7 ,SVX,,15:50:00,SVO,B,18:30:00,32A,C8Y150,02:40:00,J
1107,1405,2025-05-12 00:00:00,2025-05-17 00:00:00,1 _ _ _ _ 6 _ ,SVX,,15:50:00,SVO,B,18:30:00,32B,C16Y167,02:40:00,J
1108,1405,2025-05-13 00:00:00,2025-05-19 00:00:00,1 2 _ _ _ _ _ ,SVX,,15:50:00,SVO,B,18:30:00,73H,C20Y138,02:40:00,J
1109,1405,2025-05-14 00:00:00,2025-05-21 00:00:00,_ _ 3 _ _ _ _ ,SVX,,15:50:00,SVO,B,18:30:00,32A,C8Y150,02:40:00,J
1110,1405,2025-05-20 00:00:00,2025-05-27 00:00:00,_ 2 _ _ _ _ _ ,SVX,,16:45:00,SVO,B,19:30:00,3KR,C28Y268,02:45:00,J
1111,1410,2025-05-15 00:00:00,2025-05-30 00:00:00,_ _ _ 4 5 _ _ ,SVO,B,03:30:00,SVX,,05:50:00,32A,C8Y150,02:20:00,J
1112,1410,2025-05-19 00:00:00,2025-05-26 00:00:00,1 _ _ _ _ _ _ ,SVO,B,03:30:00,SVX,,05:50:00,320,C20Y120,02:20:00,J
1113,1411,2025-05-12 00:00:00,2025-05-12 00:00:00,1 _ _ _ _ _ _ ,SVX,,06:50:00,SVO,B,09:25:00,3KR,C28Y268,02:35:00,J
1114,1411,2025-05-14 00:00:00,2025-05-28 00:00:00,_ _ 3 _ _ _ _ ,SVX,,09:00:00,SVO,B,11:30:00,3KR,C28Y268,02:30:00,J
1115,1411,2025-05-15 00:00:00,2025-05-29 00:00:00,_ _ _ 4 _ _ _ ,SVX,,06:50:00,SVO,B,09:25:00,32A,C8Y150,02:35:00,J
1116,1411,2025-05-16 00:00:00,2025-05-30 00:00:00,_ _ _ _ 5 _ _ ,SVX,,06:50:00,SVO,B,09:35:00,32A,C8Y150,02:45:00,J
1117,1411,2025-05-19 00:00:00,2025-05-26 00:00:00,1 _ _ _ _ _ _ ,SVX,,06:50:00,SVO,B,09:25:00,320,C20Y120,02:35:00,J
1118,1413,2025-05-12 00:00:00,2025-05-26 00:00:00,1 _ _ _ _ _ _ ,SVX,,17:30:00,SVO,B,20:20:00,73H,C20Y138,02:50:00,J
1119,1414,2025-05-11 00:00:00,2025-05-25 00:00:00,_ _ _ _ _ _ 7 ,SVO,B,14:40:00,SVX,,17:10:00,32B,C16Y167,02:30:00,J
1120,1414,2025-05-12 00:00:00,2025-05-24 00:00:00,1 2 3 4 5 6 _ ,SVO,B,14:40:00,SVX,,17:10:00,32B,C16Y167,02:30:00,J
1121,1414,2025-05-26 00:00:00,2025-05-27 00:00:00,1 2 _ _ _ _ _ ,SVO,B,14:40:00,SVX,,17:10:00,73H,C20Y138,02:30:00,J
1122,1414,2025-05-28 00:00:00,2025-05-31 00:00:00,_ _ 3 4 5 6 _ ,SVO,B,14:40:00,SVX,,17:10:00,32B,C16Y167,02:30:00,J
1123,1415,2025-05-12 00:00:00,2025-05-24 00:00:00,1 2 3 4 5 6 _ ,SVX,,18:10:00,SVO,B,20:50:00,32B,C16Y167,02:40:00,J
1124,1416,2025-05-11 00:00:00,2025-05-11 00:00:00,_ _ _ _ _ _ 7 ,SVO,B,06:30:00,SVX,,08:55:00,32A,C8Y150,02:25:00,J
1125,1416,2025-05-12 00:00:00,2025-05-13 00:00:00,1 2 _ _ _ _ _ ,SVO,B,06:30:00,SVX,,08:55:00,32B,C16Y167,02:25:00,J
1126,1416,2025-05-14 00:00:00,2025-05-14 00:00:00,_ _ 3 _ _ _ _ ,SVO,B,06:30:00,SVX,,08:55:00,32A,C8Y150,02:25:00,J
1127,1416,2025-05-15 00:00:00,2025-05-21 00:00:00,1 2 3 4 5 _ 7 ,SVO,B,06:30:00,SVX,,08:55:00,32B,C16Y167,02:25:00,J
1128,1416,2025-05-17 00:00:00,2025-05-31 00:00:00,_ _ _ _ _ 6 _ ,SVO,B,06:30:00,SVX,,08:55:00,32A,C8Y150,02:25:00,J
1129,1416,2025-05-22 00:00:00,2025-05-22 00:00:00,_ _ _ 4 _ _ _ ,SVO,B,06:30:00,SVX,,08:55:00,32A,C8Y150,02:25:00,J
1130,1417,2025-05-11 00:00:00,2025-05-11 00:00:00,_ _ _ _ _ _ 7 ,SVX,,09:55:00,SVO,B,12:35:00,32A,C8Y150,02:40:00,J
1131,1417,2025-05-12 00:00:00,2025-05-13 00:00:00,1 2 _ _ _ _ _ ,SVX,,09:55:00,SVO,B,12:35:00,32B,C16Y167,02:40:00,J
1132,1417,2025-05-14 00:00:00,2025-05-14 00:00:00,_ _ 3 _ _ _ _ ,SVX,,09:55:00,SVO,B,12:35:00,32A,C8Y150,02:40:00,J
1133,1417,2025-05-15 00:00:00,2025-05-21 00:00:00,1 2 3 4 5 _ 7 ,SVX,,09:55:00,SVO,B,12:35:00,32B,C16Y167,02:40:00,J
1134,1417,2025-05-17 00:00:00,2025-05-31 00:00:00,_ _ _ _ _ 6 _ ,SVX,,09:55:00,SVO,B,12:35:00,32A,C8Y150,02:40:00,J
1135,1417,2025-05-22 00:00:00,2025-05-22 00:00:00,_ _ _ 4 _ _ _ ,SVX,,09:55:00,SVO,B,12:35:00,32A,C8Y150,02:40:00,J
1136,1418,2025-05-11 00:00:00,2025-05-18 00:00:00,_ _ _ _ _ _ 7 ,SVO,B,16:00:00,SVX,,18:40:00,32A,C8Y150,02:40:00,J
1137,1418,2025-05-12 00:00:00,2025-05-30 00:00:00,1 2 _ 4 5 _ _ ,SVO,B,16:10:00,SVX,,18:40:00,32A,C8Y150,02:30:00,J
1138,1418,2025-05-14 00:00:00,2025-05-21 00:00:00,_ _ 3 _ _ _ _ ,SVO,B,16:05:00,SVX,,18:40:00,32A,C8Y150,02:35:00,J
1139,1418,2025-05-17 00:00:00,2025-05-31 00:00:00,_ _ _ _ _ 6 _ ,SVO,B,16:10:00,SVX,,18:40:00,32A,C8Y150,02:30:00,J
1140,1418,2025-05-25 00:00:00,2025-05-28 00:00:00,_ _ 3 _ _ _ 7 ,SVO,B,16:10:00,SVX,,18:40:00,32A,C8Y150,02:30:00,J
1141,1419,2025-05-11 00:00:00,2025-06-10 00:00:00,1 2 3 4 5 6 7 ,SVX,,19:40:00,SVO,B,22:10:00,32A,C8Y150,02:30:00,J
1142,1420,2025-05-11 00:00:00,2025-05-18 00:00:00,1 2 3 4 5 6 7 ,SVO,B,07:50:00,CEK,,10:25:00,32A,C8Y150,02:35:00,J
1143,1420,2025-05-19 00:00:00,2025-05-19 00:00:00,1 _ _ _ _ _ _ ,SVO,B,07:50:00,CEK,,10:25:00,32B,C16Y167,02:35:00,J
1144,1421,2025-05-12 00:00:00,2025-05-17 00:00:00,1 2 _ 4 _ 6 _ ,CEK,,11:20:00,SVO,B,14:10:00,32A,C8Y150,02:50:00,J
1145,1421,2025-05-19 00:00:00,2025-05-19 00:00:00,1 _ _ _ _ _ _ ,CEK,,11:20:00,SVO,B,14:10:00,32B,C16Y167,02:50:00,J
1146,1422,2025-05-11 00:00:00,2025-05-25 00:00:00,_ _ _ _ _ _ 7 ,SVO,B,11:00:00,CEK,,13:30:00,320,C20Y120,02:30:00,J
1147,1422,2025-05-12 00:00:00,2025-05-26 00:00:00,1 _ _ _ _ _ _ ,SVO,B,11:00:00,CEK,,13:30:00,32A,C8Y150,02:30:00,J
1148,1422,2025-05-13 00:00:00,2025-05-15 00:00:00,_ 2 3 4 _ _ _ ,SVO,B,11:00:00,CEK,,13:30:00,320,C20Y120,02:30:00,J
1149,1422,2025-05-16 00:00:00,2025-05-23 00:00:00,_ _ _ _ 5 _ _ ,SVO,B,11:00:00,CEK,,13:30:00,73H,C20Y138,02:30:00,J
1150,1422,2025-05-17 00:00:00,2025-05-31 00:00:00,_ 2 3 4 _ 6 _ ,SVO,B,11:00:00,CEK,,13:30:00,320,C20Y120,02:30:00,J
1151,1422,2025-05-30 00:00:00,2025-05-30 00:00:00,_ _ _ _ 5 _ _ ,SVO,B,11:00:00,CEK,,13:30:00,320,C20Y120,02:30:00,J
1152,1423,2025-05-11 00:00:00,2025-05-25 00:00:00,_ _ _ _ _ _ 7 ,CEK,,14:30:00,SVO,B,17:10:00,320,C20Y120,02:40:00,J
1153,1423,2025-05-12 00:00:00,2025-05-26 00:00:00,1 _ _ _ _ _ _ ,CEK,,14:30:00,SVO,B,17:10:00,32A,C8Y150,02:40:00,J
1154,1423,2025-05-13 00:00:00,2025-05-15 00:00:00,_ 2 3 4 _ _ _ ,CEK,,14:30:00,SVO,B,17:10:00,320,C20Y120,02:40:00,J
1155,1423,2025-05-16 00:00:00,2025-05-23 00:00:00,_ _ _ _ 5 _ _ ,CEK,,14:30:00,SVO,B,17:10:00,73H,C20Y138,02:40:00,J
1156,1423,2025-05-17 00:00:00,2025-05-31 00:00:00,_ 2 3 4 _ 6 _ ,CEK,,14:30:00,SVO,B,17:10:00,320,C20Y120,02:40:00,J
1157,1423,2025-05-30 00:00:00,2025-05-30 00:00:00,_ _ _ _ 5 _ _ ,CEK,,14:30:00,SVO,B,17:10:00,320,C20Y120,02:40:00,J
1158,1424,2025-05-24 00:00:00,2025-05-24 00:00:00,_ _ _ _ _ 6 _ ,SVO,B,21:05:00,UFA,1,23:20:00,32A,C8Y150,02:15:00,J
1159,1424,2025-05-25 00:00:00,2025-05-30 00:00:00,1 2 3 4 5 _ 7 ,SVO,B,21:05:00,UFA,1,23:20:00,73H,C20Y138,02:15:00,J
1160,1424,2025-05-31 00:00:00,2025-05-31 00:00:00,_ _ _ _ _ 6 _ ,SVO,B,21:05:00,UFA,1,23:20:00,32A,C8Y150,02:15:00,J
1161,1425,2025-05-25 00:00:00,2025-05-25 00:00:00,_ _ _ _ _ _ 7 ,UFA,1,02:50:00,SVO,B,05:10:00,32A,C8Y150,02:20:00,J
1162,1425,2025-05-26 00:00:00,2025-05-31 00:00:00,1 2 3 4 5 6 _ ,UFA,1,02:50:00,SVO,B,05:10:00,73H,C20Y138,02:20:00,J
1163,1426,2025-05-11 00:00:00,2025-06-01 00:00:00,1 2 3 4 _ 6 7 ,SVO,B,13:55:00,CEK,,16:30:00,32A,C8Y150,02:35:00,J
1164,1426,2025-05-16 00:00:00,2025-05-16 00:00:00,_ _ _ _ 5 _ _ ,SVO,B,13:55:00,CEK,,16:30:00,32B,C16Y167,02:35:00,J
1165,1426,2025-05-23 00:00:00,2025-05-23 00:00:00,_ _ _ _ 5 _ _ ,SVO,B,13:55:00,CEK,,16:30:00,32A,C8Y150,02:35:00,J
1166,1427,2025-05-11 00:00:00,2025-06-01 00:00:00,1 2 3 4 _ 6 7 ,CEK,,17:30:00,SVO,B,20:10:00,32A,C8Y150,02:40:00,J
1167,1427,2025-05-16 00:00:00,2025-05-16 00:00:00,_ _ _ _ 5 _ _ ,CEK,,17:30:00,SVO,B,20:10:00,32B,C16Y167,02:40:00,J
1168,1427,2025-05-23 00:00:00,2025-05-23 00:00:00,_ _ _ _ 5 _ _ ,CEK,,17:30:00,SVO,B,20:10:00,32A,C8Y150,02:40:00,J
1169,1428,2025-05-11 00:00:00,2025-06-26 00:00:00,1 2 3 4 5 6 7 ,SVO,B,21:45:00,MQF,,00:05:00,32A,C8Y150,02:20:00,J
1170,1429,2025-05-11 00:00:00,2025-06-23 00:00:00,1 _ _ _ _ 6 7 ,MQF,,01:05:00,SVO,B,03:30:00,32A,C8Y150,02:25:00,J
1171,1430,2025-05-11 00:00:00,2025-05-11 00:00:00,_ _ _ _ _ _ 7 ,SVO,B,21:40:00,BAX,,01:45:00,32A,C8Y150,04:05:00,J
1172,1430,2025-05-12 00:00:00,2025-05-12 00:00:00,1 _ _ _ _ _ _ ,SVO,B,21:40:00,BAX,,01:40:00,32B,C16Y167,04:00:00,J
1173,1431,2025-05-11 00:00:00,2025-05-12 00:00:00,1 _ _ _ _ _ 7 ,BAX,,02:55:00,SVO,B,07:20:00,32A,C8Y150,04:25:00,J
1174,1431,2025-05-13 00:00:00,2025-05-13 00:00:00,_ 2 _ _ _ _ _ ,BAX,,02:55:00,SVO,B,07:20:00,32B,C16Y167,04:25:00,J
1175,1439,2025-05-11 00:00:00,2025-05-31 00:00:00,1 2 3 4 5 6 7 ,MQF,,16:30:00,SVO,B,18:55:00,32A,C8Y150,02:25:00,J
1176,1440,2025-05-11 00:00:00,2025-05-13 00:00:00,_ 2 _ _ _ _ 7 ,SVO,B,14:30:00,IKT,,20:25:00,73H,C20Y138,05:55:00,J
1177,1440,2025-05-14 00:00:00,2025-05-14 00:00:00,_ _ 3 _ _ _ _ ,SVO,B,14:30:00,IKT,,20:25:00,73H,C20Y138,05:55:00,J
1178,1440,2025-05-15 00:00:00,2025-05-31 00:00:00,_ 2 3 4 _ 6 7 ,SVO,B,14:05:00,IKT,,20:00:00,73H,C20Y138,05:55:00,J
1179,1441,2025-05-11 00:00:00,2025-05-13 00:00:00,_ 2 _ _ _ _ 7 ,IKT,,21:40:00,SVO,B,03:50:00,73H,C20Y138,06:10:00,J
1180,1441,2025-05-14 00:00:00,2025-05-14 00:00:00,_ _ 3 _ _ _ _ ,IKT,,21:40:00,SVO,B,03:50:00,73H,C20Y138,06:10:00,J
1181,1444,2025-05-12 00:00:00,2025-05-14 00:00:00,1 _ 3 _ _ _ _ ,SVO,B,04:20:00,IKT,,10:10:00,73H,C20Y138,05:50:00,J
1182,1444,2025-05-16 00:00:00,2025-05-30 00:00:00,1 _ 3 _ 5 _ 7 ,SVO,B,05:50:00,IKT,,11:40:00,73H,C20Y138,05:50:00,J
1183,1445,2025-05-12 00:00:00,2025-05-14 00:00:00,1 _ 3 _ _ _ _ ,IKT,,11:20:00,SVO,B,17:40:00,73H,C20Y138,06:20:00,J
1184,1445,2025-05-16 00:00:00,2025-05-30 00:00:00,1 _ 3 _ 5 _ 7 ,IKT,,12:50:00,SVO,B,19:00:00,73H,C20Y138,06:10:00,J
1185,1450,2025-05-11 00:00:00,2025-06-01 00:00:00,1 2 3 4 5 6 7 ,SVO,B,19:45:00,KEJ,,00:05:00,32B,C16Y167,04:20:00,J
1186,1451,2025-05-11 00:00:00,2025-06-02 00:00:00,1 2 3 4 5 6 7 ,KEJ,,01:10:00,SVO,B,05:50:00,32B,C16Y167,04:40:00,J
1187,1455,2025-05-11 00:00:00,2025-05-24 00:00:00,1 2 3 4 5 6 7 ,UUD,,01:15:00,SVO,B,07:55:00,73H,C20Y138,06:40:00,J
1188,1455,2025-05-25 00:00:00,2025-05-25 00:00:00,_ _ _ _ _ _ 7 ,UUD,,01:15:00,SVO,B,07:50:00,73H,C20Y138,06:35:00,J
1189,1456,2025-05-11 00:00:00,2025-05-21 00:00:00,_ _ 3 4 5 6 7 ,SVO,B,21:40:00,KEJ,,02:00:00,32A,C8Y150,04:20:00,J
1190,1456,2025-05-22 00:00:00,2025-05-23 00:00:00,_ _ _ 4 5 _ _ ,SVO,B,21:40:00,KEJ,,02:00:00,320,C20Y120,04:20:00,J
1191,1456,2025-05-24 00:00:00,2025-05-31 00:00:00,_ _ 3 4 5 6 7 ,SVO,B,21:40:00,KEJ,,02:00:00,32A,C8Y150,04:20:00,J
1192,1457,2025-05-11 00:00:00,2025-05-19 00:00:00,1 _ _ _ 5 _ 7 ,KEJ,,03:00:00,SVO,B,07:45:00,32A,C8Y150,04:45:00,J
1193,1457,2025-05-15 00:00:00,2025-05-22 00:00:00,_ _ _ 4 _ 6 _ ,KEJ,,03:00:00,SVO,B,07:45:00,32A,C8Y150,04:45:00,J
1194,1457,2025-05-20 00:00:00,2025-05-28 00:00:00,_ 2 3 _ _ _ _ ,KEJ,,03:00:00,SVO,B,07:45:00,32A,C8Y150,04:45:00,J
1195,1457,2025-05-23 00:00:00,2025-05-24 00:00:00,_ _ _ _ 5 6 _ ,KEJ,,03:00:00,SVO,B,07:45:00,320,C20Y120,04:45:00,J
1196,1457,2025-05-25 00:00:00,2025-05-30 00:00:00,1 _ _ _ 5 _ 7 ,KEJ,,03:00:00,SVO,B,07:45:00,32A,C8Y150,04:45:00,J
1197,1457,2025-05-29 00:00:00,2025-05-31 00:00:00,_ _ _ 4 _ 6 _ ,KEJ,,03:00:00,SVO,B,07:45:00,32A,C8Y150,04:45:00,J
1198,1458,2025-05-12 00:00:00,2025-05-27 00:00:00,1 2 _ _ _ _ _ ,SVO,B,19:25:00,NOZ,,23:45:00,32B,C16Y167,04:20:00,J
1199,1458,2025-05-14 00:00:00,2025-05-30 00:00:00,_ _ 3 _ 5 _ _ ,SVO,B,19:30:00,NOZ,,23:45:00,32B,C16Y167,04:15:00,J
1200,1458,2025-05-15 00:00:00,2025-05-29 00:00:00,_ _ _ 4 _ _ _ ,SVO,B,19:15:00,NOZ,,23:45:00,32B,C16Y167,04:30:00,J
1201,1459,2025-05-11 00:00:00,2025-05-31 00:00:00,1 2 3 4 5 6 7 ,NOZ,,00:50:00,SVO,B,05:35:00,32B,C16Y167,04:45:00,J
1202,1460,2025-05-11 00:00:00,2025-05-15 00:00:00,_ _ _ 4 _ _ 7 ,SVO,B,07:05:00,OVB,,11:05:00,73H,C20Y138,04:00:00,J
1203,1460,2025-05-12 00:00:00,2025-05-12 00:00:00,1 _ _ _ _ _ _ ,SVO,B,07:05:00,OVB,,11:05:00,32N,C12Y144,04:00:00,J
1204,1460,2025-05-13 00:00:00,2025-05-14 00:00:00,_ 2 3 _ _ _ _ ,SVO,B,07:05:00,OVB,,11:05:00,32B,C16Y167,04:00:00,J
1205,1460,2025-05-16 00:00:00,2025-05-17 00:00:00,_ _ _ _ 5 6 _ ,SVO,B,07:05:00,OVB,,11:05:00,321,C28Y142,04:00:00,J
1206,1461,2025-05-11 00:00:00,2025-05-15 00:00:00,_ _ _ 4 _ _ 7 ,OVB,,12:20:00,SVO,B,16:50:00,73H,C20Y138,04:30:00,J
1207,1461,2025-05-12 00:00:00,2025-05-12 00:00:00,1 _ _ _ _ _ _ ,OVB,,12:20:00,SVO,B,16:50:00,32N,C12Y144,04:30:00,J
1208,1461,2025-05-13 00:00:00,2025-05-14 00:00:00,_ 2 3 _ _ _ _ ,OVB,,12:20:00,SVO,B,16:50:00,32B,C16Y167,04:30:00,J
1209,1461,2025-05-16 00:00:00,2025-05-17 00:00:00,_ _ _ _ 5 6 _ ,OVB,,12:20:00,SVO,B,16:50:00,321,C28Y142,04:30:00,J
1210,1461,2025-05-18 00:00:00,2025-05-24 00:00:00,1 2 3 4 5 6 7 ,OVB,,12:20:00,SVO,B,16:50:00,32N,C12Y144,04:30:00,J
1211,1461,2025-05-25 00:00:00,2025-06-01 00:00:00,_ _ _ _ _ _ 7 ,OVB,,12:20:00,SVO,B,16:50:00,73H,C20Y138,04:30:00,J
1212,1461,2025-05-26 00:00:00,2025-05-27 00:00:00,1 2 _ _ _ _ _ ,OVB,,12:20:00,SVO,B,16:45:00,32N,C12Y144,04:25:00,J
1213,1462,2025-05-11 00:00:00,2025-05-11 00:00:00,_ _ _ _ _ _ 7 ,SVO,B,03:35:00,OVB,,07:35:00,32A,C8Y150,04:00:00,J
1214,1462,2025-05-12 00:00:00,2025-05-21 00:00:00,1 2 3 _ 5 6 _ ,SVO,B,03:35:00,OVB,,07:35:00,73H,C20Y138,04:00:00,J
1215,1462,2025-05-15 00:00:00,2025-05-29 00:00:00,_ _ _ 4 _ _ _ ,SVO,B,03:25:00,OVB,,07:25:00,32Q,C12Y184,04:00:00,J
1216,1462,2025-05-18 00:00:00,2025-05-18 00:00:00,_ _ _ _ _ _ 7 ,SVO,B,03:35:00,OVB,,07:35:00,32N,C12Y144,04:00:00,J
1217,1462,2025-05-23 00:00:00,2025-05-24 00:00:00,_ _ _ _ 5 6 _ ,SVO,B,03:35:00,OVB,,07:35:00,32B,C16Y167,04:00:00,J
1218,1462,2025-05-25 00:00:00,2025-05-30 00:00:00,_ _ _ _ 5 _ 7 ,SVO,B,03:35:00,OVB,,07:35:00,73H,C20Y138,04:00:00,J
1219,1462,2025-05-26 00:00:00,2025-05-27 00:00:00,1 2 _ _ _ _ _ ,SVO,B,03:35:00,OVB,,07:35:00,73H,C20Y138,04:00:00,J
1220,1462,2025-05-28 00:00:00,2025-05-28 00:00:00,_ _ 3 _ _ _ _ ,SVO,B,03:35:00,OVB,,07:35:00,32A,C8Y150,04:00:00,J
1221,1462,2025-05-31 00:00:00,2025-05-31 00:00:00,_ _ _ _ _ 6 _ ,SVO,B,03:35:00,OVB,,07:35:00,73H,C20Y138,04:00:00,J
1222,1463,2025-05-11 00:00:00,2025-05-11 00:00:00,_ _ _ _ _ _ 7 ,OVB,,08:35:00,SVO,B,13:05:00,32A,C8Y150,04:30:00,J
1223,1463,2025-05-12 00:00:00,2025-05-21 00:00:00,1 2 3 _ 5 6 _ ,OVB,,08:35:00,SVO,B,13:05:00,73H,C20Y138,04:30:00,J
1224,1463,2025-05-15 00:00:00,2025-05-15 00:00:00,_ _ _ 4 _ _ _ ,OVB,,08:35:00,SVO,B,12:50:00,73H,C20Y138,04:15:00,J
1225,1463,2025-05-18 00:00:00,2025-05-18 00:00:00,_ _ _ _ _ _ 7 ,OVB,,08:35:00,SVO,B,13:05:00,32N,C12Y144,04:30:00,J
1226,1463,2025-05-22 00:00:00,2025-05-29 00:00:00,_ _ _ 4 _ _ _ ,OVB,,08:35:00,SVO,B,12:50:00,32Q,C12Y184,04:15:00,J
1227,1463,2025-05-23 00:00:00,2025-05-24 00:00:00,_ _ _ _ 5 6 _ ,OVB,,08:45:00,SVO,B,13:05:00,32B,C16Y167,04:20:00,J
1228,1463,2025-05-25 00:00:00,2025-05-30 00:00:00,_ _ _ _ 5 _ 7 ,OVB,,08:35:00,SVO,B,13:05:00,73H,C20Y138,04:30:00,J
1229,1463,2025-05-26 00:00:00,2025-05-27 00:00:00,1 2 _ _ _ _ _ ,OVB,,08:35:00,SVO,B,13:05:00,73H,C20Y138,04:30:00,J
1230,1463,2025-05-28 00:00:00,2025-05-28 00:00:00,_ _ 3 _ _ _ _ ,OVB,,08:35:00,SVO,B,13:05:00,32A,C8Y150,04:30:00,J
1231,1463,2025-05-31 00:00:00,2025-05-31 00:00:00,_ _ _ _ _ 6 _ ,OVB,,08:35:00,SVO,B,13:05:00,73H,C20Y138,04:30:00,J
1232,1472,2025-05-16 00:00:00,2025-05-30 00:00:00,_ _ _ _ 5 _ _ ,SVO,B,22:45:00,NJC,,02:15:00,32B,C16Y167,03:30:00,J
1233,1473,2025-05-17 00:00:00,2025-05-31 00:00:00,_ _ _ _ _ 6 _ ,NJC,,03:25:00,SVO,B,07:00:00,32B,C16Y167,03:35:00,J
1234,1478,2025-05-11 00:00:00,2025-05-12 00:00:00,1 _ _ _ _ _ 7 ,SVO,B,21:15:00,ABA,,01:50:00,32A,C8Y150,04:35:00,J
1235,1478,2025-05-13 00:00:00,2025-05-27 00:00:00,1 2 3 4 _ 6 7 ,SVO,B,21:15:00,ABA,,01:50:00,32B,C16Y167,04:35:00,J
1236,1478,2025-05-16 00:00:00,2025-05-30 00:00:00,_ _ _ _ 5 _ _ ,SVO,B,21:15:00,ABA,,01:50:00,32A,C8Y150,04:35:00,J
1237,1478,2025-05-28 00:00:00,2025-06-01 00:00:00,_ _ 3 _ _ _ 7 ,SVO,B,21:15:00,ABA,,01:50:00,32A,C8Y150,04:35:00,J
1238,1478,2025-05-29 00:00:00,2025-05-31 00:00:00,_ _ _ 4 _ 6 _ ,SVO,B,21:15:00,ABA,,01:50:00,32B,C16Y167,04:35:00,J
1239,1479,2025-05-11 00:00:00,2025-05-18 00:00:00,_ _ _ _ _ _ 7 ,ABA,,03:00:00,SVO,B,08:00:00,32B,C16Y167,05:00:00,J
1240,1479,2025-05-12 00:00:00,2025-05-13 00:00:00,1 2 _ _ _ _ _ ,ABA,,03:00:00,SVO,B,08:05:00,32A,C8Y150,05:05:00,J
1241,1479,2025-05-14 00:00:00,2025-05-23 00:00:00,1 2 3 _ 5 _ _ ,ABA,,03:00:00,SVO,B,08:05:00,32B,C16Y167,05:05:00,J
1242,1479,2025-05-15 00:00:00,2025-05-22 00:00:00,_ _ _ 4 _ _ _ ,ABA,,03:00:00,SVO,B,08:05:00,32B,C16Y167,05:05:00,J
1243,1479,2025-05-17 00:00:00,2025-05-31 00:00:00,_ _ _ _ _ 6 _ ,ABA,,03:00:00,SVO,B,08:05:00,32A,C8Y150,05:05:00,J
1244,1479,2025-05-25 00:00:00,2025-05-30 00:00:00,_ 2 3 _ 5 _ 7 ,ABA,,03:00:00,SVO,B,08:05:00,32B,C16Y167,05:05:00,J
1245,1479,2025-05-26 00:00:00,2025-05-26 00:00:00,1 _ _ _ _ _ _ ,ABA,,03:00:00,SVO,B,08:00:00,32B,C16Y167,05:00:00,J
1246,1479,2025-05-29 00:00:00,2025-05-29 00:00:00,_ _ _ 4 _ _ _ ,ABA,,03:00:00,SVO,B,08:05:00,32A,C8Y150,05:05:00,J
1247,1480,2025-05-11 00:00:00,2025-05-11 00:00:00,_ _ _ _ _ _ 7 ,SVO,B,17:25:00,KJA,1,22:05:00,32B,C16Y167,04:40:00,J
1248,1480,2025-05-12 00:00:00,2025-05-12 00:00:00,1 _ _ _ _ _ _ ,SVO,B,17:25:00,KJA,1,22:05:00,32B,C16Y167,04:40:00,J
1249,1480,2025-05-13 00:00:00,2025-05-14 00:00:00,_ 2 3 _ _ _ _ ,SVO,B,17:25:00,KJA,1,22:05:00,32B,C16Y167,04:40:00,J
1250,1480,2025-05-15 00:00:00,2025-05-22 00:00:00,1 _ 3 4 5 6 7 ,SVO,B,17:25:00,KJA,1,22:05:00,73H,C20Y138,04:40:00,J
1251,1480,2025-05-20 00:00:00,2025-05-20 00:00:00,_ 2 _ _ _ _ _ ,SVO,B,17:20:00,KJA,1,22:05:00,32Q,C12Y184,04:45:00,J
1252,1480,2025-05-23 00:00:00,2025-05-27 00:00:00,_ 2 _ _ 5 _ _ ,SVO,B,17:25:00,KJA,1,22:05:00,32Q,C12Y184,04:40:00,J
1253,1480,2025-05-25 00:00:00,2025-05-29 00:00:00,1 _ 3 4 _ _ 7 ,SVO,B,17:25:00,KJA,1,22:05:00,73H,C20Y138,04:40:00,J
1254,1480,2025-05-30 00:00:00,2025-05-30 00:00:00,_ _ _ _ 5 _ _ ,SVO,B,17:25:00,KJA,1,22:05:00,32B,C16Y167,04:40:00,J
1255,1480,2025-05-31 00:00:00,2025-05-31 00:00:00,_ _ _ _ _ 6 _ ,SVO,B,17:25:00,KJA,1,22:05:00,32Q,C12Y184,04:40:00,J
1256,1481,2025-05-11 00:00:00,2025-05-11 00:00:00,_ _ _ _ _ _ 7 ,KJA,1,23:35:00,SVO,B,04:30:00,32B,C16Y167,04:55:00,J
1257,1481,2025-05-12 00:00:00,2025-05-12 00:00:00,1 _ _ _ _ _ _ ,KJA,1,23:35:00,SVO,B,04:30:00,32B,C16Y167,04:55:00,J
1258,1481,2025-05-13 00:00:00,2025-05-14 00:00:00,_ 2 3 _ _ _ _ ,KJA,1,23:35:00,SVO,B,04:20:00,32B,C16Y167,04:45:00,J
1259,1481,2025-05-15 00:00:00,2025-05-22 00:00:00,1 _ 3 4 5 6 7 ,KJA,1,23:35:00,SVO,B,04:20:00,73H,C20Y138,04:45:00,J
1260,1481,2025-05-20 00:00:00,2025-05-20 00:00:00,_ 2 _ _ _ _ _ ,KJA,1,23:35:00,SVO,B,04:20:00,32Q,C12Y184,04:45:00,J
1261,1481,2025-05-24 00:00:00,2025-05-31 00:00:00,_ 2 _ _ _ 6 _ ,KJA,1,23:35:00,SVO,B,04:20:00,32Q,C12Y184,04:45:00,J
1262,1481,2025-05-25 00:00:00,2025-05-29 00:00:00,1 _ 3 4 _ _ 7 ,KJA,1,23:35:00,SVO,B,04:20:00,73H,C20Y138,04:45:00,J
1263,1481,2025-05-30 00:00:00,2025-05-30 00:00:00,_ _ _ _ 5 _ _ ,KJA,1,23:35:00,SVO,B,04:20:00,32B,C16Y167,04:45:00,J
1264,1482,2025-05-11 00:00:00,2025-05-30 00:00:00,1 2 3 4 5 6 7 ,SVO,B,22:30:00,KJA,1,03:15:00,32B,C16Y167,04:45:00,J
1265,1482,2025-05-31 00:00:00,2025-06-04 00:00:00,1 2 3 _ _ 6 7 ,SVO,B,21:55:00,KJA,1,02:35:00,32B,C16Y167,04:40:00,J
1266,1483,2025-05-11 00:00:00,2025-05-31 00:00:00,1 2 3 4 5 6 7 ,KJA,1,04:30:00,SVO,B,09:15:00,32B,C16Y167,04:45:00,J
1267,1484,2025-05-11 00:00:00,2025-05-29 00:00:00,_ 2 3 4 _ _ 7 ,SVO,B,21:05:00,KJA,1,01:30:00,32B,C16Y167,04:25:00,J
1268,1484,2025-05-12 00:00:00,2025-05-30 00:00:00,1 _ _ _ 5 _ _ ,SVO,B,21:05:00,KJA,1,01:30:00,32B,C16Y167,04:25:00,J
1269,1484,2025-05-17 00:00:00,2025-05-31 00:00:00,_ _ _ _ _ 6 _ ,SVO,B,21:05:00,KJA,1,01:30:00,32B,C16Y167,04:25:00,J
1270,1485,2025-05-11 00:00:00,2025-06-01 00:00:00,_ _ _ _ _ _ 7 ,KJA,1,02:40:00,SVO,B,07:40:00,32B,C16Y167,05:00:00,J
1271,1485,2025-05-12 00:00:00,2025-05-31 00:00:00,1 2 3 4 5 6 _ ,KJA,1,02:40:00,SVO,B,07:40:00,32B,C16Y167,05:00:00,J
1272,1486,2025-05-11 00:00:00,2025-05-11 00:00:00,_ _ _ _ _ _ 7 ,SVO,B,06:50:00,KJA,1,11:25:00,73H,C20Y138,04:35:00,J
1273,1486,2025-05-12 00:00:00,2025-05-21 00:00:00,1 2 3 4 5 6 7 ,SVO,B,06:50:00,KJA,1,11:25:00,32A,C8Y150,04:35:00,J
1274,1486,2025-05-22 00:00:00,2025-05-22 00:00:00,_ _ _ 4 _ _ _ ,SVO,B,06:50:00,KJA,1,11:25:00,32B,C16Y167,04:35:00,J
1275,1486,2025-05-23 00:00:00,2025-05-30 00:00:00,1 2 3 4 5 6 7 ,SVO,B,06:50:00,KJA,1,11:25:00,32A,C8Y150,04:35:00,J
1276,1486,2025-05-31 00:00:00,2025-05-31 00:00:00,_ _ _ _ _ 6 _ ,SVO,B,07:00:00,KJA,1,11:25:00,32A,C8Y150,04:25:00,J
1277,1487,2025-05-11 00:00:00,2025-05-11 00:00:00,_ _ _ _ _ _ 7 ,KJA,1,12:35:00,SVO,B,17:20:00,73H,C20Y138,04:45:00,J
1278,1487,2025-05-12 00:00:00,2025-05-21 00:00:00,1 2 3 4 5 6 7 ,KJA,1,12:35:00,SVO,B,17:20:00,32A,C8Y150,04:45:00,J
1279,1487,2025-05-22 00:00:00,2025-05-22 00:00:00,_ _ _ 4 _ _ _ ,KJA,1,12:35:00,SVO,B,17:20:00,32B,C16Y167,04:45:00,J
1280,1487,2025-05-23 00:00:00,2025-06-01 00:00:00,1 2 3 4 5 6 7 ,KJA,1,12:35:00,SVO,B,17:20:00,32A,C8Y150,04:45:00,J
1281,1490,2025-05-11 00:00:00,2025-05-27 00:00:00,1 2 _ _ _ 6 7 ,SVO,B,09:05:00,KJA,1,13:45:00,32A,C8Y150,04:40:00,J
1282,1490,2025-05-14 00:00:00,2025-05-16 00:00:00,_ _ 3 _ 5 _ _ ,SVO,B,09:05:00,KJA,1,13:45:00,32N,C12Y144,04:40:00,J
1283,1490,2025-05-15 00:00:00,2025-05-15 00:00:00,_ _ _ 4 _ _ _ ,SVO,B,09:05:00,KJA,1,13:45:00,32A,C8Y150,04:40:00,J
1284,1490,2025-05-21 00:00:00,2025-05-29 00:00:00,_ _ 3 4 5 _ _ ,SVO,B,09:05:00,KJA,1,13:45:00,32A,C8Y150,04:40:00,J
1285,1490,2025-05-30 00:00:00,2025-05-30 00:00:00,_ _ _ _ 5 _ _ ,SVO,B,09:05:00,KJA,1,13:45:00,321,C28Y142,04:40:00,J
1286,1490,2025-05-31 00:00:00,2025-06-28 00:00:00,_ _ _ _ _ 6 _ ,SVO,B,09:05:00,KJA,1,13:45:00,32A,C8Y150,04:40:00,J
1287,1491,2025-05-11 00:00:00,2025-05-27 00:00:00,1 2 _ _ _ 6 7 ,KJA,1,14:45:00,SVO,B,19:35:00,32A,C8Y150,04:50:00,J
1288,1491,2025-05-14 00:00:00,2025-05-16 00:00:00,_ _ 3 _ 5 _ _ ,KJA,1,14:45:00,SVO,B,19:35:00,32N,C12Y144,04:50:00,J
1289,1491,2025-05-15 00:00:00,2025-05-15 00:00:00,_ _ _ 4 _ _ _ ,KJA,1,14:45:00,SVO,B,19:35:00,32A,C8Y150,04:50:00,J
1290,1491,2025-05-21 00:00:00,2025-05-29 00:00:00,_ _ 3 4 5 _ _ ,KJA,1,14:45:00,SVO,B,19:35:00,32A,C8Y150,04:50:00,J
1291,1491,2025-05-30 00:00:00,2025-05-30 00:00:00,_ _ _ _ 5 _ _ ,KJA,1,14:45:00,SVO,B,19:35:00,321,C28Y142,04:50:00,J
1292,1491,2025-05-31 00:00:00,2025-06-28 00:00:00,_ _ _ _ _ 6 _ ,KJA,1,14:45:00,SVO,B,19:35:00,32A,C8Y150,04:50:00,J
1293,1496,2025-05-11 00:00:00,2025-05-11 00:00:00,_ _ _ _ _ _ 7 ,SVO,B,12:25:00,GRV,,15:30:00,73H,C20Y138,03:05:00,J
1294,1496,2025-05-12 00:00:00,2025-05-23 00:00:00,1 2 3 4 5 _ _ ,SVO,B,12:25:00,GRV,,15:30:00,32A,C8Y150,03:05:00,J
1295,1496,2025-05-17 00:00:00,2025-05-24 00:00:00,_ _ _ _ _ 6 _ ,SVO,B,12:25:00,GRV,,15:30:00,320,C20Y120,03:05:00,J
1296,1496,2025-05-18 00:00:00,2025-05-18 00:00:00,_ _ _ _ _ _ 7 ,SVO,B,12:25:00,GRV,,15:30:00,32A,C8Y150,03:05:00,J
1297,1496,2025-05-25 00:00:00,2025-05-25 00:00:00,_ _ _ _ _ _ 7 ,SVO,B,12:25:00,GRV,,15:30:00,32N,C12Y144,03:05:00,J
1298,1496,2025-05-26 00:00:00,2025-05-26 00:00:00,1 _ _ _ _ _ _ ,SVO,B,12:30:00,GRV,,15:30:00,32A,C8Y150,03:00:00,J
1299,1496,2025-05-27 00:00:00,2025-05-27 00:00:00,_ 2 _ _ _ _ _ ,SVO,B,12:25:00,GRV,,15:30:00,32B,C16Y167,03:05:00,J
1300,1496,2025-05-28 00:00:00,2025-05-29 00:00:00,_ _ 3 4 _ _ _ ,SVO,B,12:25:00,GRV,,15:30:00,32A,C8Y150,03:05:00,J
1301,1496,2025-05-30 00:00:00,2025-05-30 00:00:00,_ _ _ _ 5 _ _ ,SVO,B,12:45:00,GRV,,15:50:00,73H,C20Y138,03:05:00,J
1302,1496,2025-05-31 00:00:00,2025-05-31 00:00:00,_ _ _ _ _ 6 _ ,SVO,B,12:35:00,GRV,,15:40:00,73H,C20Y138,03:05:00,J
1303,1497,2025-05-11 00:00:00,2025-05-11 00:00:00,_ _ _ _ _ _ 7 ,GRV,,16:30:00,SVO,B,19:30:00,73H,C20Y138,03:00:00,J
1304,1497,2025-05-12 00:00:00,2025-05-26 00:00:00,1 2 3 4 5 _ _ ,GRV,,16:30:00,SVO,B,19:30:00,32A,C8Y150,03:00:00,J
1305,1497,2025-05-17 00:00:00,2025-05-24 00:00:00,_ _ _ _ _ 6 _ ,GRV,,16:30:00,SVO,B,19:30:00,320,C20Y120,03:00:00,J
1306,1497,2025-05-18 00:00:00,2025-05-18 00:00:00,_ _ _ _ _ _ 7 ,GRV,,16:30:00,SVO,B,19:30:00,32A,C8Y150,03:00:00,J
1307,1497,2025-05-25 00:00:00,2025-05-25 00:00:00,_ _ _ _ _ _ 7 ,GRV,,16:30:00,SVO,B,19:30:00,32N,C12Y144,03:00:00,J
1308,1497,2025-05-27 00:00:00,2025-05-27 00:00:00,_ 2 _ _ _ _ _ ,GRV,,16:30:00,SVO,B,19:30:00,32B,C16Y167,03:00:00,J
1309,1497,2025-05-28 00:00:00,2025-05-29 00:00:00,_ _ 3 4 _ _ _ ,GRV,,16:30:00,SVO,B,19:30:00,32A,C8Y150,03:00:00,J
1310,1497,2025-05-30 00:00:00,2025-05-30 00:00:00,_ _ _ _ 5 _ _ ,GRV,,16:50:00,SVO,B,19:45:00,73H,C20Y138,02:55:00,J
1311,1497,2025-05-31 00:00:00,2025-05-31 00:00:00,_ _ _ _ _ 6 _ ,GRV,,16:40:00,SVO,B,19:45:00,73H,C20Y138,03:05:00,J
1312,1499,2025-05-11 00:00:00,2025-05-31 00:00:00,1 2 3 4 _ 6 7 ,GRV,,09:55:00,SVO,B,12:50:00,32A,C8Y150,02:55:00,J
1313,1500,2025-05-17 00:00:00,2025-06-19 00:00:00,1 2 3 4 5 6 7 ,SVO,B,07:20:00,TJM,,10:10:00,32A,C8Y150,02:50:00,J
1314,1501,2025-05-17 00:00:00,2025-06-19 00:00:00,1 2 3 4 5 6 7 ,TJM,,11:10:00,SVO,B,14:15:00,32A,C8Y150,03:05:00,J
1315,1504,2025-05-11 00:00:00,2025-05-11 00:00:00,_ _ _ _ _ _ 7 ,SVO,B,05:30:00,TJM,,08:15:00,32B,C16Y167,02:45:00,J
1316,1504,2025-05-12 00:00:00,2025-06-01 00:00:00,1 2 3 4 5 6 7 ,SVO,B,05:30:00,TJM,,08:15:00,32A,C8Y150,02:45:00,J
1317,1505,2025-05-11 00:00:00,2025-05-11 00:00:00,_ _ _ _ _ _ 7 ,TJM,,09:05:00,SVO,B,12:05:00,32B,C16Y167,03:00:00,J
1318,1505,2025-05-12 00:00:00,2025-06-01 00:00:00,1 2 3 4 5 6 7 ,TJM,,09:05:00,SVO,B,12:05:00,32A,C8Y150,03:00:00,J
1319,1506,2025-05-11 00:00:00,2025-05-25 00:00:00,_ _ _ _ _ _ 7 ,SVO,B,11:05:00,TJM,,13:50:00,32A,C8Y150,02:45:00,J
1320,1506,2025-05-12 00:00:00,2025-05-12 00:00:00,1 _ _ _ _ _ _ ,SVO,B,11:00:00,TJM,,13:50:00,73H,C20Y138,02:50:00,J
1321,1506,2025-05-13 00:00:00,2025-05-23 00:00:00,1 2 3 _ 5 6 _ ,SVO,B,11:00:00,TJM,,13:50:00,32A,C8Y150,02:50:00,J
1322,1506,2025-05-15 00:00:00,2025-06-05 00:00:00,_ _ _ 4 _ _ _ ,SVO,B,11:05:00,TJM,,13:50:00,32A,C8Y150,02:45:00,J
1323,1506,2025-05-24 00:00:00,2025-05-24 00:00:00,_ _ _ _ _ 6 _ ,SVO,B,11:00:00,TJM,,13:50:00,73H,C20Y138,02:50:00,J
1324,1506,2025-05-26 00:00:00,2025-05-31 00:00:00,1 2 3 _ 5 6 _ ,SVO,B,11:00:00,TJM,,13:50:00,32A,C8Y150,02:50:00,J
1325,1507,2025-05-11 00:00:00,2025-05-18 00:00:00,_ _ _ _ _ 6 7 ,TJM,,14:40:00,SVO,B,17:45:00,32A,C8Y150,03:05:00,J
1326,1507,2025-05-12 00:00:00,2025-05-12 00:00:00,1 _ _ _ _ _ _ ,TJM,,14:40:00,SVO,B,17:50:00,73H,C20Y138,03:10:00,J
1327,1507,2025-05-13 00:00:00,2025-06-05 00:00:00,1 2 3 4 5 _ _ ,TJM,,14:40:00,SVO,B,17:50:00,32A,C8Y150,03:10:00,J
1328,1507,2025-05-24 00:00:00,2025-05-24 00:00:00,_ _ _ _ _ 6 _ ,TJM,,14:40:00,SVO,B,17:45:00,73H,C20Y138,03:05:00,J
1329,1507,2025-05-25 00:00:00,2025-06-08 00:00:00,_ _ _ _ _ 6 7 ,TJM,,14:40:00,SVO,B,17:45:00,32A,C8Y150,03:05:00,J
1330,1510,2025-05-11 00:00:00,2025-06-29 00:00:00,_ _ 3 _ 5 _ 7 ,SVO,B,18:40:00,SGC,,22:00:00,32B,C16Y167,03:20:00,J
1331,1511,2025-05-11 00:00:00,2025-06-29 00:00:00,_ _ 3 _ _ _ 7 ,SGC,,23:45:00,SVO,B,03:15:00,32B,C16Y167,03:30:00,J
1332,1513,2025-05-15 00:00:00,2025-05-29 00:00:00,_ _ _ 4 _ _ _ ,SGC,,03:00:00,SVO,B,06:20:00,32B,C16Y167,03:20:00,J
1333,1516,2025-05-11 00:00:00,2025-05-31 00:00:00,_ _ 3 4 5 6 7 ,SVO,B,03:30:00,SGC,,06:45:00,32B,C16Y167,03:15:00,J
1334,1517,2025-05-11 00:00:00,2025-05-31 00:00:00,_ _ 3 4 5 6 7 ,SGC,,07:45:00,SVO,B,11:20:00,32B,C16Y167,03:35:00,J
1335,1518,2025-05-11 00:00:00,2025-05-18 00:00:00,_ _ _ _ _ 6 7 ,SVO,B,05:55:00,RGK,,10:25:00,73H,C20Y138,04:30:00,J
1336,1518,2025-05-26 00:00:00,2025-05-31 00:00:00,1 2 3 4 5 6 _ ,SVO,B,06:35:00,RGK,,11:00:00,321,C28Y142,04:25:00,J
1337,1519,2025-05-11 00:00:00,2025-05-18 00:00:00,_ _ _ _ _ _ 7 ,RGK,,11:25:00,SVO,B,16:00:00,73H,C20Y138,04:35:00,J
1338,1519,2025-05-17 00:00:00,2025-05-17 00:00:00,_ _ _ _ _ 6 _ ,RGK,,11:25:00,SVO,B,16:05:00,73H,C20Y138,04:40:00,J
1339,1519,2025-05-26 00:00:00,2025-05-31 00:00:00,1 2 3 4 5 6 _ ,RGK,,12:00:00,SVO,B,16:40:00,321,C28Y142,04:40:00,J
1340,1524,2025-05-11 00:00:00,2025-06-02 00:00:00,1 2 3 _ 5 _ 7 ,SVO,B,21:10:00,RGK,,01:35:00,73H,C20Y138,04:25:00,J
1341,1524,2025-05-15 00:00:00,2025-06-05 00:00:00,_ _ _ 4 _ 6 _ ,SVO,B,21:10:00,RGK,,01:35:00,73H,C20Y138,04:25:00,J
1342,1525,2025-05-11 00:00:00,2025-06-03 00:00:00,1 2 3 4 5 6 7 ,RGK,,03:00:00,SVO,B,07:40:00,73H,C20Y138,04:40:00,J
1343,1528,2025-05-11 00:00:00,2025-05-11 00:00:00,_ _ _ _ _ _ 7 ,SVO,B,05:35:00,AER,,09:35:00,73H,C20Y138,04:00:00,J
1344,1528,2025-05-12 00:00:00,2025-05-12 00:00:00,1 _ _ _ _ _ _ ,SVO,B,05:35:00,AER,,09:35:00,32Q,C12Y184,04:00:00,J
1345,1528,2025-05-13 00:00:00,2025-05-13 00:00:00,_ 2 _ _ _ _ _ ,SVO,B,05:35:00,AER,,09:35:00,32Q,C12Y184,04:00:00,J
1346,1528,2025-05-14 00:00:00,2025-05-21 00:00:00,_ 2 3 4 5 _ _ ,SVO,B,05:35:00,AER,,09:35:00,32B,C16Y167,04:00:00,J
1347,1528,2025-05-17 00:00:00,2025-05-29 00:00:00,_ _ _ 4 5 6 _ ,SVO,B,05:35:00,AER,,09:35:00,73H,C20Y138,04:00:00,J
1348,1528,2025-05-18 00:00:00,2025-05-18 00:00:00,_ _ _ _ _ _ 7 ,SVO,B,05:35:00,AER,,09:35:00,32A,C8Y150,04:00:00,J
1349,1528,2025-05-19 00:00:00,2025-05-19 00:00:00,1 _ _ _ _ _ _ ,SVO,B,05:35:00,AER,,09:35:00,32Q,C12Y184,04:00:00,J
1350,1528,2025-05-25 00:00:00,2025-05-25 00:00:00,_ _ _ _ _ _ 7 ,SVO,B,05:35:00,AER,,09:35:00,32Q,C12Y184,04:00:00,J
1351,1528,2025-05-26 00:00:00,2025-05-26 00:00:00,1 _ _ _ _ _ _ ,SVO,B,05:35:00,AER,,09:35:00,73H,C20Y138,04:00:00,J
1352,1528,2025-05-27 00:00:00,2025-05-31 00:00:00,_ 2 _ _ 5 6 _ ,SVO,B,05:35:00,AER,,09:35:00,32B,C16Y167,04:00:00,J
1353,1528,2025-05-28 00:00:00,2025-05-28 00:00:00,_ _ 3 _ _ _ _ ,SVO,B,05:35:00,AER,,09:35:00,32Q,C12Y184,04:00:00,J
1354,1529,2025-05-11 00:00:00,2025-05-11 00:00:00,_ _ _ _ _ _ 7 ,AER,,10:55:00,SVO,B,14:45:00,73H,C20Y138,03:50:00,J
1355,1529,2025-05-12 00:00:00,2025-05-13 00:00:00,1 2 _ _ _ _ _ ,AER,,10:55:00,SVO,B,14:45:00,32Q,C12Y184,03:50:00,J
1356,1529,2025-05-14 00:00:00,2025-05-21 00:00:00,_ 2 3 4 5 _ _ ,AER,,10:55:00,SVO,B,14:45:00,32B,C16Y167,03:50:00,J
1357,1529,2025-05-17 00:00:00,2025-05-24 00:00:00,_ _ _ 4 5 6 _ ,AER,,10:55:00,SVO,B,14:45:00,73H,C20Y138,03:50:00,J
1358,1529,2025-05-18 00:00:00,2025-05-18 00:00:00,_ _ _ _ _ _ 7 ,AER,,10:55:00,SVO,B,14:45:00,32A,C8Y150,03:50:00,J
1359,1529,2025-05-19 00:00:00,2025-05-19 00:00:00,1 _ _ _ _ _ _ ,AER,,10:55:00,SVO,B,14:45:00,32Q,C12Y184,03:50:00,J
1360,1529,2025-05-25 00:00:00,2025-05-28 00:00:00,_ _ 3 _ _ _ 7 ,AER,,10:55:00,SVO,B,14:45:00,32Q,C12Y184,03:50:00,J
1361,1529,2025-05-26 00:00:00,2025-05-29 00:00:00,1 _ _ 4 _ _ _ ,AER,,10:55:00,SVO,B,14:45:00,73H,C20Y138,03:50:00,J
1362,1529,2025-05-27 00:00:00,2025-05-31 00:00:00,_ 2 _ _ 5 6 _ ,AER,,10:55:00,SVO,B,14:45:00,32B,C16Y167,03:50:00,J
1363,1530,2025-05-11 00:00:00,2025-05-31 00:00:00,1 2 3 4 5 6 7 ,SVO,B,20:00:00,TOF,,00:20:00,32A,C8Y150,04:20:00,J
1364,1531,2025-05-11 00:00:00,2025-06-01 00:00:00,1 2 3 4 5 6 7 ,TOF,,01:20:00,SVO,B,05:55:00,32A,C8Y150,04:35:00,J
1365,1532,2025-05-11 00:00:00,2025-05-11 00:00:00,_ _ _ _ _ _ 7 ,SVO,B,16:55:00,CEK,,19:30:00,32A,C8Y150,02:35:00,J
1366,1532,2025-05-12 00:00:00,2025-05-22 00:00:00,1 2 3 4 5 6 7 ,SVO,B,16:55:00,CEK,,19:30:00,32B,C16Y167,02:35:00,J
1367,1532,2025-05-23 00:00:00,2025-05-23 00:00:00,_ _ _ _ 5 _ _ ,SVO,B,16:55:00,CEK,,19:30:00,32A,C8Y150,02:35:00,J
1368,1532,2025-05-24 00:00:00,2025-06-28 00:00:00,1 2 3 4 5 6 7 ,SVO,B,16:55:00,CEK,,19:30:00,32B,C16Y167,02:35:00,J
1369,1533,2025-05-11 00:00:00,2025-05-11 00:00:00,_ _ _ _ _ _ 7 ,CEK,,02:20:00,SVO,B,04:55:00,32B,C16Y167,02:35:00,J
1370,1533,2025-05-12 00:00:00,2025-05-12 00:00:00,1 _ _ _ _ _ _ ,CEK,,02:20:00,SVO,B,04:55:00,32A,C8Y150,02:35:00,J
1371,1533,2025-05-13 00:00:00,2025-05-23 00:00:00,1 2 3 4 5 6 7 ,CEK,,02:20:00,SVO,B,04:55:00,32B,C16Y167,02:35:00,J
1372,1533,2025-05-24 00:00:00,2025-05-24 00:00:00,_ _ _ _ _ 6 _ ,CEK,,02:20:00,SVO,B,04:55:00,32A,C8Y150,02:35:00,J
1373,1533,2025-05-25 00:00:00,2025-06-29 00:00:00,1 2 3 4 5 6 7 ,CEK,,02:20:00,SVO,B,04:55:00,32B,C16Y167,02:35:00,J
1374,1534,2025-05-11 00:00:00,2025-05-31 00:00:00,1 2 3 4 5 6 7 ,SVO,B,04:00:00,CEK,,06:35:00,32A,C8Y150,02:35:00,J
1375,1535,2025-05-11 00:00:00,2025-05-31 00:00:00,1 2 3 4 5 6 7 ,CEK,,07:30:00,SVO,B,10:05:00,32A,C8Y150,02:35:00,J
1376,1538,2025-05-11 00:00:00,2025-05-25 00:00:00,_ _ _ _ 5 6 7 ,SVO,B,05:55:00,TOF,,10:05:00,32A,C8Y150,04:10:00,J
1377,1538,2025-05-26 00:00:00,2025-06-29 00:00:00,1 2 3 4 _ 6 7 ,SVO,B,05:55:00,TOF,,10:05:00,73H,C20Y138,04:10:00,J
1378,1538,2025-05-30 00:00:00,2025-05-30 00:00:00,_ _ _ _ 5 _ _ ,SVO,B,05:55:00,TOF,,10:05:00,73H,C20Y138,04:10:00,J
1379,1539,2025-05-11 00:00:00,2025-05-25 00:00:00,_ _ _ _ 5 6 7 ,TOF,,11:25:00,SVO,B,15:55:00,32A,C8Y150,04:30:00,J
1380,1539,2025-05-26 00:00:00,2025-06-29 00:00:00,1 2 3 4 _ 6 7 ,TOF,,11:25:00,SVO,B,15:55:00,73H,C20Y138,04:30:00,J
1381,1539,2025-05-30 00:00:00,2025-05-30 00:00:00,_ _ _ _ 5 _ _ ,TOF,,11:25:00,SVO,B,15:55:00,73H,C20Y138,04:30:00,J
1382,1542,2025-05-31 00:00:00,2025-06-28 00:00:00,_ _ _ 4 5 6 _ ,SVO,B,21:55:00,TOF,,02:20:00,32A,C8Y150,04:25:00,J
1383,1544,2025-05-11 00:00:00,2025-05-18 00:00:00,1 _ 3 4 5 6 7 ,SVO,B,06:25:00,PEZ,,07:50:00,32A,C8Y150,01:25:00,J
1384,1545,2025-05-11 00:00:00,2025-05-18 00:00:00,1 2 3 4 5 6 7 ,PEZ,,08:45:00,SVO,B,10:15:00,32A,C8Y150,01:30:00,J
1385,1548,2025-05-11 00:00:00,2025-05-25 00:00:00,_ _ _ _ _ _ 7 ,SVO,B,17:45:00,OVB,,21:50:00,32A,C8Y150,04:05:00,J
1386,1548,2025-05-12 00:00:00,2025-05-23 00:00:00,1 _ _ 4 5 _ _ ,SVO,B,17:45:00,OVB,,21:50:00,73H,C20Y138,04:05:00,J
1387,1548,2025-05-13 00:00:00,2025-05-21 00:00:00,_ 2 3 _ _ _ _ ,SVO,B,17:45:00,OVB,,21:50:00,73H,C20Y138,04:05:00,J
1388,1548,2025-05-17 00:00:00,2025-05-31 00:00:00,_ _ _ _ _ 6 _ ,SVO,B,17:45:00,OVB,,21:50:00,32A,C8Y150,04:05:00,J
1389,1548,2025-05-26 00:00:00,2025-05-27 00:00:00,1 2 _ _ _ _ _ ,SVO,B,17:45:00,OVB,,21:50:00,32N,C12Y144,04:05:00,J
1390,1548,2025-05-29 00:00:00,2025-05-29 00:00:00,_ _ _ 4 _ _ _ ,SVO,B,17:45:00,OVB,,21:50:00,73H,C20Y138,04:05:00,J
1391,1548,2025-05-30 00:00:00,2025-05-30 00:00:00,_ _ _ _ 5 _ _ ,SVO,B,17:45:00,OVB,,21:50:00,32A,C8Y150,04:05:00,J
1392,1549,2025-05-11 00:00:00,2025-05-31 00:00:00,_ _ _ _ _ 6 7 ,OVB,,23:00:00,SVO,B,03:20:00,32A,C8Y150,04:20:00,J
1393,1549,2025-05-12 00:00:00,2025-05-22 00:00:00,1 _ _ 4 _ _ _ ,OVB,,23:00:00,SVO,B,03:20:00,73H,C20Y138,04:20:00,J
1394,1549,2025-05-13 00:00:00,2025-05-20 00:00:00,_ 2 _ _ _ _ _ ,OVB,,23:00:00,SVO,B,03:20:00,73H,C20Y138,04:20:00,J
1395,1549,2025-05-14 00:00:00,2025-05-28 00:00:00,_ _ 3 _ 5 _ _ ,OVB,,23:00:00,SVO,B,03:20:00,73H,C20Y138,04:20:00,J
1396,1549,2025-05-26 00:00:00,2025-05-27 00:00:00,1 2 _ _ _ _ _ ,OVB,,23:00:00,SVO,B,03:20:00,32N,C12Y144,04:20:00,J
1397,1549,2025-05-30 00:00:00,2025-05-30 00:00:00,_ _ _ _ 5 _ _ ,OVB,,23:00:00,SVO,B,03:20:00,32A,C8Y150,04:20:00,J
1398,1563,2025-05-11 00:00:00,2025-05-11 00:00:00,_ _ _ _ _ _ 7 ,IKT,,05:20:00,SVO,B,11:25:00,73H,C20Y138,06:05:00,J
1399,1568,2025-05-15 00:00:00,2025-05-31 00:00:00,_ _ _ 4 5 6 _ ,SVO,B,21:35:00,TJM,,00:15:00,32A,C8Y150,02:40:00,J
1400,1569,2025-05-11 00:00:00,2025-06-01 00:00:00,_ _ _ _ 5 6 7 ,TJM,,01:15:00,SVO,B,04:15:00,32A,C8Y150,03:00:00,J
1401,1572,2025-05-11 00:00:00,2025-05-29 00:00:00,1 _ _ 4 _ _ 7 ,SVO,B,08:20:00,ESL,,11:50:00,32A,C8Y150,03:30:00,J
1402,1573,2025-05-11 00:00:00,2025-05-25 00:00:00,_ _ _ _ _ _ 7 ,ESL,,12:50:00,SVO,B,16:00:00,32A,C8Y150,03:10:00,J
1403,1573,2025-05-12 00:00:00,2025-05-29 00:00:00,1 _ _ 4 _ _ _ ,ESL,,12:50:00,SVO,B,16:05:00,32A,C8Y150,03:15:00,J
1404,1582,2025-05-22 00:00:00,2025-05-23 00:00:00,_ _ _ 4 5 _ _ ,SVO,B,23:35:00,RGK,,04:00:00,73H,C20Y138,04:25:00,J
1405,1582,2025-05-24 00:00:00,2025-05-24 00:00:00,_ _ _ _ _ 6 _ ,SVO,B,23:35:00,RGK,,04:00:00,32N,C12Y144,04:25:00,J
1406,1583,2025-05-23 00:00:00,2025-05-24 00:00:00,_ _ _ _ 5 6 _ ,RGK,,05:00:00,SVO,B,09:40:00,73H,C20Y138,04:40:00,J
1407,1583,2025-05-25 00:00:00,2025-05-25 00:00:00,_ _ _ _ _ _ 7 ,RGK,,05:00:00,SVO,B,09:40:00,32N,C12Y144,04:40:00,J
1408,1599,2025-05-16 00:00:00,2025-05-30 00:00:00,_ _ _ _ 5 _ _ ,GRV,,18:30:00,SVO,B,21:30:00,32A,C8Y150,03:00:00,J
1409,1602,2025-05-11 00:00:00,2025-05-29 00:00:00,_ _ 3 4 5 6 7 ,SVO,B,03:15:00,KUF,,05:10:00,32A,C8Y150,01:55:00,J
1410,1602,2025-05-30 00:00:00,2025-05-30 00:00:00,_ _ _ _ 5 _ _ ,SVO,B,03:15:00,KUF,,05:05:00,32B,C16Y167,01:50:00,J
1411,1602,2025-05-31 00:00:00,2025-05-31 00:00:00,_ _ _ _ _ 6 _ ,SVO,B,03:15:00,KUF,,05:10:00,32A,C8Y150,01:55:00,J
1412,1603,2025-05-11 00:00:00,2025-05-29 00:00:00,_ _ 3 4 5 6 7 ,KUF,,06:00:00,SVO,B,08:00:00,32A,C8Y150,02:00:00,J
1413,1603,2025-05-30 00:00:00,2025-05-30 00:00:00,_ _ _ _ 5 _ _ ,KUF,,06:05:00,SVO,B,08:00:00,32B,C16Y167,01:55:00,J
1414,1603,2025-05-31 00:00:00,2025-05-31 00:00:00,_ _ _ _ _ 6 _ ,KUF,,06:00:00,SVO,B,08:00:00,32A,C8Y150,02:00:00,J
1415,1604,2025-05-11 00:00:00,2025-05-18 00:00:00,_ _ _ _ _ _ 7 ,SVO,B,16:25:00,KUF,,18:05:00,32B,C16Y167,01:40:00,J
1416,1604,2025-05-12 00:00:00,2025-05-15 00:00:00,1 2 3 4 _ _ _ ,SVO,B,16:20:00,KUF,,18:05:00,32A,C8Y150,01:45:00,J
1417,1604,2025-05-16 00:00:00,2025-05-31 00:00:00,1 2 3 _ 5 6 _ ,SVO,B,16:20:00,KUF,,18:05:00,32A,C8Y150,01:45:00,J
1418,1604,2025-05-22 00:00:00,2025-05-29 00:00:00,_ _ _ 4 _ _ _ ,SVO,B,16:25:00,KUF,,18:05:00,32A,C8Y150,01:40:00,J
1419,1604,2025-05-25 00:00:00,2025-05-25 00:00:00,_ _ _ _ _ _ 7 ,SVO,B,16:20:00,KUF,,18:05:00,32A,C8Y150,01:45:00,J
1420,1605,2025-05-11 00:00:00,2025-05-11 00:00:00,_ _ _ _ _ _ 7 ,KUF,,19:05:00,SVO,B,21:05:00,32B,C16Y167,02:00:00,J
1421,1605,2025-05-12 00:00:00,2025-06-19 00:00:00,1 2 3 4 5 6 _ ,KUF,,19:05:00,SVO,B,21:05:00,32A,C8Y150,02:00:00,J
1422,1605,2025-05-18 00:00:00,2025-05-18 00:00:00,_ _ _ _ _ _ 7 ,KUF,,19:05:00,SVO,B,21:10:00,32B,C16Y167,02:05:00,J
1423,1605,2025-05-25 00:00:00,2025-06-15 00:00:00,_ _ _ _ _ _ 7 ,KUF,,19:05:00,SVO,B,21:05:00,32A,C8Y150,02:00:00,J
1424,1638,2025-05-11 00:00:00,2025-05-11 00:00:00,_ _ _ _ _ _ 7 ,SVO,B,21:40:00,OMS,,01:00:00,32B,C16Y167,03:20:00,J
1425,1638,2025-05-12 00:00:00,2025-06-14 00:00:00,1 2 3 4 5 6 7 ,SVO,B,21:40:00,OMS,,01:00:00,32A,C8Y150,03:20:00,J
1426,1639,2025-05-11 00:00:00,2025-05-11 00:00:00,_ _ _ _ _ _ 7 ,OMS,,02:05:00,SVO,B,05:40:00,32A,C8Y150,03:35:00,J
1427,1639,2025-05-12 00:00:00,2025-05-12 00:00:00,1 _ _ _ _ _ _ ,OMS,,02:05:00,SVO,B,05:40:00,32B,C16Y167,03:35:00,J
1428,1639,2025-05-13 00:00:00,2025-06-15 00:00:00,1 2 3 4 5 6 7 ,OMS,,02:05:00,SVO,B,05:40:00,32A,C8Y150,03:35:00,J
1429,1642,2025-05-11 00:00:00,2025-05-11 00:00:00,_ _ _ _ _ _ 7 ,SVO,B,08:50:00,ASF,,11:40:00,32B,C16Y167,02:50:00,J
1430,1642,2025-05-12 00:00:00,2025-05-22 00:00:00,1 2 3 4 _ _ _ ,SVO,B,08:50:00,ASF,,11:40:00,32A,C8Y150,02:50:00,J
1431,1642,2025-05-16 00:00:00,2025-05-16 00:00:00,_ _ _ _ 5 _ _ ,SVO,B,08:50:00,ASF,,11:40:00,32A,C8Y150,02:50:00,J
1432,1642,2025-05-17 00:00:00,2025-05-17 00:00:00,_ _ _ _ _ 6 _ ,SVO,B,08:50:00,ASF,,11:40:00,32B,C16Y167,02:50:00,J
1433,1642,2025-05-18 00:00:00,2025-05-18 00:00:00,_ _ _ _ _ _ 7 ,SVO,B,08:50:00,ASF,,11:40:00,73H,C20Y138,02:50:00,J
1434,1642,2025-05-23 00:00:00,2025-05-30 00:00:00,1 _ 3 _ 5 _ _ ,SVO,B,08:50:00,ASF,,11:40:00,73H,C20Y138,02:50:00,J
1435,1642,2025-05-24 00:00:00,2025-05-31 00:00:00,_ 2 _ 4 _ 6 _ ,SVO,B,08:50:00,ASF,,11:40:00,32A,C8Y150,02:50:00,J
1436,1642,2025-05-25 00:00:00,2025-05-25 00:00:00,_ _ _ _ _ _ 7 ,SVO,B,08:50:00,ASF,,11:40:00,321,C28Y142,02:50:00,J
1437,1643,2025-05-11 00:00:00,2025-05-11 00:00:00,_ _ _ _ _ _ 7 ,ASF,,12:40:00,SVO,B,15:30:00,32B,C16Y167,02:50:00,J
1438,1643,2025-05-12 00:00:00,2025-05-22 00:00:00,1 2 3 4 _ _ _ ,ASF,,12:40:00,SVO,B,15:30:00,32A,C8Y150,02:50:00,J
1439,1643,2025-05-16 00:00:00,2025-05-16 00:00:00,_ _ _ _ 5 _ _ ,ASF,,12:40:00,SVO,B,15:30:00,32A,C8Y150,02:50:00,J
1440,1643,2025-05-17 00:00:00,2025-05-17 00:00:00,_ _ _ _ _ 6 _ ,ASF,,12:40:00,SVO,B,15:30:00,32B,C16Y167,02:50:00,J
1441,1643,2025-05-18 00:00:00,2025-05-18 00:00:00,_ _ _ _ _ _ 7 ,ASF,,12:40:00,SVO,B,15:30:00,73H,C20Y138,02:50:00,J
1442,1643,2025-05-23 00:00:00,2025-05-30 00:00:00,1 _ 3 _ 5 _ _ ,ASF,,12:40:00,SVO,B,15:30:00,73H,C20Y138,02:50:00,J
1443,1643,2025-05-24 00:00:00,2025-05-31 00:00:00,_ 2 _ 4 _ 6 _ ,ASF,,12:40:00,SVO,B,15:30:00,32A,C8Y150,02:50:00,J
1444,1643,2025-05-25 00:00:00,2025-05-25 00:00:00,_ _ _ _ _ _ 7 ,ASF,,12:40:00,SVO,B,15:30:00,321,C28Y142,02:50:00,J
1445,1645,2025-05-11 00:00:00,2025-05-11 00:00:00,_ _ _ _ _ _ 7 ,IKT,,14:10:00,SVO,B,20:25:00,32Q,C12Y184,06:15:00,J
1446,1646,2025-05-11 00:00:00,2025-06-04 00:00:00,_ _ 3 _ _ _ 7 ,SVO,B,19:55:00,NJC,,23:15:00,32B,C16Y167,03:20:00,J
1447,1646,2025-05-12 00:00:00,2025-05-30 00:00:00,1 2 _ 4 5 6 _ ,SVO,B,19:55:00,NJC,,23:15:00,32B,C16Y167,03:20:00,J
1448,1648,2025-05-12 00:00:00,2025-05-12 00:00:00,1 _ _ _ _ _ _ ,SVO,B,15:05:00,IKT,,20:30:00,32N,C12Y144,05:25:00,J
1449,1648,2025-05-16 00:00:00,2025-05-30 00:00:00,1 _ _ _ 5 _ _ ,SVO,B,14:30:00,IKT,,20:00:00,73H,C20Y138,05:30:00,J
1450,1649,2025-05-11 00:00:00,2025-05-11 00:00:00,_ _ _ _ _ _ 7 ,IKT,,14:30:00,SVO,B,20:35:00,32Q,C12Y184,06:05:00,J
1451,1656,2025-05-11 00:00:00,2025-05-16 00:00:00,_ _ _ 4 5 _ 7 ,SVO,B,23:55:00,PEE,,02:00:00,32A,C8Y150,02:05:00,J
1452,1656,2025-05-18 00:00:00,2025-05-30 00:00:00,_ _ _ 4 5 6 7 ,SVO,B,23:55:00,PEE,,02:00:00,32A,C8Y150,02:05:00,J
1453,1656,2025-05-26 00:00:00,2025-05-28 00:00:00,1 2 3 _ _ _ _ ,SVO,B,23:55:00,PEE,,02:00:00,32A,C8Y150,02:05:00,J
1454,1657,2025-05-11 00:00:00,2025-05-17 00:00:00,1 _ _ _ 5 6 7 ,PEE,,03:00:00,SVO,B,05:15:00,32A,C8Y150,02:15:00,J
1455,1657,2025-05-19 00:00:00,2025-05-31 00:00:00,1 _ _ _ 5 6 7 ,PEE,,03:00:00,SVO,B,05:15:00,32A,C8Y150,02:15:00,J
1456,1657,2025-05-27 00:00:00,2025-05-29 00:00:00,_ 2 3 4 _ _ _ ,PEE,,03:00:00,SVO,B,05:15:00,32A,C8Y150,02:15:00,J
1457,1678,2025-05-11 00:00:00,2025-05-11 00:00:00,_ _ _ _ _ _ 7 ,SVO,B,04:45:00,ASF,,07:30:00,32B,C16Y167,02:45:00,J
1458,1678,2025-05-12 00:00:00,2025-06-20 00:00:00,1 2 3 _ 5 6 _ ,SVO,B,04:45:00,ASF,,07:30:00,32A,C8Y150,02:45:00,J
1459,1678,2025-05-15 00:00:00,2025-05-15 00:00:00,_ _ _ 4 _ _ _ ,SVO,B,04:45:00,ASF,,07:30:00,32A,C8Y150,02:45:00,J
1460,1678,2025-05-18 00:00:00,2025-05-18 00:00:00,_ _ _ _ _ _ 7 ,SVO,B,04:45:00,ASF,,07:30:00,321,C28Y142,02:45:00,J
1461,1679,2025-05-11 00:00:00,2025-05-11 00:00:00,_ _ _ _ _ _ 7 ,ASF,,08:20:00,SVO,B,11:05:00,32B,C16Y167,02:45:00,J
1462,1679,2025-05-12 00:00:00,2025-06-20 00:00:00,1 2 3 _ 5 6 _ ,ASF,,08:20:00,SVO,B,11:05:00,32A,C8Y150,02:45:00,J
1463,1679,2025-05-15 00:00:00,2025-05-15 00:00:00,_ _ _ 4 _ _ _ ,ASF,,08:20:00,SVO,B,11:05:00,32A,C8Y150,02:45:00,J
1464,1679,2025-05-18 00:00:00,2025-05-18 00:00:00,_ _ _ _ _ _ 7 ,ASF,,08:20:00,SVO,B,11:05:00,321,C28Y142,02:45:00,J
1465,1680,2025-05-12 00:00:00,2025-05-31 00:00:00,1 2 _ 4 5 6 _ ,SVO,B,11:40:00,NBC,,13:30:00,32A,C8Y150,01:50:00,J
1466,1680,2025-05-14 00:00:00,2025-05-21 00:00:00,_ _ 3 _ _ _ _ ,SVO,B,11:40:00,NBC,,13:30:00,32A,C8Y150,01:50:00,J
1467,1680,2025-05-25 00:00:00,2025-05-25 00:00:00,_ _ _ _ _ _ 7 ,SVO,B,11:40:00,NBC,,13:30:00,32A,C8Y150,01:50:00,J
1468,1680,2025-05-28 00:00:00,2025-05-28 00:00:00,_ _ 3 _ _ _ _ ,SVO,B,11:40:00,NBC,,13:30:00,32B,C16Y167,01:50:00,J
1469,1681,2025-05-12 00:00:00,2025-05-27 00:00:00,1 2 3 4 5 6 _ ,NBC,,14:20:00,SVO,B,16:20:00,32A,C8Y150,02:00:00,J
1470,1681,2025-05-25 00:00:00,2025-05-31 00:00:00,_ _ _ 4 5 6 7 ,NBC,,14:20:00,SVO,B,16:20:00,32A,C8Y150,02:00:00,J
1471,1681,2025-05-28 00:00:00,2025-05-28 00:00:00,_ _ 3 _ _ _ _ ,NBC,,14:20:00,SVO,B,16:20:00,32B,C16Y167,02:00:00,J
1472,1688,2025-05-11 00:00:00,2025-06-18 00:00:00,_ _ 3 _ 5 6 7 ,SVO,B,06:45:00,OMS,,10:15:00,32A,C8Y150,03:30:00,J
1473,1688,2025-05-12 00:00:00,2025-06-16 00:00:00,1 _ _ _ _ _ _ ,SVO,B,06:50:00,OMS,,10:15:00,32A,C8Y150,03:25:00,J
1474,1688,2025-05-13 00:00:00,2025-05-27 00:00:00,_ 2 _ _ _ _ _ ,SVO,B,06:55:00,OMS,,10:15:00,32A,C8Y150,03:20:00,J
1475,1688,2025-05-15 00:00:00,2025-05-29 00:00:00,_ _ _ 4 _ _ _ ,SVO,B,06:50:00,OMS,,10:15:00,32A,C8Y150,03:25:00,J
1476,1689,2025-05-11 00:00:00,2025-06-16 00:00:00,1 _ _ _ 5 _ 7 ,OMS,,11:15:00,SVO,B,14:55:00,32A,C8Y150,03:40:00,J
1477,1689,2025-05-13 00:00:00,2025-05-29 00:00:00,_ 2 3 4 _ 6 _ ,OMS,,11:15:00,SVO,B,14:55:00,32A,C8Y150,03:40:00,J
1478,1700,2025-05-11 00:00:00,2025-05-14 00:00:00,1 2 3 _ _ _ 7 ,SVO,B,12:40:00,VVO,,20:55:00,359,C28W24Y264,08:15:00,J
1479,1700,2025-05-15 00:00:00,2025-05-16 00:00:00,_ _ _ 4 5 _ _ ,SVO,B,12:40:00,VVO,,20:55:00,77W,C30W48Y324,08:15:00,J
1480,1700,2025-05-17 00:00:00,2025-05-31 00:00:00,_ 2 3 _ _ 6 7 ,SVO,B,12:40:00,VVO,,20:55:00,3KR,C28Y268,08:15:00,J
1481,1700,2025-05-22 00:00:00,2025-06-05 00:00:00,_ _ _ 4 5 _ _ ,SVO,B,12:40:00,VVO,,20:55:00,3KR,C28Y268,08:15:00,J
1482,1701,2025-05-11 00:00:00,2025-05-14 00:00:00,1 2 3 _ _ _ 7 ,VVO,,22:40:00,SVO,B,07:30:00,359,C28W24Y264,08:50:00,J
1483,1701,2025-05-15 00:00:00,2025-05-16 00:00:00,_ _ _ 4 5 _ _ ,VVO,,22:40:00,SVO,B,07:30:00,77W,C30W48Y324,08:50:00,J
1484,1701,2025-05-17 00:00:00,2025-05-31 00:00:00,_ 2 3 _ _ 6 7 ,VVO,,22:40:00,SVO,B,07:30:00,3KR,C28Y268,08:50:00,J
1485,1701,2025-05-22 00:00:00,2025-05-30 00:00:00,_ _ _ 4 5 _ _ ,VVO,,22:40:00,SVO,B,07:30:00,3KR,C28Y268,08:50:00,J
1486,1702,2025-05-12 00:00:00,2025-05-15 00:00:00,1 _ 3 4 _ _ _ ,SVO,B,17:15:00,VVO,,01:35:00,77W,C30W48Y324,08:20:00,J
1487,1702,2025-05-16 00:00:00,2025-05-16 00:00:00,_ _ _ _ 5 _ _ ,SVO,B,17:15:00,VVO,,01:35:00,3KR,C28Y268,08:20:00,J
1488,1702,2025-05-31 00:00:00,2025-05-31 00:00:00,_ _ _ _ _ 6 _ ,SVO,B,16:40:00,VVO,,01:35:00,77W,C30W48Y324,08:55:00,J
1489,1703,2025-05-13 00:00:00,2025-05-16 00:00:00,_ 2 _ 4 5 _ _ ,VVO,,03:40:00,SVO,B,12:20:00,77W,C30W48Y324,08:40:00,J
1490,1703,2025-05-17 00:00:00,2025-05-17 00:00:00,_ _ _ _ _ 6 _ ,VVO,,03:40:00,SVO,B,12:20:00,3KR,C28Y268,08:40:00,J
1491,1704,2025-05-16 00:00:00,2025-05-30 00:00:00,_ _ _ _ 5 _ _ ,SVO,B,15:25:00,VVO,,23:45:00,77W,C30W48Y324,08:20:00,J
1492,1704,2025-05-26 00:00:00,2025-06-26 00:00:00,1 _ 3 4 _ _ _ ,SVO,B,15:25:00,VVO,,23:45:00,77W,C30W48Y324,08:20:00,J
1493,1705,2025-05-11 00:00:00,2025-05-31 00:00:00,_ _ _ _ _ 6 7 ,VVO,,02:05:00,SVO,B,10:55:00,77W,C30W48Y324,08:50:00,J
1494,1705,2025-05-12 00:00:00,2025-05-28 00:00:00,1 _ 3 _ _ _ _ ,VVO,,02:05:00,SVO,B,10:55:00,77W,C30W48Y324,08:50:00,J
1495,1705,2025-05-27 00:00:00,2025-05-30 00:00:00,_ 2 _ 4 5 _ _ ,VVO,,02:05:00,SVO,B,10:55:00,77W,C30W48Y324,08:50:00,J
1496,1708,2025-05-31 00:00:00,2025-06-10 00:00:00,1 2 _ 4 5 6 7 ,SVO,B,22:20:00,VVO,,06:45:00,359,C28W24Y264,08:25:00,J
1497,1712,2025-05-11 00:00:00,2025-05-29 00:00:00,_ 2 _ 4 _ _ 7 ,SVO,B,20:05:00,KHV,,03:45:00,359,C28W24Y264,07:40:00,J
1498,1712,2025-05-12 00:00:00,2025-05-26 00:00:00,1 _ _ _ _ _ _ ,SVO,B,20:05:00,KHV,,03:40:00,359,C28W24Y264,07:35:00,J
1499,1712,2025-05-14 00:00:00,2025-05-14 00:00:00,_ _ 3 _ _ _ _ ,SVO,B,20:05:00,KHV,,03:45:00,77W,C30W48Y324,07:40:00,J
1500,1712,2025-05-16 00:00:00,2025-05-16 00:00:00,_ _ _ _ 5 _ _ ,SVO,B,20:05:00,KHV,,03:45:00,359,C28W24Y264,07:40:00,J
1501,1712,2025-05-17 00:00:00,2025-05-24 00:00:00,_ _ 3 _ _ 6 _ ,SVO,B,20:05:00,KHV,,03:45:00,359,C28W24Y264,07:40:00,J
1502,1712,2025-05-31 00:00:00,2025-06-04 00:00:00,_ 2 3 _ _ 6 _ ,SVO,B,20:05:00,KHV,,03:45:00,77R,C28W24Y375,07:40:00,J
1503,1713,2025-05-11 00:00:00,2025-05-11 00:00:00,_ _ _ _ _ _ 7 ,KHV,,05:45:00,SVO,B,13:45:00,359,C28W24Y264,08:00:00,J
1504,1713,2025-05-12 00:00:00,2025-05-30 00:00:00,1 _ 3 _ 5 _ _ ,KHV,,05:45:00,SVO,B,13:45:00,359,C28W24Y264,08:00:00,J
1505,1713,2025-05-13 00:00:00,2025-05-27 00:00:00,_ 2 _ _ _ _ _ ,KHV,,06:40:00,SVO,B,14:40:00,359,C28W24Y264,08:00:00,J
1506,1713,2025-05-15 00:00:00,2025-05-15 00:00:00,_ _ _ 4 _ _ _ ,KHV,,05:45:00,SVO,B,13:45:00,77W,C30W48Y324,08:00:00,J
1507,1713,2025-05-17 00:00:00,2025-05-17 00:00:00,_ _ _ _ _ 6 _ ,KHV,,05:45:00,SVO,B,13:45:00,359,C28W24Y264,08:00:00,J
1508,1713,2025-05-18 00:00:00,2025-05-25 00:00:00,_ _ _ 4 _ _ 7 ,KHV,,05:45:00,SVO,B,13:45:00,359,C28W24Y264,08:00:00,J
1509,1714,2025-05-12 00:00:00,2025-05-13 00:00:00,1 2 _ _ _ _ _ ,SVO,B,18:10:00,KHV,,01:45:00,77W,C30W48Y324,07:35:00,J
1510,1714,2025-05-14 00:00:00,2025-05-14 00:00:00,_ _ 3 _ _ _ _ ,SVO,B,18:10:00,KHV,,01:45:00,77R,C28W24Y375,07:35:00,J
1511,1714,2025-05-15 00:00:00,2025-06-21 00:00:00,1 2 3 4 _ 6 _ ,SVO,B,18:10:00,KHV,,01:45:00,77W,C30W48Y324,07:35:00,J
1512,1714,2025-05-16 00:00:00,2025-05-16 00:00:00,_ _ _ _ 5 _ _ ,SVO,B,18:10:00,KHV,,01:45:00,359,C28W24Y264,07:35:00,J
1513,1714,2025-05-23 00:00:00,2025-05-30 00:00:00,_ _ _ _ 5 _ _ ,SVO,B,18:10:00,KHV,,01:45:00,77W,C30W48Y324,07:35:00,J
1514,1715,2025-05-11 00:00:00,2025-05-14 00:00:00,_ 2 3 _ _ _ 7 ,KHV,,03:45:00,SVO,B,11:50:00,77W,C30W48Y324,08:05:00,J
1515,1715,2025-05-15 00:00:00,2025-05-15 00:00:00,_ _ _ 4 _ _ _ ,KHV,,03:45:00,SVO,B,11:50:00,77R,C28W24Y375,08:05:00,J
1516,1715,2025-05-16 00:00:00,2025-06-22 00:00:00,_ 2 3 4 5 _ 7 ,KHV,,03:45:00,SVO,B,11:50:00,77W,C30W48Y324,08:05:00,J
1517,1715,2025-05-17 00:00:00,2025-05-17 00:00:00,_ _ _ _ _ 6 _ ,KHV,,03:45:00,SVO,B,11:50:00,359,C28W24Y264,08:05:00,J
1518,1715,2025-05-24 00:00:00,2025-05-31 00:00:00,_ _ _ _ _ 6 _ ,KHV,,03:45:00,SVO,B,11:50:00,77W,C30W48Y324,08:05:00,J
1519,1726,2025-05-15 00:00:00,2025-05-22 00:00:00,_ _ _ 4 _ _ _ ,SVO,B,19:40:00,VVO,,04:00:00,77W,C30W48Y324,08:20:00,J
1520,1726,2025-05-18 00:00:00,2025-06-07 00:00:00,1 _ 3 _ _ 6 7 ,SVO,B,19:40:00,VVO,,04:00:00,77W,C30W48Y324,08:20:00,J
1521,1726,2025-05-20 00:00:00,2025-06-24 00:00:00,_ 2 _ _ _ _ _ ,SVO,B,19:40:00,VVO,,04:00:00,77W,C30W48Y324,08:20:00,J
1522,1726,2025-05-23 00:00:00,2025-05-30 00:00:00,_ _ _ _ 5 _ _ ,SVO,B,19:40:00,VVO,,04:00:00,77W,C30W48Y324,08:20:00,J
1523,1726,2025-05-29 00:00:00,2025-05-29 00:00:00,_ _ _ 4 _ _ _ ,SVO,B,19:40:00,VVO,,04:00:00,359,C28W24Y264,08:20:00,J
1524,1727,2025-05-16 00:00:00,2025-05-23 00:00:00,_ _ _ _ 5 _ _ ,VVO,,05:45:00,SVO,B,14:30:00,77W,C30W48Y324,08:45:00,J
1525,1727,2025-05-19 00:00:00,2025-06-05 00:00:00,1 2 3 4 _ 6 7 ,VVO,,05:45:00,SVO,B,14:35:00,77W,C30W48Y324,08:50:00,J
1526,1727,2025-05-30 00:00:00,2025-05-30 00:00:00,_ _ _ _ 5 _ _ ,VVO,,05:45:00,SVO,B,14:30:00,359,C28W24Y264,08:45:00,J
1527,1730,2025-05-11 00:00:00,2025-05-11 00:00:00,_ _ _ _ _ _ 7 ,SVO,B,14:25:00,PKC,,22:45:00,3KR,C28Y268,08:20:00,J
1528,1730,2025-05-13 00:00:00,2025-06-21 00:00:00,_ 2 _ _ _ 6 _ ,SVO,B,13:35:00,PKC,,21:55:00,77W,C30W48Y324,08:20:00,J
1529,1731,2025-05-11 00:00:00,2025-05-25 00:00:00,_ _ _ _ _ _ 7 ,PKC,,00:40:00,SVO,B,09:30:00,77W,C30W48Y324,08:50:00,J
1530,1731,2025-05-12 00:00:00,2025-05-12 00:00:00,1 _ _ _ _ _ _ ,PKC,,01:30:00,SVO,B,10:25:00,3KR,C28Y268,08:55:00,J
1531,1731,2025-05-19 00:00:00,2025-05-26 00:00:00,1 _ _ _ _ _ _ ,PKC,,00:40:00,SVO,B,09:25:00,77W,C30W48Y324,08:45:00,J
1532,1732,2025-05-11 00:00:00,2025-05-25 00:00:00,_ _ _ _ _ _ 7 ,SVO,B,16:00:00,KJA,1,21:25:00,73H,C20Y138,05:25:00,J
1533,1732,2025-05-11 00:00:00,2025-05-25 00:00:00,_ _ _ _ _ _ 7 ,KJA,1,23:00:00,PKC,,04:40:00,73H,C20Y138,05:40:00,J
1534,1733,2025-05-12 00:00:00,2025-05-26 00:00:00,1 _ _ _ _ _ _ ,PKC,,07:00:00,KJA,1,12:50:00,73H,C20Y138,05:50:00,J
1535,1733,2025-05-12 00:00:00,2025-05-26 00:00:00,1 _ _ _ _ _ _ ,KJA,1,14:15:00,SVO,B,19:35:00,73H,C20Y138,05:20:00,J
1536,1734,2025-05-25 00:00:00,2025-05-25 00:00:00,_ _ _ _ _ _ 7 ,SVO,B,16:50:00,PKC,,01:10:00,359,C28W24Y264,08:20:00,J
1537,1735,2025-05-26 00:00:00,2025-05-26 00:00:00,1 _ _ _ _ _ _ ,PKC,,04:00:00,SVO,B,12:50:00,359,C28W24Y264,08:50:00,J
1538,1740,2025-05-14 00:00:00,2025-05-21 00:00:00,_ _ 3 _ _ _ _ ,SVO,B,18:50:00,KJA,1,23:50:00,73H,C20Y138,05:00:00,J
1539,1740,2025-05-15 00:00:00,2025-05-22 00:00:00,_ _ _ 4 _ _ _ ,KJA,1,01:35:00,UUS,,06:20:00,73H,C20Y138,04:45:00,J
1540,1741,2025-05-15 00:00:00,2025-05-22 00:00:00,_ _ _ 4 _ _ _ ,UUS,,07:40:00,KJA,1,12:50:00,73H,C20Y138,05:10:00,J
1541,1741,2025-05-15 00:00:00,2025-05-22 00:00:00,_ _ _ 4 _ _ _ ,KJA,1,14:15:00,SVO,B,19:30:00,73H,C20Y138,05:15:00,J
1542,1742,2025-05-11 00:00:00,2025-05-15 00:00:00,_ _ _ 4 _ _ 7 ,SVO,B,17:20:00,UUS,,01:35:00,77W,C30W48Y324,08:15:00,J
1543,1742,2025-05-18 00:00:00,2025-05-25 00:00:00,_ _ _ _ _ _ 7 ,SVO,B,17:20:00,UUS,,01:35:00,77W,C30W48Y324,08:15:00,J
1544,1742,2025-05-22 00:00:00,2025-05-22 00:00:00,_ _ _ 4 _ _ _ ,SVO,B,17:20:00,UUS,,01:35:00,359,C28W24Y264,08:15:00,J
1545,1742,2025-05-29 00:00:00,2025-06-05 00:00:00,_ _ _ 4 _ _ _ ,SVO,B,17:20:00,UUS,,01:35:00,77W,C30W48Y324,08:15:00,J
1546,1743,2025-05-12 00:00:00,2025-05-16 00:00:00,1 _ _ _ 5 _ _ ,UUS,,04:00:00,SVO,B,12:45:00,77W,C30W48Y324,08:45:00,J
1547,1743,2025-05-19 00:00:00,2025-05-26 00:00:00,1 _ _ _ _ _ _ ,UUS,,04:00:00,SVO,B,12:45:00,77W,C30W48Y324,08:45:00,J
1548,1743,2025-05-23 00:00:00,2025-05-23 00:00:00,_ _ _ _ 5 _ _ ,UUS,,04:00:00,SVO,B,12:45:00,359,C28W24Y264,08:45:00,J
1549,1743,2025-05-30 00:00:00,2025-06-06 00:00:00,_ _ _ _ 5 _ _ ,UUS,,04:00:00,SVO,B,12:45:00,77W,C30W48Y324,08:45:00,J
1550,1744,2025-05-11 00:00:00,2025-05-13 00:00:00,1 2 _ _ _ _ 7 ,SVO,B,14:10:00,UUS,,22:15:00,77R,C28W24Y375,08:05:00,J
1551,1744,2025-05-14 00:00:00,2025-05-14 00:00:00,_ _ 3 _ _ _ _ ,SVO,B,14:10:00,UUS,,22:15:00,77W,C30W48Y324,08:05:00,J
1552,1744,2025-05-15 00:00:00,2025-05-20 00:00:00,1 2 _ 4 5 6 7 ,SVO,B,14:10:00,UUS,,22:15:00,77R,C28W24Y375,08:05:00,J
1553,1744,2025-05-21 00:00:00,2025-05-24 00:00:00,_ _ 3 4 5 6 _ ,SVO,B,14:10:00,UUS,,22:15:00,77W,C30W48Y324,08:05:00,J
1554,1744,2025-05-25 00:00:00,2025-06-29 00:00:00,_ _ _ _ _ 6 7 ,SVO,B,14:10:00,UUS,,22:15:00,77W,C30W48Y324,08:05:00,J
1555,1744,2025-05-26 00:00:00,2025-05-30 00:00:00,1 2 3 4 5 _ _ ,SVO,B,14:10:00,UUS,,22:15:00,77R,C28W24Y375,08:05:00,J
1556,1745,2025-05-11 00:00:00,2025-05-14 00:00:00,1 2 3 _ _ _ 7 ,UUS,,00:45:00,SVO,B,09:15:00,77R,C28W24Y375,08:30:00,J
1557,1745,2025-05-15 00:00:00,2025-05-15 00:00:00,_ _ _ 4 _ _ _ ,UUS,,00:45:00,SVO,B,09:15:00,77W,C30W48Y324,08:30:00,J
1558,1745,2025-05-16 00:00:00,2025-05-21 00:00:00,1 2 3 _ 5 6 7 ,UUS,,00:45:00,SVO,B,09:15:00,77R,C28W24Y375,08:30:00,J
1559,1745,2025-05-22 00:00:00,2025-05-25 00:00:00,_ _ _ 4 5 6 7 ,UUS,,00:45:00,SVO,B,09:15:00,77W,C30W48Y324,08:30:00,J
1560,1745,2025-05-26 00:00:00,2025-06-30 00:00:00,1 _ _ _ _ _ 7 ,UUS,,00:45:00,SVO,B,09:15:00,77W,C30W48Y324,08:30:00,J
1561,1745,2025-05-27 00:00:00,2025-05-31 00:00:00,_ 2 3 4 5 6 _ ,UUS,,00:45:00,SVO,B,09:15:00,77R,C28W24Y375,08:30:00,J
1562,1755,2025-05-17 00:00:00,2025-05-31 00:00:00,_ _ _ _ _ 6 _ ,VVO,,00:50:00,SVO,B,09:40:00,77W,C30W48Y324,08:50:00,J
1563,1756,2025-05-12 00:00:00,2025-05-12 00:00:00,1 _ _ _ _ _ _ ,SVO,B,14:00:00,VVO,,22:20:00,77W,C30W48Y324,08:20:00,J
1564,1756,2025-05-15 00:00:00,2025-06-26 00:00:00,_ _ _ 4 _ _ _ ,SVO,B,14:00:00,VVO,,22:20:00,77W,C30W48Y324,08:20:00,J
1565,1757,2025-05-14 00:00:00,2025-05-14 00:00:00,_ _ 3 _ _ _ _ ,VVO,,01:50:00,SVO,B,10:40:00,77W,C30W48Y324,08:50:00,J
1566,1762,2025-05-11 00:00:00,2025-05-12 00:00:00,1 _ _ _ _ _ 7 ,SVO,B,19:15:00,OMS,,22:40:00,32B,C16Y167,03:25:00,J
1567,1763,2025-05-11 00:00:00,2025-05-12 00:00:00,1 _ _ _ _ _ 7 ,OMS,,23:50:00,SVO,B,03:20:00,32B,C16Y167,03:30:00,J
1568,1768,2025-05-11 00:00:00,2025-05-14 00:00:00,_ _ 3 _ _ _ 7 ,SVO,B,12:15:00,PEE,,14:20:00,32A,C8Y150,02:05:00,J
1569,1768,2025-05-12 00:00:00,2025-05-31 00:00:00,1 2 _ 4 5 6 _ ,SVO,B,12:15:00,PEE,,14:20:00,32A,C8Y150,02:05:00,J
1570,1768,2025-05-18 00:00:00,2025-05-18 00:00:00,_ _ _ _ _ _ 7 ,SVO,B,12:15:00,PEE,,14:20:00,321,C28Y142,02:05:00,J
1571,1768,2025-05-21 00:00:00,2025-05-28 00:00:00,_ _ 3 _ _ _ 7 ,SVO,B,12:15:00,PEE,,14:20:00,32A,C8Y150,02:05:00,J
1572,1769,2025-05-11 00:00:00,2025-05-14 00:00:00,_ _ 3 _ _ _ 7 ,PEE,,15:20:00,SVO,B,17:35:00,32A,C8Y150,02:15:00,J
1573,1769,2025-05-12 00:00:00,2025-05-31 00:00:00,1 2 _ 4 5 6 _ ,PEE,,15:20:00,SVO,B,17:35:00,32A,C8Y150,02:15:00,J
1574,1769,2025-05-18 00:00:00,2025-05-18 00:00:00,_ _ _ _ _ _ 7 ,PEE,,15:20:00,SVO,B,17:35:00,321,C28Y142,02:15:00,J
1575,1769,2025-05-21 00:00:00,2025-05-28 00:00:00,_ _ 3 _ _ _ 7 ,PEE,,15:20:00,SVO,B,17:35:00,32A,C8Y150,02:15:00,J
1576,1780,2025-05-11 00:00:00,2025-05-11 00:00:00,_ _ _ _ _ _ 7 ,SVO,B,17:35:00,ARH,,19:30:00,32B,C16Y167,01:55:00,G
1577,1780,2025-05-30 00:00:00,2025-05-30 00:00:00,_ _ _ _ 5 _ _ ,SVO,B,03:00:00,AER,,06:40:00,32A,C8Y150,03:40:00,G
1578,1781,2025-05-11 00:00:00,2025-05-11 00:00:00,_ _ _ _ _ _ 7 ,ARH,,20:30:00,SVO,B,22:25:00,32B,C16Y167,01:55:00,G
1579,1785,2025-05-11 00:00:00,2025-05-11 00:00:00,_ _ _ _ _ _ 7 ,UUS,,04:00:00,SVO,B,12:45:00,3KR,C28Y268,08:45:00,G
1580,1786,2025-05-11 00:00:00,2025-05-11 00:00:00,_ _ _ _ _ _ 7 ,SVO,B,06:55:00,UFA,1,09:10:00,32A,C8Y150,02:15:00,G
1581,1787,2025-05-11 00:00:00,2025-05-11 00:00:00,_ _ _ _ _ _ 7 ,UFA,1,10:15:00,SVO,B,12:25:00,32A,C8Y150,02:10:00,G
1582,1794,2025-05-11 00:00:00,2025-05-11 00:00:00,_ _ _ _ _ _ 7 ,SVO,B,14:00:00,VVO,,22:20:00,77W,C30W48Y324,08:20:00,G
1583,1795,2025-05-12 00:00:00,2025-05-12 00:00:00,1 _ _ _ _ _ _ ,VVO,,00:05:00,SVO,B,08:55:00,77W,C30W48Y324,08:50:00,G
1584,1796,2025-05-15 00:00:00,2025-05-15 00:00:00,_ _ _ 4 _ _ _ ,SVO,B,18:55:00,NJC,,22:20:00,32A,C8Y150,03:25:00,G
1585,1797,2025-05-11 00:00:00,2025-05-11 00:00:00,_ _ _ _ _ _ 7 ,PKC,,03:40:00,SVO,B,12:30:00,3KR,C28Y268,08:50:00,G
1586,1797,2025-05-15 00:00:00,2025-05-15 00:00:00,_ _ _ 4 _ _ _ ,NJC,,23:30:00,SVO,B,03:00:00,32A,C8Y150,03:30:00,G
1587,1829,2025-05-11 00:00:00,2025-05-11 00:00:00,_ _ _ _ _ _ 7 ,GNJ,,13:15:00,SVO,C,16:40:00,32A,C8Y150,03:25:00,J
1588,1830,2025-05-11 00:00:00,2025-05-16 00:00:00,_ _ 3 4 5 _ 7 ,SVO,C,06:10:00,MSQ,,07:40:00,32A,C8Y150,01:30:00,J
1589,1830,2025-05-12 00:00:00,2025-05-13 00:00:00,1 2 _ _ _ _ _ ,SVO,C,06:10:00,MSQ,,07:40:00,320,C20Y120,01:30:00,J
1590,1831,2025-05-11 00:00:00,2025-05-16 00:00:00,_ _ 3 4 5 _ 7 ,MSQ,,08:40:00,SVO,B,10:10:00,32A,C8Y150,01:30:00,J
1591,1831,2025-05-12 00:00:00,2025-05-13 00:00:00,1 2 _ _ _ _ _ ,MSQ,,08:40:00,SVO,B,10:10:00,320,C20Y120,01:30:00,J
1592,1832,2025-05-11 00:00:00,2025-05-11 00:00:00,_ _ _ _ _ _ 7 ,SVO,C,15:55:00,MSQ,,17:30:00,32B,C16Y167,01:35:00,J
1593,1832,2025-05-12 00:00:00,2025-05-15 00:00:00,1 2 3 4 _ _ _ ,SVO,C,15:40:00,MSQ,,17:10:00,32A,C8Y150,01:30:00,J
1594,1832,2025-05-16 00:00:00,2025-05-17 00:00:00,_ _ _ _ 5 6 _ ,SVO,C,15:40:00,MSQ,,17:10:00,320,C20Y120,01:30:00,J
1595,1832,2025-05-18 00:00:00,2025-05-18 00:00:00,_ _ _ _ _ _ 7 ,SVO,C,15:50:00,MSQ,,17:30:00,32B,C16Y167,01:40:00,J
1596,1832,2025-05-19 00:00:00,2025-05-24 00:00:00,1 2 3 4 5 6 _ ,SVO,C,15:40:00,MSQ,,17:10:00,32A,C8Y150,01:30:00,J
1597,1832,2025-05-25 00:00:00,2025-05-25 00:00:00,_ _ _ _ _ _ 7 ,SVO,C,15:55:00,MSQ,,17:30:00,32B,C16Y167,01:35:00,J
1598,1832,2025-05-26 00:00:00,2025-06-19 00:00:00,1 2 3 4 5 6 7 ,SVO,C,15:40:00,MSQ,,17:10:00,32A,C8Y150,01:30:00,J
1599,1833,2025-05-11 00:00:00,2025-05-25 00:00:00,_ _ _ _ _ _ 7 ,MSQ,,18:30:00,SVO,B,20:05:00,32B,C16Y167,01:35:00,J
1600,1833,2025-05-12 00:00:00,2025-05-15 00:00:00,1 2 3 4 _ _ _ ,MSQ,,18:10:00,SVO,B,19:40:00,32A,C8Y150,01:30:00,J
1601,1833,2025-05-16 00:00:00,2025-05-17 00:00:00,_ _ _ _ 5 6 _ ,MSQ,,18:10:00,SVO,B,19:40:00,320,C20Y120,01:30:00,J
1602,1833,2025-05-19 00:00:00,2025-05-24 00:00:00,1 2 3 4 5 6 _ ,MSQ,,18:10:00,SVO,B,19:40:00,32A,C8Y150,01:30:00,J
1603,1833,2025-05-26 00:00:00,2025-06-19 00:00:00,1 2 3 4 5 6 7 ,MSQ,,18:10:00,SVO,B,19:40:00,32A,C8Y150,01:30:00,J
1604,1834,2025-05-11 00:00:00,2025-05-24 00:00:00,1 2 3 4 5 6 7 ,SVO,C,21:20:00,MSQ,,22:45:00,320,C20Y120,01:25:00,J
1605,1834,2025-05-25 00:00:00,2025-05-25 00:00:00,_ _ _ _ _ _ 7 ,SVO,C,21:20:00,MSQ,,22:45:00,32A,C8Y150,01:25:00,J
1606,1835,2025-05-11 00:00:00,2025-05-25 00:00:00,1 2 3 4 5 6 7 ,MSQ,,03:30:00,SVO,B,04:55:00,320,C20Y120,01:25:00,J
1607,1835,2025-05-26 00:00:00,2025-05-26 00:00:00,1 _ _ _ _ _ _ ,MSQ,,03:30:00,SVO,B,04:55:00,32A,C8Y150,01:25:00,J
1608,1836,2025-05-11 00:00:00,2025-05-11 00:00:00,_ _ _ _ _ _ 7 ,SVO,C,12:00:00,MSQ,,13:20:00,73H,C20Y138,01:20:00,J
1609,1836,2025-05-12 00:00:00,2025-05-15 00:00:00,1 2 _ 4 _ _ _ ,SVO,C,12:00:00,MSQ,,13:20:00,32A,C8Y150,01:20:00,J
1610,1836,2025-05-14 00:00:00,2025-05-18 00:00:00,_ _ 3 _ 5 _ 7 ,SVO,C,12:00:00,MSQ,,13:20:00,320,C20Y120,01:20:00,J
1611,1836,2025-05-17 00:00:00,2025-05-17 00:00:00,_ _ _ _ _ 6 _ ,SVO,C,12:00:00,MSQ,,13:20:00,321,C28Y142,01:20:00,J
1612,1836,2025-05-19 00:00:00,2025-05-24 00:00:00,1 2 3 4 5 6 _ ,SVO,C,12:00:00,MSQ,,13:20:00,321,C28Y142,01:20:00,J
1613,1836,2025-05-25 00:00:00,2025-05-31 00:00:00,1 2 3 4 5 6 7 ,SVO,C,12:00:00,MSQ,,13:20:00,320,C20Y120,01:20:00,J
1614,1837,2025-05-11 00:00:00,2025-05-11 00:00:00,_ _ _ _ _ _ 7 ,MSQ,,14:20:00,SVO,B,15:50:00,73H,C20Y138,01:30:00,J
1615,1837,2025-05-12 00:00:00,2025-05-15 00:00:00,1 2 _ 4 _ _ _ ,MSQ,,14:20:00,SVO,B,15:50:00,32A,C8Y150,01:30:00,J
1616,1837,2025-05-14 00:00:00,2025-05-18 00:00:00,_ _ 3 _ 5 _ 7 ,MSQ,,14:20:00,SVO,B,15:50:00,320,C20Y120,01:30:00,J
1617,1837,2025-05-17 00:00:00,2025-05-17 00:00:00,_ _ _ _ _ 6 _ ,MSQ,,14:20:00,SVO,B,15:50:00,321,C28Y142,01:30:00,J
1618,1837,2025-05-19 00:00:00,2025-05-24 00:00:00,1 2 3 4 5 6 _ ,MSQ,,14:20:00,SVO,B,15:50:00,321,C28Y142,01:30:00,J
1619,1837,2025-05-25 00:00:00,2025-05-31 00:00:00,1 2 3 4 5 6 7 ,MSQ,,14:20:00,SVO,B,15:50:00,320,C20Y120,01:30:00,J
1620,1842,2025-05-11 00:00:00,2025-05-14 00:00:00,1 2 3 _ _ _ 7 ,SVO,C,09:15:00,MSQ,,10:45:00,320,C20Y120,01:30:00,J
1621,1842,2025-05-15 00:00:00,2025-05-15 00:00:00,_ _ _ 4 _ _ _ ,SVO,C,09:15:00,MSQ,,10:45:00,32A,C8Y150,01:30:00,J
1622,1843,2025-05-11 00:00:00,2025-05-14 00:00:00,1 2 3 _ _ _ 7 ,MSQ,,11:45:00,SVO,B,13:15:00,320,C20Y120,01:30:00,J
1623,1843,2025-05-15 00:00:00,2025-05-15 00:00:00,_ _ _ 4 _ _ _ ,MSQ,,11:45:00,SVO,B,13:15:00,32A,C8Y150,01:30:00,J
1624,1844,2025-05-19 00:00:00,2025-06-02 00:00:00,1 2 3 4 5 6 _ ,SVO,C,17:25:00,MSQ,,18:55:00,320,C20Y120,01:30:00,J
1625,1844,2025-05-25 00:00:00,2025-06-08 00:00:00,_ _ _ _ _ _ 7 ,SVO,C,17:25:00,MSQ,,18:55:00,320,C20Y120,01:30:00,J
1626,1845,2025-05-19 00:00:00,2025-06-02 00:00:00,1 2 3 4 5 6 _ ,MSQ,,19:55:00,SVO,B,21:30:00,320,C20Y120,01:35:00,J
1627,1845,2025-05-25 00:00:00,2025-06-08 00:00:00,_ _ _ _ _ _ 7 ,MSQ,,19:55:00,SVO,B,21:30:00,320,C20Y120,01:35:00,J
1628,1850,2025-05-11 00:00:00,2025-05-11 00:00:00,_ _ _ _ _ _ 7 ,SVO,C,18:30:00,GYD,1,21:50:00,32A,C8Y150,03:20:00,J
1629,1850,2025-05-12 00:00:00,2025-05-12 00:00:00,1 _ _ _ _ _ _ ,SVO,C,18:30:00,GYD,1,21:50:00,32B,C16Y167,03:20:00,J
1630,1851,2025-05-11 00:00:00,2025-05-11 00:00:00,_ _ _ _ _ _ 7 ,GYD,1,22:50:00,SVO,C,02:00:00,32A,C8Y150,03:10:00,J
1631,1851,2025-05-12 00:00:00,2025-05-12 00:00:00,1 _ _ _ _ _ _ ,GYD,1,22:50:00,SVO,C,02:00:00,32B,C16Y167,03:10:00,J
1632,1857,2025-05-11 00:00:00,2025-05-31 00:00:00,1 2 3 4 5 6 7 ,GYD,1,16:05:00,SVO,C,19:50:00,32A,C8Y150,03:45:00,J
1633,1860,2025-05-11 00:00:00,2025-05-11 00:00:00,_ _ _ _ _ _ 7 ,SVO,C,05:20:00,EVN,,08:55:00,32B,C16Y167,03:35:00,J
1634,1860,2025-05-12 00:00:00,2025-05-13 00:00:00,1 2 _ _ _ _ _ ,SVO,C,05:20:00,EVN,,08:55:00,73H,C20Y138,03:35:00,J
1635,1860,2025-05-14 00:00:00,2025-05-14 00:00:00,_ _ 3 _ _ _ _ ,SVO,C,05:20:00,EVN,,08:55:00,32A,C8Y150,03:35:00,J
1636,1860,2025-05-15 00:00:00,2025-05-20 00:00:00,1 2 _ 4 5 6 _ ,SVO,C,05:20:00,EVN,,08:55:00,73H,C20Y138,03:35:00,J
1637,1860,2025-05-18 00:00:00,2025-05-31 00:00:00,_ _ 3 _ _ 6 7 ,SVO,C,05:20:00,EVN,,08:55:00,32A,C8Y150,03:35:00,J
1638,1860,2025-05-22 00:00:00,2025-05-22 00:00:00,_ _ _ 4 _ _ _ ,SVO,C,05:20:00,EVN,,08:55:00,32B,C16Y167,03:35:00,J
1639,1860,2025-05-23 00:00:00,2025-05-30 00:00:00,1 _ _ 4 5 _ _ ,SVO,C,05:20:00,EVN,,08:55:00,32A,C8Y150,03:35:00,J
1640,1860,2025-05-27 00:00:00,2025-05-27 00:00:00,_ 2 _ _ _ _ _ ,SVO,C,05:20:00,EVN,,08:55:00,32B,C16Y167,03:35:00,J
1641,1861,2025-05-11 00:00:00,2025-05-11 00:00:00,_ _ _ _ _ _ 7 ,EVN,,09:55:00,SVO,C,13:25:00,32B,C16Y167,03:30:00,J
1642,1861,2025-05-12 00:00:00,2025-05-13 00:00:00,1 2 _ _ _ _ _ ,EVN,,09:55:00,SVO,C,13:25:00,73H,C20Y138,03:30:00,J
1643,1861,2025-05-14 00:00:00,2025-05-21 00:00:00,_ _ 3 _ _ _ 7 ,EVN,,09:55:00,SVO,C,13:25:00,32A,C8Y150,03:30:00,J
1644,1861,2025-05-15 00:00:00,2025-05-20 00:00:00,1 2 _ 4 5 6 _ ,EVN,,09:55:00,SVO,C,13:25:00,73H,C20Y138,03:30:00,J
1645,1861,2025-05-22 00:00:00,2025-05-22 00:00:00,_ _ _ 4 _ _ _ ,EVN,,09:55:00,SVO,C,13:25:00,32B,C16Y167,03:30:00,J
1646,1861,2025-05-23 00:00:00,2025-05-30 00:00:00,1 _ _ 4 5 _ _ ,EVN,,09:55:00,SVO,C,13:25:00,32A,C8Y150,03:30:00,J
1647,1861,2025-05-24 00:00:00,2025-05-24 00:00:00,_ _ _ _ _ 6 _ ,EVN,,09:55:00,SVO,C,13:20:00,32A,C8Y150,03:25:00,J
1648,1861,2025-05-25 00:00:00,2025-05-31 00:00:00,_ _ 3 _ _ 6 7 ,EVN,,09:55:00,SVO,C,13:25:00,32A,C8Y150,03:30:00,J
1649,1861,2025-05-27 00:00:00,2025-05-27 00:00:00,_ 2 _ _ _ _ _ ,EVN,,09:55:00,SVO,C,13:25:00,32B,C16Y167,03:30:00,J
1650,1862,2025-05-11 00:00:00,2025-05-24 00:00:00,_ 2 _ _ _ 6 7 ,SVO,C,12:10:00,EVN,,15:50:00,32A,C8Y150,03:40:00,J
1651,1862,2025-05-12 00:00:00,2025-05-28 00:00:00,1 _ 3 4 5 _ _ ,SVO,C,12:10:00,EVN,,15:50:00,32A,C8Y150,03:40:00,J
1652,1862,2025-05-25 00:00:00,2025-05-25 00:00:00,_ _ _ _ _ _ 7 ,SVO,C,12:10:00,EVN,,15:50:00,32B,C16Y167,03:40:00,J
1653,1862,2025-05-27 00:00:00,2025-05-27 00:00:00,_ 2 _ _ _ _ _ ,SVO,C,12:10:00,EVN,,15:50:00,32A,C8Y150,03:40:00,J
1654,1862,2025-05-29 00:00:00,2025-05-30 00:00:00,_ _ _ 4 5 _ _ ,SVO,C,12:10:00,EVN,,15:50:00,32B,C16Y167,03:40:00,J
1655,1862,2025-05-31 00:00:00,2025-05-31 00:00:00,_ _ _ _ _ 6 _ ,SVO,C,12:10:00,EVN,,15:50:00,32B,C16Y167,03:40:00,J
1656,1863,2025-05-11 00:00:00,2025-05-18 00:00:00,_ _ _ _ _ 6 7 ,EVN,,16:50:00,SVO,C,20:30:00,32A,C8Y150,03:40:00,J
1657,1863,2025-05-12 00:00:00,2025-05-22 00:00:00,1 2 3 4 5 _ _ ,EVN,,16:50:00,SVO,C,20:30:00,32A,C8Y150,03:40:00,J
1658,1863,2025-05-23 00:00:00,2025-05-28 00:00:00,1 2 3 _ 5 6 _ ,EVN,,16:50:00,SVO,C,20:30:00,32A,C8Y150,03:40:00,J
1659,1863,2025-05-25 00:00:00,2025-05-25 00:00:00,_ _ _ _ _ _ 7 ,EVN,,16:50:00,SVO,C,20:30:00,32B,C16Y167,03:40:00,J
1660,1863,2025-05-29 00:00:00,2025-05-30 00:00:00,_ _ _ 4 5 _ _ ,EVN,,16:50:00,SVO,C,20:30:00,32B,C16Y167,03:40:00,J
1661,1863,2025-05-31 00:00:00,2025-05-31 00:00:00,_ _ _ _ _ 6 _ ,EVN,,16:50:00,SVO,C,20:30:00,32B,C16Y167,03:40:00,J
1662,1866,2025-05-11 00:00:00,2025-05-15 00:00:00,1 2 3 4 _ _ 7 ,SVO,C,06:40:00,EVN,,10:10:00,32B,C16Y167,03:30:00,J
1663,1866,2025-05-16 00:00:00,2025-05-16 00:00:00,_ _ _ _ 5 _ _ ,SVO,C,06:40:00,EVN,,10:10:00,320,C20Y120,03:30:00,J
1664,1866,2025-05-17 00:00:00,2025-05-18 00:00:00,_ _ _ _ _ 6 7 ,SVO,C,06:40:00,EVN,,10:10:00,32B,C16Y167,03:30:00,J
1665,1866,2025-05-19 00:00:00,2025-05-21 00:00:00,1 _ 3 _ _ _ _ ,SVO,C,06:40:00,EVN,,10:10:00,73H,C20Y138,03:30:00,J
1666,1866,2025-05-20 00:00:00,2025-05-20 00:00:00,_ 2 _ _ _ _ _ ,SVO,C,06:40:00,EVN,,10:10:00,32B,C16Y167,03:30:00,J
1667,1866,2025-05-22 00:00:00,2025-05-28 00:00:00,_ 2 3 4 5 _ _ ,SVO,C,06:40:00,EVN,,10:10:00,32A,C8Y150,03:30:00,J
1668,1866,2025-05-24 00:00:00,2025-05-26 00:00:00,1 _ _ _ _ 6 7 ,SVO,C,06:40:00,EVN,,10:10:00,32B,C16Y167,03:30:00,J
1669,1866,2025-05-29 00:00:00,2025-05-29 00:00:00,_ _ _ 4 _ _ _ ,SVO,C,06:40:00,EVN,,10:10:00,32B,C16Y167,03:30:00,J
1670,1866,2025-05-30 00:00:00,2025-05-30 00:00:00,_ _ _ _ 5 _ _ ,SVO,C,06:40:00,EVN,,10:10:00,32A,C8Y150,03:30:00,J
1671,1866,2025-05-31 00:00:00,2025-05-31 00:00:00,_ _ _ _ _ 6 _ ,SVO,C,06:40:00,EVN,,10:10:00,73H,C20Y138,03:30:00,J
1672,1867,2025-05-11 00:00:00,2025-05-11 00:00:00,_ _ _ _ _ _ 7 ,EVN,,11:10:00,SVO,C,14:45:00,32B,C16Y167,03:35:00,J
1673,1867,2025-05-12 00:00:00,2025-05-15 00:00:00,1 2 3 4 _ _ _ ,EVN,,11:10:00,SVO,C,14:50:00,32B,C16Y167,03:40:00,J
1674,1867,2025-05-16 00:00:00,2025-05-16 00:00:00,_ _ _ _ 5 _ _ ,EVN,,11:10:00,SVO,C,14:50:00,320,C20Y120,03:40:00,J
1675,1867,2025-05-17 00:00:00,2025-05-17 00:00:00,_ _ _ _ _ 6 _ ,EVN,,11:10:00,SVO,C,14:50:00,32B,C16Y167,03:40:00,J
1676,1867,2025-05-18 00:00:00,2025-05-18 00:00:00,_ _ _ _ _ _ 7 ,EVN,,11:10:00,SVO,C,14:40:00,32B,C16Y167,03:30:00,J
1677,1867,2025-05-19 00:00:00,2025-05-21 00:00:00,1 _ 3 _ _ _ _ ,EVN,,11:10:00,SVO,C,14:50:00,73H,C20Y138,03:40:00,J
1678,1867,2025-05-20 00:00:00,2025-05-20 00:00:00,_ 2 _ _ _ _ _ ,EVN,,11:10:00,SVO,C,14:50:00,32B,C16Y167,03:40:00,J
1679,1867,2025-05-22 00:00:00,2025-05-28 00:00:00,_ 2 3 4 5 _ _ ,EVN,,11:10:00,SVO,C,14:50:00,32A,C8Y150,03:40:00,J
1680,1867,2025-05-24 00:00:00,2025-05-29 00:00:00,1 _ _ 4 _ 6 _ ,EVN,,11:10:00,SVO,C,14:50:00,32B,C16Y167,03:40:00,J
1681,1867,2025-05-25 00:00:00,2025-05-25 00:00:00,_ _ _ _ _ _ 7 ,EVN,,11:10:00,SVO,C,14:45:00,32B,C16Y167,03:35:00,J
1682,1867,2025-05-30 00:00:00,2025-05-30 00:00:00,_ _ _ _ 5 _ _ ,EVN,,11:10:00,SVO,C,14:50:00,32A,C8Y150,03:40:00,J
1683,1867,2025-05-31 00:00:00,2025-05-31 00:00:00,_ _ _ _ _ 6 _ ,EVN,,11:10:00,SVO,C,14:50:00,73H,C20Y138,03:40:00,J
1684,1868,2025-05-11 00:00:00,2025-05-11 00:00:00,_ _ _ _ _ _ 7 ,SVO,C,15:35:00,EVN,,19:15:00,32B,C16Y167,03:40:00,J
1685,1868,2025-05-12 00:00:00,2025-05-26 00:00:00,1 _ _ _ _ _ _ ,SVO,C,15:45:00,EVN,,19:15:00,32A,C8Y150,03:30:00,J
1686,1868,2025-05-13 00:00:00,2025-05-13 00:00:00,_ 2 _ _ _ _ _ ,SVO,C,15:35:00,EVN,,19:15:00,320,C20Y120,03:40:00,J
1687,1868,2025-05-14 00:00:00,2025-05-14 00:00:00,_ _ 3 _ _ _ _ ,SVO,C,15:35:00,EVN,,19:15:00,32A,C8Y150,03:40:00,J
1688,1868,2025-05-15 00:00:00,2025-05-15 00:00:00,_ _ _ 4 _ _ _ ,SVO,C,15:45:00,EVN,,19:15:00,73H,C20Y138,03:30:00,J
1689,1868,2025-05-16 00:00:00,2025-05-30 00:00:00,_ _ _ _ 5 _ _ ,SVO,C,15:35:00,EVN,,19:15:00,32A,C8Y150,03:40:00,J
1690,1868,2025-05-17 00:00:00,2025-05-17 00:00:00,_ _ _ _ _ 6 _ ,SVO,C,15:35:00,EVN,,19:15:00,32A,C8Y150,03:40:00,J
1691,1868,2025-05-18 00:00:00,2025-05-18 00:00:00,_ _ _ _ _ _ 7 ,SVO,C,15:35:00,EVN,,19:15:00,321,C28Y142,03:40:00,J
1692,1868,2025-05-20 00:00:00,2025-05-24 00:00:00,_ 2 _ _ _ 6 _ ,SVO,C,15:35:00,EVN,,19:15:00,32A,C8Y150,03:40:00,J
1693,1868,2025-05-21 00:00:00,2025-05-21 00:00:00,_ _ 3 _ _ _ _ ,SVO,C,15:35:00,EVN,,19:15:00,73H,C20Y138,03:40:00,J
1694,1868,2025-05-22 00:00:00,2025-05-22 00:00:00,_ _ _ 4 _ _ _ ,SVO,C,15:45:00,EVN,,19:15:00,73H,C20Y138,03:30:00,J
1695,1868,2025-05-25 00:00:00,2025-05-31 00:00:00,_ _ _ _ _ 6 7 ,SVO,C,15:35:00,EVN,,19:15:00,320,C20Y120,03:40:00,J
1696,1868,2025-05-27 00:00:00,2025-05-27 00:00:00,_ 2 _ _ _ _ _ ,SVO,C,15:35:00,EVN,,19:15:00,32B,C16Y167,03:40:00,J
1697,1868,2025-05-28 00:00:00,2025-05-28 00:00:00,_ _ 3 _ _ _ _ ,SVO,C,15:35:00,EVN,,19:15:00,32A,C8Y150,03:40:00,J
1698,1868,2025-05-29 00:00:00,2025-05-29 00:00:00,_ _ _ 4 _ _ _ ,SVO,C,15:45:00,EVN,,19:15:00,73H,C20Y138,03:30:00,J
1699,1869,2025-05-11 00:00:00,2025-05-11 00:00:00,_ _ _ _ _ _ 7 ,EVN,,20:15:00,SVO,C,23:50:00,32B,C16Y167,03:35:00,J
1700,1869,2025-05-12 00:00:00,2025-05-14 00:00:00,1 _ 3 _ _ _ _ ,EVN,,20:15:00,SVO,C,23:50:00,32A,C8Y150,03:35:00,J
1701,1869,2025-05-13 00:00:00,2025-05-13 00:00:00,_ 2 _ _ _ _ _ ,EVN,,20:15:00,SVO,C,23:50:00,320,C20Y120,03:35:00,J
1702,1869,2025-05-15 00:00:00,2025-05-22 00:00:00,_ _ 3 4 _ _ _ ,EVN,,20:15:00,SVO,C,23:50:00,73H,C20Y138,03:35:00,J
1703,1869,2025-05-16 00:00:00,2025-05-23 00:00:00,_ _ _ _ 5 _ _ ,EVN,,20:15:00,SVO,C,23:50:00,32A,C8Y150,03:35:00,J
1704,1869,2025-05-17 00:00:00,2025-05-24 00:00:00,_ 2 _ _ _ 6 _ ,EVN,,20:15:00,SVO,C,23:50:00,32A,C8Y150,03:35:00,J
1705,1869,2025-05-18 00:00:00,2025-05-18 00:00:00,_ _ _ _ _ _ 7 ,EVN,,20:15:00,SVO,C,23:50:00,321,C28Y142,03:35:00,J
1706,1869,2025-05-19 00:00:00,2025-05-19 00:00:00,1 _ _ _ _ _ _ ,EVN,,20:15:00,SVO,C,23:50:00,32A,C8Y150,03:35:00,J
1707,1869,2025-05-25 00:00:00,2025-05-31 00:00:00,_ _ _ _ _ 6 7 ,EVN,,20:15:00,SVO,C,23:50:00,320,C20Y120,03:35:00,J
1708,1869,2025-05-26 00:00:00,2025-05-30 00:00:00,1 _ 3 _ 5 _ _ ,EVN,,20:15:00,SVO,C,23:50:00,32A,C8Y150,03:35:00,J
1709,1869,2025-05-27 00:00:00,2025-05-27 00:00:00,_ 2 _ _ _ _ _ ,EVN,,20:15:00,SVO,C,23:50:00,32B,C16Y167,03:35:00,J
1710,1869,2025-05-29 00:00:00,2025-05-29 00:00:00,_ _ _ 4 _ _ _ ,EVN,,20:15:00,SVO,C,23:50:00,73H,C20Y138,03:35:00,J
1711,1870,2025-05-11 00:00:00,2025-05-14 00:00:00,_ _ 3 _ _ _ 7 ,SVO,C,16:40:00,TAS,2,20:40:00,73H,C20Y138,04:00:00,J
1712,1870,2025-05-12 00:00:00,2025-05-12 00:00:00,1 _ _ _ _ _ _ ,SVO,C,16:40:00,TAS,2,20:40:00,73H,C20Y138,04:00:00,J
1713,1870,2025-05-13 00:00:00,2025-05-16 00:00:00,_ 2 _ _ 5 _ _ ,SVO,C,16:40:00,TAS,2,20:40:00,32B,C16Y167,04:00:00,J
1714,1870,2025-05-15 00:00:00,2025-05-15 00:00:00,_ _ _ 4 _ _ _ ,SVO,C,16:40:00,TAS,2,20:40:00,73H,C20Y138,04:00:00,J
1715,1870,2025-05-17 00:00:00,2025-05-17 00:00:00,_ _ _ _ _ 6 _ ,SVO,C,16:40:00,TAS,2,20:40:00,32A,C8Y150,04:00:00,J
1716,1870,2025-05-18 00:00:00,2025-05-18 00:00:00,_ _ _ _ _ _ 7 ,SVO,C,16:50:00,TAS,2,20:40:00,32A,C8Y150,03:50:00,J
1717,1870,2025-05-19 00:00:00,2025-05-23 00:00:00,1 2 _ 4 5 _ _ ,SVO,C,16:40:00,TAS,2,20:40:00,73H,C20Y138,04:00:00,J
1718,1870,2025-05-21 00:00:00,2025-05-21 00:00:00,_ _ 3 _ _ _ _ ,SVO,C,16:40:00,TAS,2,20:40:00,73H,C20Y138,04:00:00,J
1719,1870,2025-05-24 00:00:00,2025-05-27 00:00:00,_ 2 _ _ _ 6 _ ,SVO,C,16:40:00,TAS,2,20:40:00,32B,C16Y167,04:00:00,J
1720,1870,2025-05-25 00:00:00,2025-05-25 00:00:00,_ _ _ _ _ _ 7 ,SVO,C,16:50:00,TAS,2,20:40:00,73H,C20Y138,03:50:00,J
1721,1870,2025-05-26 00:00:00,2025-05-26 00:00:00,1 _ _ _ _ _ _ ,SVO,C,16:40:00,TAS,2,20:40:00,32A,C8Y150,04:00:00,J
1722,1870,2025-05-30 00:00:00,2025-05-30 00:00:00,_ _ _ _ 5 _ _ ,SVO,C,16:50:00,TAS,2,20:40:00,32A,C8Y150,03:50:00,J
1723,1871,2025-05-11 00:00:00,2025-05-15 00:00:00,1 _ _ 4 _ _ 7 ,TAS,2,22:00:00,SVO,C,02:25:00,73H,C20Y138,04:25:00,J
1724,1871,2025-05-13 00:00:00,2025-05-16 00:00:00,_ 2 _ _ 5 _ _ ,TAS,2,22:00:00,SVO,C,02:25:00,32B,C16Y167,04:25:00,J
1725,1871,2025-05-14 00:00:00,2025-05-21 00:00:00,_ 2 3 _ _ _ _ ,TAS,2,22:00:00,SVO,C,02:25:00,73H,C20Y138,04:25:00,J
1726,1871,2025-05-17 00:00:00,2025-05-18 00:00:00,_ _ _ _ _ 6 7 ,TAS,2,22:00:00,SVO,C,02:25:00,32A,C8Y150,04:25:00,J
1727,1871,2025-05-19 00:00:00,2025-05-23 00:00:00,1 _ _ 4 5 _ _ ,TAS,2,22:00:00,SVO,C,02:25:00,73H,C20Y138,04:25:00,J
1728,1871,2025-05-24 00:00:00,2025-05-27 00:00:00,_ 2 _ _ _ 6 _ ,TAS,2,22:00:00,SVO,C,02:25:00,32B,C16Y167,04:25:00,J
1729,1871,2025-05-25 00:00:00,2025-05-31 00:00:00,_ _ 3 4 _ 6 7 ,TAS,2,22:00:00,SVO,C,02:25:00,73H,C20Y138,04:25:00,J
1730,1871,2025-05-26 00:00:00,2025-05-30 00:00:00,1 _ _ _ 5 _ _ ,TAS,2,22:00:00,SVO,C,02:25:00,32A,C8Y150,04:25:00,J
1731,1872,2025-05-11 00:00:00,2025-05-11 00:00:00,_ _ _ _ _ _ 7 ,SVO,C,05:15:00,TAS,2,09:20:00,32B,C16Y167,04:05:00,J
1732,1873,2025-05-11 00:00:00,2025-05-11 00:00:00,_ _ _ _ _ _ 7 ,TAS,2,10:40:00,SVO,C,15:15:00,32B,C16Y167,04:35:00,J
1733,1876,2025-05-13 00:00:00,2025-05-27 00:00:00,_ 2 _ _ _ 6 _ ,SVO,C,21:15:00,BHK,,01:10:00,32A,C8Y150,03:55:00,J
1734,1877,2025-05-11 00:00:00,2025-05-11 00:00:00,_ _ _ _ _ _ 7 ,BHK,,02:30:00,SVO,C,06:35:00,32A,C8Y150,04:05:00,J
1735,1877,2025-05-14 00:00:00,2025-05-28 00:00:00,_ _ 3 _ _ _ 7 ,BHK,,02:30:00,SVO,C,06:35:00,32A,C8Y150,04:05:00,J
1736,1882,2025-05-11 00:00:00,2025-05-11 00:00:00,_ _ _ _ _ _ 7 ,SVO,C,18:35:00,FRU,,22:50:00,32B,C16Y167,04:15:00,J
1737,1882,2025-05-12 00:00:00,2025-05-12 00:00:00,1 _ _ _ _ _ _ ,SVO,C,18:35:00,FRU,,22:50:00,32Q,C12Y184,04:15:00,J
1738,1883,2025-05-12 00:00:00,2025-05-12 00:00:00,1 _ _ _ _ _ _ ,FRU,,00:05:00,SVO,C,04:35:00,32B,C16Y167,04:30:00,J
1739,1883,2025-05-13 00:00:00,2025-05-13 00:00:00,_ 2 _ _ _ _ _ ,FRU,,00:05:00,SVO,C,04:35:00,32Q,C12Y184,04:30:00,J
1740,1886,2025-05-11 00:00:00,2025-05-25 00:00:00,1 2 3 4 5 6 7 ,SVO,C,06:15:00,FRU,,10:35:00,32B,C16Y167,04:20:00,J
1741,1886,2025-05-26 00:00:00,2025-05-31 00:00:00,1 2 _ _ 5 6 _ ,SVO,C,06:15:00,FRU,,10:35:00,32Q,C12Y184,04:20:00,J
1742,1886,2025-05-28 00:00:00,2025-05-29 00:00:00,_ _ 3 4 _ _ _ ,SVO,C,06:15:00,FRU,,10:35:00,32B,C16Y167,04:20:00,J
1743,1887,2025-05-11 00:00:00,2025-05-25 00:00:00,_ _ _ 4 _ _ 7 ,FRU,,11:55:00,SVO,C,16:40:00,32B,C16Y167,04:45:00,J
1744,1887,2025-05-12 00:00:00,2025-05-24 00:00:00,1 2 3 _ 5 6 _ ,FRU,,11:55:00,SVO,C,16:35:00,32B,C16Y167,04:40:00,J
1745,1887,2025-05-26 00:00:00,2025-05-31 00:00:00,1 2 _ _ 5 6 _ ,FRU,,11:55:00,SVO,C,16:35:00,32Q,C12Y184,04:40:00,J
1746,1894,2025-05-11 00:00:00,2025-05-11 00:00:00,_ _ _ _ _ _ 7 ,SVO,C,22:05:00,OSS,,02:30:00,32Q,C12Y184,04:25:00,J
1747,1894,2025-05-13 00:00:00,2025-05-13 00:00:00,_ 2 _ _ _ _ _ ,SVO,C,22:05:00,OSS,,02:30:00,32Q,C12Y184,04:25:00,J
1748,1895,2025-05-11 00:00:00,2025-05-11 00:00:00,_ _ _ _ _ _ 7 ,OSS,,03:50:00,SVO,C,08:30:00,32B,C16Y167,04:40:00,J
1749,1895,2025-05-12 00:00:00,2025-05-12 00:00:00,1 _ _ _ _ _ _ ,OSS,,03:50:00,SVO,C,08:30:00,32Q,C12Y184,04:40:00,J
1750,1895,2025-05-14 00:00:00,2025-05-14 00:00:00,_ _ 3 _ _ _ _ ,OSS,,03:50:00,SVO,C,08:30:00,32Q,C12Y184,04:40:00,J
1751,1914,2025-05-11 00:00:00,2025-05-18 00:00:00,_ _ _ _ _ _ 7 ,SVO,C,12:25:00,NQZ,1,15:55:00,32A,C8Y150,03:30:00,J
1752,1914,2025-05-12 00:00:00,2025-05-12 00:00:00,1 _ _ _ _ _ _ ,SVO,C,12:25:00,NQZ,1,15:55:00,320,C20Y120,03:30:00,J
1753,1914,2025-05-19 00:00:00,2025-05-26 00:00:00,1 _ _ _ _ _ _ ,SVO,C,12:25:00,NQZ,1,15:55:00,73H,C20Y138,03:30:00,J
1754,1914,2025-05-25 00:00:00,2025-05-25 00:00:00,_ _ _ _ _ _ 7 ,SVO,C,12:25:00,NQZ,1,15:55:00,321,C28Y142,03:30:00,J
1755,1915,2025-05-11 00:00:00,2025-05-18 00:00:00,_ _ _ _ _ _ 7 ,NQZ,1,17:00:00,SVO,C,20:55:00,32A,C8Y150,03:55:00,J
1756,1915,2025-05-12 00:00:00,2025-05-12 00:00:00,1 _ _ _ _ _ _ ,NQZ,1,17:00:00,SVO,C,20:45:00,320,C20Y120,03:45:00,J
1757,1915,2025-05-19 00:00:00,2025-05-26 00:00:00,1 _ _ _ _ _ _ ,NQZ,1,17:00:00,SVO,C,20:45:00,73H,C20Y138,03:45:00,J
1758,1915,2025-05-25 00:00:00,2025-05-25 00:00:00,_ _ _ _ _ _ 7 ,NQZ,1,17:00:00,SVO,C,20:55:00,321,C28Y142,03:55:00,J
1759,1936,2025-05-12 00:00:00,2025-05-29 00:00:00,1 _ _ 4 5 6 _ ,SVO,C,22:50:00,KGF,,02:30:00,32A,C8Y150,03:40:00,J
1760,1936,2025-05-30 00:00:00,2025-05-30 00:00:00,_ _ _ _ 5 _ _ ,SVO,C,22:50:00,KGF,,02:30:00,320,C20Y120,03:40:00,J
1761,1937,2025-05-11 00:00:00,2025-05-30 00:00:00,_ 2 _ _ 5 6 7 ,KGF,,03:40:00,SVO,C,07:45:00,32A,C8Y150,04:05:00,J
1762,1937,2025-05-31 00:00:00,2025-05-31 00:00:00,_ _ _ _ _ 6 _ ,KGF,,03:40:00,SVO,C,07:45:00,320,C20Y120,04:05:00,J
1763,1940,2025-05-11 00:00:00,2025-05-11 00:00:00,_ _ _ _ _ _ 7 ,SVO,C,19:50:00,ALA,2,00:15:00,3KR,C28Y268,04:25:00,J
1764,1940,2025-05-14 00:00:00,2025-05-28 00:00:00,_ _ 3 _ _ _ _ ,SVO,C,19:50:00,ALA,2,00:20:00,359,C28W24Y264,04:30:00,J
1765,1940,2025-05-18 00:00:00,2025-06-01 00:00:00,_ _ _ _ _ _ 7 ,SVO,C,19:50:00,ALA,2,00:15:00,359,C28W24Y264,04:25:00,J
1766,1941,2025-05-12 00:00:00,2025-05-12 00:00:00,1 _ _ _ _ _ _ ,ALA,2,01:45:00,SVO,C,06:15:00,3KR,C28Y268,04:30:00,J
1767,1941,2025-05-15 00:00:00,2025-06-19 00:00:00,_ _ _ 4 _ _ _ ,ALA,2,01:45:00,SVO,C,06:20:00,359,C28W24Y264,04:35:00,J
1768,1941,2025-05-19 00:00:00,2025-06-02 00:00:00,1 _ _ _ _ _ _ ,ALA,2,01:45:00,SVO,C,06:15:00,359,C28W24Y264,04:30:00,J
1769,1942,2025-05-11 00:00:00,2025-05-13 00:00:00,_ 2 _ _ _ _ 7 ,SVO,C,21:05:00,ALA,2,01:30:00,32A,C8Y150,04:25:00,J
1770,1942,2025-05-12 00:00:00,2025-05-12 00:00:00,1 _ _ _ _ _ _ ,SVO,C,21:05:00,ALA,2,01:30:00,320,C20Y120,04:25:00,J
1771,1942,2025-05-14 00:00:00,2025-05-30 00:00:00,1 2 3 4 5 6 7 ,SVO,C,21:05:00,ALA,2,01:30:00,321,C28Y142,04:25:00,J
1772,1942,2025-05-31 00:00:00,2025-06-13 00:00:00,1 2 _ 4 5 6 7 ,SVO,C,21:05:00,ALA,2,01:30:00,321,C28Y142,04:25:00,J
1773,1943,2025-05-11 00:00:00,2025-05-11 00:00:00,_ _ _ _ _ _ 7 ,ALA,2,02:40:00,SVO,C,07:20:00,320,C20Y120,04:40:00,J
1774,1943,2025-05-12 00:00:00,2025-05-12 00:00:00,1 _ _ _ _ _ _ ,ALA,2,02:40:00,SVO,C,07:25:00,32A,C8Y150,04:45:00,J
1775,1943,2025-05-13 00:00:00,2025-05-13 00:00:00,_ 2 _ _ _ _ _ ,ALA,2,02:40:00,SVO,C,07:25:00,320,C20Y120,04:45:00,J
1776,1943,2025-05-14 00:00:00,2025-05-14 00:00:00,_ _ 3 _ _ _ _ ,ALA,2,02:40:00,SVO,C,07:20:00,32A,C8Y150,04:40:00,J
1777,1943,2025-05-15 00:00:00,2025-05-29 00:00:00,1 2 _ 4 _ 6 _ ,ALA,2,02:40:00,SVO,C,07:25:00,321,C28Y142,04:45:00,J
1778,1943,2025-05-16 00:00:00,2025-06-13 00:00:00,_ _ 3 _ 5 _ 7 ,ALA,2,02:40:00,SVO,C,07:20:00,321,C28Y142,04:40:00,J
1779,1943,2025-05-31 00:00:00,2025-06-16 00:00:00,1 2 _ _ _ 6 _ ,ALA,2,02:40:00,SVO,C,07:25:00,321,C28Y142,04:45:00,J
1780,1946,2025-05-11 00:00:00,2025-05-11 00:00:00,_ _ _ _ _ _ 7 ,SVO,C,06:40:00,ALA,2,11:10:00,320,C20Y120,04:30:00,J
1781,1946,2025-05-12 00:00:00,2025-05-19 00:00:00,1 2 3 _ _ _ 7 ,SVO,C,06:40:00,ALA,2,11:10:00,32A,C8Y150,04:30:00,J
1782,1946,2025-05-15 00:00:00,2025-05-17 00:00:00,_ _ _ 4 5 6 _ ,SVO,C,06:40:00,ALA,2,11:10:00,32A,C8Y150,04:30:00,J
1783,1946,2025-05-20 00:00:00,2025-05-25 00:00:00,_ 2 3 4 5 6 7 ,SVO,C,06:40:00,ALA,2,11:10:00,73H,C20Y138,04:30:00,J
1784,1946,2025-05-26 00:00:00,2025-05-30 00:00:00,1 2 _ _ 5 _ _ ,SVO,C,06:40:00,ALA,2,11:10:00,32A,C8Y150,04:30:00,J
1785,1946,2025-05-28 00:00:00,2025-05-28 00:00:00,_ _ 3 _ _ _ _ ,SVO,C,06:40:00,ALA,2,11:10:00,320,C20Y120,04:30:00,J
1786,1947,2025-05-11 00:00:00,2025-05-11 00:00:00,_ _ _ _ _ _ 7 ,ALA,2,12:10:00,SVO,C,17:05:00,320,C20Y120,04:55:00,J
1787,1947,2025-05-12 00:00:00,2025-05-19 00:00:00,1 2 3 _ _ _ 7 ,ALA,2,12:10:00,SVO,C,17:05:00,32A,C8Y150,04:55:00,J
1788,1947,2025-05-15 00:00:00,2025-05-17 00:00:00,_ _ _ 4 5 6 _ ,ALA,2,12:10:00,SVO,C,17:05:00,32A,C8Y150,04:55:00,J
1789,1947,2025-05-20 00:00:00,2025-05-25 00:00:00,_ 2 3 4 5 6 7 ,ALA,2,12:10:00,SVO,C,17:05:00,73H,C20Y138,04:55:00,J
1790,1947,2025-05-26 00:00:00,2025-05-30 00:00:00,1 2 _ _ 5 _ _ ,ALA,2,12:10:00,SVO,C,17:05:00,32A,C8Y150,04:55:00,J
1791,1947,2025-05-28 00:00:00,2025-05-28 00:00:00,_ _ 3 _ _ _ _ ,ALA,2,12:10:00,SVO,C,17:05:00,320,C20Y120,04:55:00,J
1792,1954,2025-05-11 00:00:00,2025-05-11 00:00:00,_ _ _ _ _ _ 7 ,SVO,C,09:10:00,SCO,,12:05:00,32A,C8Y150,02:55:00,J
1793,1955,2025-05-11 00:00:00,2025-05-11 00:00:00,_ _ _ _ _ _ 7 ,SCO,,13:15:00,SVO,C,16:45:00,32A,C8Y150,03:30:00,J
1794,1956,2025-05-11 00:00:00,2025-05-17 00:00:00,1 2 3 4 _ 6 7 ,SVO,C,20:40:00,NQZ,1,00:05:00,32A,C8Y150,03:25:00,J
1795,1956,2025-05-16 00:00:00,2025-05-30 00:00:00,_ _ _ _ 5 _ _ ,SVO,C,20:30:00,NQZ,1,00:05:00,32A,C8Y150,03:35:00,J
1796,1956,2025-05-18 00:00:00,2025-05-18 00:00:00,_ _ _ _ _ _ 7 ,SVO,C,20:40:00,NQZ,1,00:05:00,32B,C16Y167,03:25:00,J
1797,1957,2025-05-11 00:00:00,2025-05-18 00:00:00,1 2 3 4 5 6 7 ,NQZ,1,01:10:00,SVO,C,04:50:00,32A,C8Y150,03:40:00,J
1798,1957,2025-05-19 00:00:00,2025-05-19 00:00:00,1 _ _ _ _ _ _ ,NQZ,1,01:10:00,SVO,C,04:50:00,32B,C16Y167,03:40:00,J
1799,1962,2025-05-11 00:00:00,2025-05-11 00:00:00,_ _ _ _ _ _ 7 ,SVO,C,08:55:00,NQZ,1,12:25:00,32A,C8Y150,03:30:00,J
1800,1962,2025-05-12 00:00:00,2025-05-15 00:00:00,1 2 _ 4 _ _ _ ,SVO,C,08:55:00,NQZ,1,12:25:00,73H,C20Y138,03:30:00,J
1801,1962,2025-05-14 00:00:00,2025-05-28 00:00:00,_ _ 3 _ _ 6 _ ,SVO,C,08:55:00,NQZ,1,12:25:00,32A,C8Y150,03:30:00,J
1802,1962,2025-05-16 00:00:00,2025-05-16 00:00:00,_ _ _ _ 5 _ _ ,SVO,C,08:55:00,NQZ,1,12:25:00,73H,C20Y138,03:30:00,J
1803,1962,2025-05-18 00:00:00,2025-05-30 00:00:00,_ _ _ _ 5 _ 7 ,SVO,C,08:55:00,NQZ,1,12:25:00,32A,C8Y150,03:30:00,J
1804,1962,2025-05-19 00:00:00,2025-05-19 00:00:00,1 _ _ _ _ _ _ ,SVO,C,08:55:00,NQZ,1,12:25:00,321,C28Y142,03:30:00,J
1805,1962,2025-05-20 00:00:00,2025-05-22 00:00:00,_ 2 _ 4 _ _ _ ,SVO,C,08:55:00,NQZ,1,12:25:00,73H,C20Y138,03:30:00,J
1806,1962,2025-05-26 00:00:00,2025-05-29 00:00:00,1 2 _ 4 _ _ _ ,SVO,C,08:55:00,NQZ,1,12:25:00,32A,C8Y150,03:30:00,J
1807,1962,2025-05-31 00:00:00,2025-05-31 00:00:00,_ _ _ _ _ 6 _ ,SVO,C,08:55:00,NQZ,1,12:25:00,321,C28Y142,03:30:00,J
1808,1963,2025-05-11 00:00:00,2025-05-11 00:00:00,_ _ _ _ _ _ 7 ,NQZ,1,13:25:00,SVO,C,17:05:00,32A,C8Y150,03:40:00,J
1809,1963,2025-05-12 00:00:00,2025-05-15 00:00:00,1 2 _ 4 _ _ _ ,NQZ,1,13:25:00,SVO,C,17:05:00,73H,C20Y138,03:40:00,J
1810,1963,2025-05-14 00:00:00,2025-05-28 00:00:00,_ _ 3 _ _ 6 _ ,NQZ,1,13:25:00,SVO,C,17:05:00,32A,C8Y150,03:40:00,J
1811,1963,2025-05-16 00:00:00,2025-05-16 00:00:00,_ _ _ _ 5 _ _ ,NQZ,1,13:25:00,SVO,C,17:05:00,73H,C20Y138,03:40:00,J
1812,1963,2025-05-18 00:00:00,2025-05-30 00:00:00,_ _ _ _ 5 _ 7 ,NQZ,1,13:25:00,SVO,C,17:05:00,32A,C8Y150,03:40:00,J
1813,1963,2025-05-19 00:00:00,2025-05-19 00:00:00,1 _ _ _ _ _ _ ,NQZ,1,13:25:00,SVO,C,17:05:00,321,C28Y142,03:40:00,J
1814,1963,2025-05-20 00:00:00,2025-05-22 00:00:00,_ 2 _ 4 _ _ _ ,NQZ,1,13:25:00,SVO,C,17:05:00,73H,C20Y138,03:40:00,J
1815,1963,2025-05-26 00:00:00,2025-05-29 00:00:00,1 2 _ 4 _ _ _ ,NQZ,1,13:25:00,SVO,C,17:05:00,32A,C8Y150,03:40:00,J
1816,1963,2025-05-31 00:00:00,2025-05-31 00:00:00,_ _ _ _ _ 6 _ ,NQZ,1,13:25:00,SVO,C,17:05:00,321,C28Y142,03:40:00,J
1817,1966,2025-05-11 00:00:00,2025-05-30 00:00:00,1 2 3 4 5 6 7 ,SVO,C,22:15:00,EVN,,01:45:00,32B,C16Y167,03:30:00,J
1818,1966,2025-05-31 00:00:00,2025-05-31 00:00:00,_ _ _ _ _ 6 _ ,SVO,C,22:15:00,EVN,,01:45:00,32A,C8Y150,03:30:00,J
1819,1967,2025-05-11 00:00:00,2025-05-31 00:00:00,1 2 3 4 5 6 7 ,EVN,,02:45:00,SVO,C,06:05:00,32B,C16Y167,03:20:00,J
1820,1974,2025-05-11 00:00:00,2025-05-11 00:00:00,_ _ _ _ _ _ 7 ,SVO,C,10:05:00,TAS,2,14:10:00,32A,C8Y150,04:05:00,J
1821,1974,2025-05-12 00:00:00,2025-05-23 00:00:00,1 2 _ 4 5 6 _ ,SVO,C,10:05:00,TAS,2,14:10:00,32A,C8Y150,04:05:00,J
1822,1974,2025-05-14 00:00:00,2025-05-21 00:00:00,_ _ 3 _ _ _ _ ,SVO,C,10:05:00,TAS,2,14:10:00,73H,C20Y138,04:05:00,J
1823,1974,2025-05-18 00:00:00,2025-05-18 00:00:00,_ _ _ _ _ _ 7 ,SVO,C,10:05:00,TAS,2,14:10:00,32B,C16Y167,04:05:00,J
1824,1974,2025-05-24 00:00:00,2025-05-28 00:00:00,_ _ 3 _ _ 6 _ ,SVO,C,10:05:00,TAS,2,14:10:00,321,C28Y142,04:05:00,J
1825,1974,2025-05-25 00:00:00,2025-05-25 00:00:00,_ _ _ _ _ _ 7 ,SVO,C,10:05:00,TAS,2,14:10:00,32A,C8Y150,04:05:00,J
1826,1974,2025-05-26 00:00:00,2025-05-31 00:00:00,1 2 _ 4 5 6 _ ,SVO,C,10:05:00,TAS,2,14:10:00,32A,C8Y150,04:05:00,J
1827,1975,2025-05-11 00:00:00,2025-05-11 00:00:00,_ _ _ _ _ _ 7 ,TAS,2,15:30:00,SVO,C,20:00:00,32A,C8Y150,04:30:00,J
1828,1975,2025-05-12 00:00:00,2025-05-22 00:00:00,1 2 _ 4 _ 6 _ ,TAS,2,15:30:00,SVO,C,20:00:00,32A,C8Y150,04:30:00,J
1829,1975,2025-05-14 00:00:00,2025-05-21 00:00:00,_ _ 3 _ _ _ _ ,TAS,2,15:30:00,SVO,C,20:00:00,73H,C20Y138,04:30:00,J
1830,1975,2025-05-16 00:00:00,2025-05-30 00:00:00,_ _ _ _ 5 _ _ ,TAS,2,15:30:00,SVO,C,19:55:00,32A,C8Y150,04:25:00,J
1831,1975,2025-05-18 00:00:00,2025-05-18 00:00:00,_ _ _ _ _ _ 7 ,TAS,2,15:30:00,SVO,C,20:00:00,32B,C16Y167,04:30:00,J
1832,1975,2025-05-24 00:00:00,2025-05-28 00:00:00,_ _ 3 _ _ 6 _ ,TAS,2,15:30:00,SVO,C,20:00:00,321,C28Y142,04:30:00,J
1833,1975,2025-05-25 00:00:00,2025-05-25 00:00:00,_ _ _ _ _ _ 7 ,TAS,2,15:30:00,SVO,C,20:00:00,32A,C8Y150,04:30:00,J
1834,1975,2025-05-26 00:00:00,2025-05-31 00:00:00,1 2 _ 4 _ 6 _ ,TAS,2,15:30:00,SVO,C,20:00:00,32A,C8Y150,04:30:00,J
1835,1976,2025-05-11 00:00:00,2025-05-11 00:00:00,_ _ _ _ _ _ 7 ,SVO,C,21:25:00,UGC,,01:10:00,32A,C8Y150,03:45:00,J
1836,1977,2025-05-12 00:00:00,2025-05-12 00:00:00,1 _ _ _ _ _ _ ,UGC,,02:30:00,SVO,C,06:25:00,32A,C8Y150,03:55:00,J
1837,1982,2025-05-16 00:00:00,2025-05-31 00:00:00,_ _ _ _ 5 6 _ ,SVO,C,22:25:00,FRU,,02:45:00,32B,C16Y167,04:20:00,J
1838,1983,2025-05-11 00:00:00,2025-06-01 00:00:00,_ _ _ _ _ 6 7 ,FRU,,04:00:00,SVO,C,08:55:00,32B,C16Y167,04:55:00,J
1839,1984,2025-05-11 00:00:00,2025-05-11 00:00:00,_ _ _ _ _ _ 7 ,SVO,C,20:55:00,SKD,,01:00:00,32A,C8Y150,04:05:00,J
1840,1985,2025-05-11 00:00:00,2025-05-12 00:00:00,1 _ _ _ _ _ 7 ,SKD,,02:20:00,SVO,C,06:40:00,32A,C8Y150,04:20:00,J
1841,2120,2025-05-11 00:00:00,2025-05-27 00:00:00,_ 2 _ _ 5 6 7 ,SVO,C,04:35:00,BJV,I,10:00:00,73H,C20Y138,05:25:00,J
1842,2120,2025-05-15 00:00:00,2025-05-29 00:00:00,_ _ _ 4 _ _ _ ,SVO,C,04:35:00,BJV,I,10:00:00,73H,C20Y138,05:25:00,J
1843,2120,2025-05-26 00:00:00,2025-05-31 00:00:00,1 _ _ _ _ 6 _ ,SVO,C,04:35:00,BJV,I,10:00:00,73H,C20Y138,05:25:00,J
1844,2120,2025-05-30 00:00:00,2025-05-30 00:00:00,_ _ _ _ 5 _ _ ,SVO,C,04:30:00,BJV,I,10:00:00,73H,C20Y138,05:30:00,J
1845,2121,2025-05-11 00:00:00,2025-05-31 00:00:00,_ 2 _ 4 5 6 7 ,BJV,I,11:10:00,SVO,C,15:50:00,73H,C20Y138,04:40:00,J
1846,2122,2025-05-11 00:00:00,2025-05-11 00:00:00,_ _ _ _ _ _ 7 ,SVO,C,08:00:00,DLM,I,13:20:00,73H,C20Y138,05:20:00,J
1847,2122,2025-05-12 00:00:00,2025-05-31 00:00:00,1 2 3 4 5 6 7 ,SVO,C,08:00:00,DLM,I,13:20:00,32B,C16Y167,05:20:00,J
1848,2123,2025-05-11 00:00:00,2025-05-11 00:00:00,_ _ _ _ _ _ 7 ,DLM,I,14:20:00,SVO,C,18:55:00,73H,C20Y138,04:35:00,J
1849,2123,2025-05-12 00:00:00,2025-05-30 00:00:00,1 2 3 4 5 _ _ ,DLM,I,14:20:00,SVO,C,19:20:00,32B,C16Y167,05:00:00,J
1850,2123,2025-05-17 00:00:00,2025-05-31 00:00:00,_ _ _ _ _ 6 _ ,DLM,I,14:20:00,SVO,C,19:15:00,32B,C16Y167,04:55:00,J
1851,2123,2025-05-18 00:00:00,2025-05-25 00:00:00,_ _ _ _ _ _ 7 ,DLM,I,14:20:00,SVO,C,19:25:00,32B,C16Y167,05:05:00,J
1852,2124,2025-05-12 00:00:00,2025-05-19 00:00:00,1 _ _ _ _ _ _ ,SVO,C,06:25:00,AYT,2,11:30:00,77W,C30W48Y324,05:05:00,J
1853,2124,2025-05-13 00:00:00,2025-05-27 00:00:00,_ 2 _ _ _ _ _ ,SVO,C,06:25:00,AYT,2,11:30:00,77W,C30W48Y324,05:05:00,J
1854,2125,2025-05-11 00:00:00,2025-05-11 00:00:00,_ _ _ _ _ _ 7 ,AYT,2,13:10:00,SVO,C,18:00:00,77W,C30W48Y324,04:50:00,J
1855,2125,2025-05-12 00:00:00,2025-06-04 00:00:00,1 _ 3 _ _ _ _ ,AYT,2,13:10:00,SVO,C,17:55:00,77W,C30W48Y324,04:45:00,J
1856,2125,2025-05-15 00:00:00,2025-05-31 00:00:00,_ _ _ 4 5 6 _ ,AYT,2,13:10:00,SVO,C,18:10:00,77W,C30W48Y324,05:00:00,J
1857,2126,2025-05-11 00:00:00,2025-05-15 00:00:00,_ _ _ 4 _ _ 7 ,SVO,C,07:30:00,AYT,2,12:50:00,77W,C30W48Y324,05:20:00,J
1858,2126,2025-05-17 00:00:00,2025-06-28 00:00:00,_ _ _ 4 _ 6 _ ,SVO,C,07:30:00,AYT,2,12:50:00,77W,C30W48Y324,05:20:00,J
1859,2127,2025-05-11 00:00:00,2025-05-15 00:00:00,_ _ _ 4 _ _ 7 ,AYT,2,14:35:00,SVO,C,19:55:00,77W,C30W48Y324,05:20:00,J
1860,2127,2025-05-17 00:00:00,2025-06-28 00:00:00,_ _ _ 4 _ 6 _ ,AYT,2,14:35:00,SVO,C,19:55:00,77W,C30W48Y324,05:20:00,J
1861,2130,2025-05-11 00:00:00,2025-05-27 00:00:00,_ 2 _ _ _ _ 7 ,SVO,C,07:45:00,IST,,12:55:00,321,C28Y142,05:10:00,J
1862,2130,2025-05-12 00:00:00,2025-05-17 00:00:00,1 _ 3 4 5 6 _ ,SVO,C,07:45:00,IST,,12:55:00,321,C28Y142,05:10:00,J
1863,2130,2025-05-19 00:00:00,2025-05-19 00:00:00,1 _ _ _ _ _ _ ,SVO,C,07:45:00,IST,,12:55:00,32B,C16Y167,05:10:00,J
1864,2130,2025-05-21 00:00:00,2025-05-31 00:00:00,1 _ 3 4 5 6 _ ,SVO,C,07:45:00,IST,,12:55:00,321,C28Y142,05:10:00,J
1865,2131,2025-05-11 00:00:00,2025-05-29 00:00:00,_ _ _ 4 _ _ 7 ,IST,,14:25:00,SVO,C,19:10:00,321,C28Y142,04:45:00,J
1866,2131,2025-05-12 00:00:00,2025-05-16 00:00:00,1 2 _ _ 5 _ _ ,IST,,14:25:00,SVO,C,19:05:00,321,C28Y142,04:40:00,J
1867,2131,2025-05-14 00:00:00,2025-05-31 00:00:00,_ _ 3 _ _ 6 _ ,IST,,14:25:00,SVO,C,19:05:00,321,C28Y142,04:40:00,J
1868,2131,2025-05-19 00:00:00,2025-05-19 00:00:00,1 _ _ _ _ _ _ ,IST,,14:25:00,SVO,C,19:05:00,32B,C16Y167,04:40:00,J
1869,2131,2025-05-20 00:00:00,2025-05-30 00:00:00,1 2 _ _ 5 _ _ ,IST,,14:25:00,SVO,C,19:05:00,321,C28Y142,04:40:00,J
1870,2132,2025-05-11 00:00:00,2025-05-17 00:00:00,1 2 3 4 5 6 7 ,SVO,C,18:15:00,IST,,23:30:00,73H,C20Y138,05:15:00,J
1871,2132,2025-05-18 00:00:00,2025-05-18 00:00:00,_ _ _ _ _ _ 7 ,SVO,C,18:15:00,IST,,23:30:00,32B,C16Y167,05:15:00,J
1872,2132,2025-05-19 00:00:00,2025-05-26 00:00:00,1 2 3 4 5 6 7 ,SVO,C,18:15:00,IST,,23:30:00,73H,C20Y138,05:15:00,J
1873,2132,2025-05-27 00:00:00,2025-05-27 00:00:00,_ 2 _ _ _ _ _ ,SVO,C,18:15:00,IST,,23:30:00,32A,C8Y150,05:15:00,J
1874,2132,2025-05-28 00:00:00,2025-05-31 00:00:00,_ _ 3 4 5 6 _ ,SVO,C,18:15:00,IST,,23:30:00,73H,C20Y138,05:15:00,J
1875,2133,2025-05-11 00:00:00,2025-05-18 00:00:00,1 2 3 4 5 6 7 ,IST,,01:00:00,SVO,C,05:30:00,73H,C20Y138,04:30:00,J
1876,2133,2025-05-19 00:00:00,2025-05-19 00:00:00,1 _ _ _ _ _ _ ,IST,,01:00:00,SVO,C,05:30:00,32B,C16Y167,04:30:00,J
1877,2133,2025-05-20 00:00:00,2025-05-27 00:00:00,1 2 3 4 5 6 7 ,IST,,01:00:00,SVO,C,05:30:00,73H,C20Y138,04:30:00,J
1878,2133,2025-05-28 00:00:00,2025-05-28 00:00:00,_ _ 3 _ _ _ _ ,IST,,01:00:00,SVO,C,05:30:00,32A,C8Y150,04:30:00,J
1879,2134,2025-05-11 00:00:00,2025-05-11 00:00:00,_ _ _ _ _ _ 7 ,SVO,C,14:00:00,IST,,19:10:00,320,C20Y120,05:10:00,J
1880,2134,2025-05-12 00:00:00,2025-05-20 00:00:00,1 2 3 _ 5 6 7 ,SVO,C,14:00:00,IST,,19:10:00,73H,C20Y138,05:10:00,J
1881,2134,2025-05-15 00:00:00,2025-05-15 00:00:00,_ _ _ 4 _ _ _ ,SVO,C,13:55:00,IST,,19:10:00,77W,C30W48Y324,05:15:00,J
1882,2134,2025-05-21 00:00:00,2025-05-30 00:00:00,1 2 3 4 5 6 7 ,SVO,C,14:00:00,IST,,19:10:00,73H,C20Y138,05:10:00,J
1883,2134,2025-05-31 00:00:00,2025-05-31 00:00:00,_ _ _ _ _ 6 _ ,SVO,C,14:05:00,IST,,19:10:00,73H,C20Y138,05:05:00,J
1884,2135,2025-05-11 00:00:00,2025-05-11 00:00:00,_ _ _ _ _ _ 7 ,IST,,20:40:00,SVO,C,01:10:00,320,C20Y120,04:30:00,J
1885,2135,2025-05-12 00:00:00,2025-05-24 00:00:00,1 2 3 _ 5 6 7 ,IST,,20:40:00,SVO,C,01:10:00,73H,C20Y138,04:30:00,J
1886,2135,2025-05-15 00:00:00,2025-05-15 00:00:00,_ _ _ 4 _ _ _ ,IST,,20:40:00,SVO,C,01:10:00,77W,C30W48Y324,04:30:00,J
1887,2135,2025-05-22 00:00:00,2025-05-29 00:00:00,1 2 3 4 _ _ 7 ,IST,,20:40:00,SVO,C,01:10:00,73H,C20Y138,04:30:00,J
1888,2135,2025-05-30 00:00:00,2025-05-30 00:00:00,_ _ _ _ 5 _ _ ,IST,,20:40:00,SVO,C,01:10:00,73H,C20Y138,04:30:00,J
1889,2135,2025-05-31 00:00:00,2025-05-31 00:00:00,_ _ _ _ _ 6 _ ,IST,,20:40:00,SVO,C,01:05:00,73H,C20Y138,04:25:00,J
1890,2136,2025-05-11 00:00:00,2025-05-11 00:00:00,_ _ _ _ _ _ 7 ,SVO,C,06:10:00,IST,,11:15:00,32N,C12Y144,05:05:00,J
1891,2136,2025-05-12 00:00:00,2025-05-12 00:00:00,1 _ _ _ _ _ _ ,SVO,C,06:10:00,IST,,11:15:00,73H,C20Y138,05:05:00,J
1892,2136,2025-05-13 00:00:00,2025-05-31 00:00:00,_ 2 3 4 5 6 7 ,SVO,C,06:10:00,IST,,11:15:00,73H,C20Y138,05:05:00,J
1893,2136,2025-05-19 00:00:00,2025-05-19 00:00:00,1 _ _ _ _ _ _ ,SVO,C,06:10:00,IST,,11:15:00,32B,C16Y167,05:05:00,J
1894,2136,2025-05-26 00:00:00,2025-05-26 00:00:00,1 _ _ _ _ _ _ ,SVO,C,06:10:00,IST,,11:15:00,73H,C20Y138,05:05:00,J
1895,2137,2025-05-11 00:00:00,2025-05-11 00:00:00,_ _ _ _ _ _ 7 ,IST,,12:50:00,SVO,C,17:25:00,32N,C12Y144,04:35:00,J
1896,2137,2025-05-12 00:00:00,2025-05-12 00:00:00,1 _ _ _ _ _ _ ,IST,,12:50:00,SVO,C,17:25:00,73H,C20Y138,04:35:00,J
1897,2137,2025-05-13 00:00:00,2025-05-31 00:00:00,_ 2 3 4 5 6 7 ,IST,,12:50:00,SVO,C,17:25:00,73H,C20Y138,04:35:00,J
1898,2137,2025-05-19 00:00:00,2025-05-19 00:00:00,1 _ _ _ _ _ _ ,IST,,12:50:00,SVO,C,17:25:00,32B,C16Y167,04:35:00,J
1899,2137,2025-05-26 00:00:00,2025-05-26 00:00:00,1 _ _ _ _ _ _ ,IST,,12:50:00,SVO,C,17:25:00,73H,C20Y138,04:35:00,J
1900,2138,2025-05-11 00:00:00,2025-05-30 00:00:00,1 2 3 4 5 6 7 ,SVO,C,20:25:00,IST,,01:35:00,320,C20Y120,05:10:00,J
1901,2138,2025-05-31 00:00:00,2025-05-31 00:00:00,_ _ _ _ _ 6 _ ,SVO,C,20:25:00,IST,,01:35:00,73H,C20Y138,05:10:00,J
1902,2139,2025-05-11 00:00:00,2025-05-31 00:00:00,1 2 3 4 5 6 7 ,IST,,06:00:00,SVO,C,10:45:00,320,C20Y120,04:45:00,J
1903,2142,2025-05-11 00:00:00,2025-05-14 00:00:00,1 _ 3 _ _ _ 7 ,SVO,C,04:45:00,AYT,2,09:50:00,32B,C16Y167,05:05:00,J
1904,2142,2025-05-13 00:00:00,2025-05-20 00:00:00,_ 2 _ _ _ _ _ ,SVO,C,04:50:00,AYT,2,09:50:00,32B,C16Y167,05:00:00,J
1905,2142,2025-05-16 00:00:00,2025-05-19 00:00:00,1 _ _ _ 5 _ _ ,SVO,C,04:45:00,AYT,2,09:50:00,320,C20Y120,05:05:00,J
1906,2142,2025-05-17 00:00:00,2025-05-18 00:00:00,_ _ _ _ _ 6 7 ,SVO,C,04:45:00,AYT,2,09:50:00,32B,C16Y167,05:05:00,J
1907,2142,2025-05-21 00:00:00,2025-05-23 00:00:00,_ _ 3 4 5 _ _ ,SVO,C,04:45:00,AYT,2,09:50:00,32B,C16Y167,05:05:00,J
1908,2142,2025-05-24 00:00:00,2025-05-31 00:00:00,_ _ 3 _ _ 6 _ ,SVO,C,04:40:00,AYT,2,09:50:00,3KR,C28Y268,05:10:00,J
1909,2142,2025-05-25 00:00:00,2025-05-26 00:00:00,1 _ _ _ _ _ 7 ,SVO,C,04:45:00,AYT,2,09:50:00,3KR,C28Y268,05:05:00,J
1910,2142,2025-05-27 00:00:00,2025-05-27 00:00:00,_ 2 _ _ _ _ _ ,SVO,C,05:00:00,AYT,2,09:50:00,3KR,C28Y268,04:50:00,J
1911,2142,2025-05-29 00:00:00,2025-05-30 00:00:00,_ _ _ 4 5 _ _ ,SVO,C,04:45:00,AYT,2,09:50:00,3KR,C28Y268,05:05:00,J
1912,2143,2025-05-11 00:00:00,2025-05-11 00:00:00,_ _ _ _ _ _ 7 ,AYT,2,11:20:00,SVO,C,16:25:00,32B,C16Y167,05:05:00,J
1913,2143,2025-05-12 00:00:00,2025-05-14 00:00:00,1 2 3 _ _ _ _ ,AYT,2,11:20:00,SVO,C,16:20:00,32B,C16Y167,05:00:00,J
1914,2143,2025-05-16 00:00:00,2025-05-19 00:00:00,1 _ _ _ 5 _ _ ,AYT,2,11:20:00,SVO,C,16:20:00,320,C20Y120,05:00:00,J
1915,2143,2025-05-17 00:00:00,2025-05-17 00:00:00,_ _ _ _ _ 6 _ ,AYT,2,11:20:00,SVO,C,16:15:00,32B,C16Y167,04:55:00,J
1916,2143,2025-05-18 00:00:00,2025-05-18 00:00:00,_ _ _ _ _ _ 7 ,AYT,2,11:20:00,SVO,C,16:20:00,32B,C16Y167,05:00:00,J
1917,2143,2025-05-20 00:00:00,2025-05-23 00:00:00,_ 2 3 4 5 _ _ ,AYT,2,11:20:00,SVO,C,16:20:00,32B,C16Y167,05:00:00,J
1918,2143,2025-05-24 00:00:00,2025-05-24 00:00:00,_ _ _ _ _ 6 _ ,AYT,2,11:20:00,SVO,C,16:10:00,3KR,C28Y268,04:50:00,J
1919,2143,2025-05-25 00:00:00,2025-05-29 00:00:00,_ _ 3 4 _ _ 7 ,AYT,2,11:20:00,SVO,C,16:45:00,3KR,C28Y268,05:25:00,J
1920,2143,2025-05-26 00:00:00,2025-05-31 00:00:00,1 2 _ _ _ 6 _ ,AYT,2,11:20:00,SVO,C,16:25:00,3KR,C28Y268,05:05:00,J
1921,2143,2025-05-30 00:00:00,2025-05-30 00:00:00,_ _ _ _ 5 _ _ ,AYT,2,11:20:00,SVO,C,16:40:00,3KR,C28Y268,05:20:00,J
1922,2144,2025-05-11 00:00:00,2025-05-11 00:00:00,_ _ _ _ _ _ 7 ,SVO,C,10:50:00,AYT,2,15:55:00,77W,C30W48Y324,05:05:00,J
1923,2144,2025-05-12 00:00:00,2025-05-17 00:00:00,1 2 3 _ 5 6 _ ,SVO,C,10:55:00,AYT,2,15:55:00,77W,C30W48Y324,05:00:00,J
1924,2144,2025-05-15 00:00:00,2025-05-21 00:00:00,_ _ 3 4 _ _ _ ,SVO,C,10:55:00,AYT,2,15:55:00,3KR,C28Y268,05:00:00,J
1925,2144,2025-05-18 00:00:00,2025-05-18 00:00:00,_ _ _ _ _ _ 7 ,SVO,C,10:50:00,AYT,2,15:55:00,3KR,C28Y268,05:05:00,J
1926,2144,2025-05-19 00:00:00,2025-05-20 00:00:00,1 2 _ _ _ _ _ ,SVO,C,10:55:00,AYT,2,15:55:00,359,C28W24Y264,05:00:00,J
1927,2144,2025-05-22 00:00:00,2025-05-29 00:00:00,_ _ 3 4 _ _ _ ,SVO,C,10:55:00,AYT,2,15:55:00,77W,C30W48Y324,05:00:00,J
1928,2144,2025-05-23 00:00:00,2025-05-23 00:00:00,_ _ _ _ 5 _ _ ,SVO,C,10:55:00,AYT,2,15:55:00,77W,C30W48Y324,05:00:00,J
1929,2144,2025-05-24 00:00:00,2025-05-31 00:00:00,_ _ _ _ 5 6 _ ,SVO,C,10:55:00,AYT,2,15:55:00,77W,C30W48Y324,05:00:00,J
1930,2144,2025-05-25 00:00:00,2025-05-25 00:00:00,_ _ _ _ _ _ 7 ,SVO,C,10:50:00,AYT,2,15:55:00,77W,C30W48Y324,05:05:00,J
1931,2144,2025-05-26 00:00:00,2025-05-27 00:00:00,1 2 _ _ _ _ _ ,SVO,C,10:55:00,AYT,2,15:55:00,359,C28W24Y264,05:00:00,J
1932,2145,2025-05-11 00:00:00,2025-05-11 00:00:00,_ _ _ _ _ _ 7 ,AYT,2,17:40:00,SVO,C,22:20:00,77W,C30W48Y324,04:40:00,J
1933,2145,2025-05-12 00:00:00,2025-05-13 00:00:00,1 2 _ _ _ _ _ ,AYT,2,17:40:00,SVO,C,22:20:00,77W,C30W48Y324,04:40:00,J
1934,2145,2025-05-14 00:00:00,2025-05-17 00:00:00,_ _ 3 _ 5 6 _ ,AYT,2,17:40:00,SVO,C,22:20:00,77W,C30W48Y324,04:40:00,J
1935,2145,2025-05-15 00:00:00,2025-05-21 00:00:00,_ _ 3 4 _ _ 7 ,AYT,2,17:40:00,SVO,C,22:20:00,3KR,C28Y268,04:40:00,J
1936,2145,2025-05-19 00:00:00,2025-05-20 00:00:00,1 2 _ _ _ _ _ ,AYT,2,17:40:00,SVO,C,22:20:00,359,C28W24Y264,04:40:00,J
1937,2145,2025-05-22 00:00:00,2025-05-25 00:00:00,_ _ _ 4 _ 6 7 ,AYT,2,17:40:00,SVO,C,22:20:00,77W,C30W48Y324,04:40:00,J
1938,2145,2025-05-23 00:00:00,2025-06-13 00:00:00,_ _ _ _ 5 _ _ ,AYT,2,17:40:00,SVO,C,22:20:00,77W,C30W48Y324,04:40:00,J
1939,2145,2025-05-26 00:00:00,2025-05-27 00:00:00,1 2 _ _ _ _ _ ,AYT,2,17:40:00,SVO,C,22:20:00,359,C28W24Y264,04:40:00,J
1940,2145,2025-05-28 00:00:00,2025-05-28 00:00:00,_ _ 3 _ _ _ _ ,AYT,2,17:40:00,SVO,C,22:20:00,77W,C30W48Y324,04:40:00,J
1941,2145,2025-05-29 00:00:00,2025-06-26 00:00:00,_ 2 _ 4 _ _ _ ,AYT,2,17:40:00,SVO,C,22:20:00,77W,C30W48Y324,04:40:00,J
1942,2145,2025-05-31 00:00:00,2025-06-07 00:00:00,1 _ _ _ _ 6 _ ,AYT,2,17:40:00,SVO,C,22:20:00,77W,C30W48Y324,04:40:00,J
1943,2170,2025-05-23 00:00:00,2025-05-30 00:00:00,_ _ _ _ 5 _ _ ,SVO,C,22:30:00,IST,,03:30:00,32B,C16Y167,05:00:00,J
1944,2171,2025-05-24 00:00:00,2025-05-24 00:00:00,_ _ _ _ _ 6 _ ,IST,,05:10:00,SVO,C,09:45:00,32B,C16Y167,04:35:00,J
1945,2171,2025-05-26 00:00:00,2025-06-27 00:00:00,1 2 3 4 5 _ 7 ,IST,,04:30:00,SVO,C,09:00:00,32B,C16Y167,04:30:00,J
1946,2171,2025-05-31 00:00:00,2025-05-31 00:00:00,_ _ _ _ _ 6 _ ,IST,,05:00:00,SVO,C,09:30:00,32B,C16Y167,04:30:00,J
1947,2172,2025-05-11 00:00:00,2025-05-29 00:00:00,_ _ 3 4 _ _ 7 ,SVO,C,04:10:00,IST,,09:20:00,321,C28Y142,05:10:00,J
1948,2172,2025-05-12 00:00:00,2025-05-13 00:00:00,1 2 _ _ _ _ _ ,SVO,C,04:10:00,IST,,09:20:00,321,C28Y142,05:10:00,J
1949,2172,2025-05-16 00:00:00,2025-05-16 00:00:00,_ _ _ _ 5 _ _ ,SVO,C,04:10:00,IST,,09:20:00,32B,C16Y167,05:10:00,J
1950,2172,2025-05-17 00:00:00,2025-05-27 00:00:00,1 2 _ _ 5 6 _ ,SVO,C,04:10:00,IST,,09:20:00,321,C28Y142,05:10:00,J
1951,2172,2025-05-30 00:00:00,2025-05-30 00:00:00,_ _ _ _ 5 _ _ ,SVO,C,04:05:00,IST,,09:20:00,321,C28Y142,05:15:00,J
1952,2172,2025-05-31 00:00:00,2025-05-31 00:00:00,_ _ _ _ _ 6 _ ,SVO,C,04:10:00,IST,,09:20:00,321,C28Y142,05:10:00,J
1953,2173,2025-05-11 00:00:00,2025-05-22 00:00:00,_ _ _ 4 _ _ 7 ,IST,,10:20:00,SVO,C,15:40:00,321,C28Y142,05:20:00,J
1954,2173,2025-05-12 00:00:00,2025-05-14 00:00:00,1 2 3 _ _ _ _ ,IST,,10:20:00,SVO,C,15:45:00,321,C28Y142,05:25:00,J
1955,2173,2025-05-16 00:00:00,2025-05-16 00:00:00,_ _ _ _ 5 _ _ ,IST,,10:20:00,SVO,C,15:45:00,32B,C16Y167,05:25:00,J
1956,2173,2025-05-17 00:00:00,2025-05-23 00:00:00,1 2 3 _ 5 6 _ ,IST,,10:20:00,SVO,C,15:45:00,321,C28Y142,05:25:00,J
1957,2173,2025-05-24 00:00:00,2025-05-31 00:00:00,1 2 3 4 5 6 7 ,IST,,10:20:00,SVO,C,15:15:00,321,C28Y142,04:55:00,J
1958,2700,2025-05-11 00:00:00,2025-05-11 00:00:00,_ _ _ _ _ _ 7 ,SVO,C,05:50:00,BJV,I,11:25:00,32A,C8Y150,05:35:00,G
1959,2701,2025-05-11 00:00:00,2025-05-11 00:00:00,_ _ _ _ _ _ 7 ,BJV,I,12:25:00,SVO,C,16:55:00,32A,C8Y150,04:30:00,G
1960,2702,2025-05-11 00:00:00,2025-05-11 00:00:00,_ _ _ _ _ _ 7 ,SVO,C,07:15:00,DLM,I,12:35:00,32B,C16Y167,05:20:00,G
1961,2703,2025-05-11 00:00:00,2025-05-11 00:00:00,_ _ _ _ _ _ 7 ,DLM,I,13:35:00,SVO,C,18:25:00,32B,C16Y167,04:50:00,G
1962,2706,2025-05-11 00:00:00,2025-05-11 00:00:00,_ _ _ _ _ _ 7 ,SVO,C,05:15:00,AYT,2,10:20:00,73H,C20Y138,05:05:00,G
1963,2707,2025-05-11 00:00:00,2025-05-11 00:00:00,_ _ _ _ _ _ 7 ,AYT,2,12:00:00,SVO,C,17:10:00,73H,C20Y138,05:10:00,G
1964,2800,2025-05-30 00:00:00,2025-05-30 00:00:00,_ _ _ _ 5 _ _ ,LED,1,19:30:00,KUF,,22:00:00,73H,C20Y138,02:30:00,J
1965,2807,2025-05-11 00:00:00,2025-05-11 00:00:00,_ _ _ _ _ _ 7 ,KJA,1,13:45:00,LED,1,18:45:00,32A,C8Y150,05:00:00,J
1966,2814,2025-05-11 00:00:00,2025-05-31 00:00:00,1 2 3 4 5 6 7 ,LED,1,11:50:00,MRV,,15:55:00,73H,C20Y138,04:05:00,J
1967,2815,2025-05-11 00:00:00,2025-05-25 00:00:00,_ _ _ _ _ _ 7 ,MRV,,17:10:00,LED,1,20:55:00,73H,C20Y138,03:45:00,J
1968,2815,2025-05-12 00:00:00,2025-05-31 00:00:00,1 2 3 4 5 6 _ ,MRV,,16:55:00,LED,1,20:45:00,73H,C20Y138,03:50:00,J
1969,2830,2025-05-11 00:00:00,2025-05-31 00:00:00,1 2 3 4 5 6 7 ,LED,1,10:15:00,AER,,14:35:00,73H,C20Y138,04:20:00,J
1970,2831,2025-05-11 00:00:00,2025-05-31 00:00:00,1 2 3 4 5 6 7 ,AER,,15:45:00,LED,1,20:00:00,73H,C20Y138,04:15:00,J
1971,2834,2025-05-11 00:00:00,2025-05-31 00:00:00,1 2 3 4 5 6 7 ,LED,1,16:20:00,AER,,20:50:00,73H,C20Y138,04:30:00,J
1972,2835,2025-05-11 00:00:00,2025-06-01 00:00:00,1 2 3 4 5 6 7 ,AER,,04:30:00,LED,1,08:50:00,73H,C20Y138,04:20:00,J
1973,2840,2025-05-11 00:00:00,2025-05-25 00:00:00,_ _ _ _ _ _ 7 ,LED,1,22:05:00,RGK,,02:35:00,73H,C20Y138,04:30:00,J
1974,2840,2025-05-15 00:00:00,2025-05-29 00:00:00,_ _ _ 4 _ _ _ ,LED,1,21:35:00,RGK,,02:10:00,73H,C20Y138,04:35:00,J
1975,2841,2025-05-12 00:00:00,2025-05-26 00:00:00,1 _ _ _ _ _ _ ,RGK,,03:35:00,LED,1,08:40:00,73H,C20Y138,05:05:00,J
1976,2841,2025-05-16 00:00:00,2025-05-30 00:00:00,_ _ _ _ 5 _ _ ,RGK,,03:10:00,LED,1,08:15:00,73H,C20Y138,05:05:00,J
1977,2874,2025-05-11 00:00:00,2025-05-25 00:00:00,_ _ _ _ _ _ 7 ,LED,1,21:55:00,IKT,,03:30:00,73H,C20Y138,05:35:00,J
1978,2874,2025-05-12 00:00:00,2025-05-30 00:00:00,1 _ 3 _ 5 _ _ ,LED,1,21:45:00,IKT,,03:25:00,73H,C20Y138,05:40:00,J
1979,2874,2025-05-27 00:00:00,2025-05-29 00:00:00,_ 2 _ 4 _ _ _ ,LED,1,21:45:00,IKT,,03:25:00,73H,C20Y138,05:40:00,J
1980,2875,2025-05-12 00:00:00,2025-05-26 00:00:00,1 _ _ _ _ _ _ ,IKT,,04:40:00,LED,1,10:40:00,73H,C20Y138,06:00:00,J
1981,2875,2025-05-13 00:00:00,2025-05-31 00:00:00,_ 2 _ 4 _ 6 _ ,IKT,,04:35:00,LED,1,10:40:00,73H,C20Y138,06:05:00,J
1982,2875,2025-05-28 00:00:00,2025-05-30 00:00:00,_ _ 3 _ 5 _ _ ,IKT,,04:35:00,LED,1,10:40:00,73H,C20Y138,06:05:00,J
1983,2904,2025-05-31 00:00:00,2025-05-31 00:00:00,_ _ _ _ _ 6 _ ,AER,,07:00:00,KZN,1,10:40:00,32A,C8Y150,03:40:00,J
1984,2905,2025-05-31 00:00:00,2025-05-31 00:00:00,_ _ _ _ _ 6 _ ,KZN,1,12:00:00,AER,,15:25:00,32A,C8Y150,03:25:00,J
1985,2934,2025-05-28 00:00:00,2025-06-04 00:00:00,_ _ 3 _ 5 _ _ ,AER,,08:20:00,KZN,1,11:45:00,32A,C8Y150,03:25:00,J
1986,2935,2025-05-28 00:00:00,2025-06-04 00:00:00,_ _ 3 _ 5 _ _ ,KZN,1,13:15:00,AER,,16:50:00,32A,C8Y150,03:35:00,J
1987,2938,2025-05-30 00:00:00,2025-06-07 00:00:00,_ _ 3 _ 5 6 _ ,AER,,20:15:00,UFA,1,23:45:00,32A,C8Y150,03:30:00,J
1988,2939,2025-05-31 00:00:00,2025-06-08 00:00:00,_ _ _ _ _ 6 7 ,UFA,1,00:35:00,AER,,04:05:00,32A,C8Y150,03:30:00,J
1989,2976,2025-05-30 00:00:00,2025-05-30 00:00:00,_ _ _ _ 5 _ _ ,AER,,20:00:00,TJM,,23:55:00,32A,C8Y150,03:55:00,J
1990,2977,2025-05-31 00:00:00,2025-05-31 00:00:00,_ _ _ _ _ 6 _ ,TJM,,01:10:00,AER,,05:15:00,32A,C8Y150,04:05:00,J
1991,5802,2025-05-11 00:00:00,2025-05-25 00:00:00,_ _ _ _ _ 6 7 ,SVO,B,16:40:00,VVO,,01:35:00,33I,W28Y350,08:55:00,J
1992,5802,2025-05-13 00:00:00,2025-06-03 00:00:00,_ 2 _ _ _ _ _ ,SVO,B,16:40:00,VVO,,01:35:00,33I,W28Y350,08:55:00,J
1993,5802,2025-05-19 00:00:00,2025-06-02 00:00:00,1 _ 3 4 5 _ _ ,SVO,B,16:40:00,VVO,,01:35:00,33I,W28Y350,08:55:00,J
1994,5803,2025-05-11 00:00:00,2025-05-26 00:00:00,1 _ _ _ _ _ 7 ,VVO,,03:40:00,SVO,B,13:20:00,33I,W28Y350,09:40:00,J
1995,5803,2025-05-14 00:00:00,2025-06-04 00:00:00,_ _ 3 _ _ _ _ ,VVO,,03:40:00,SVO,B,13:20:00,33I,W28Y350,09:40:00,J
1996,5803,2025-05-20 00:00:00,2025-06-03 00:00:00,_ 2 _ 4 5 6 _ ,VVO,,03:40:00,SVO,B,13:20:00,33I,W28Y350,09:40:00,J
1997,5804,2025-05-12 00:00:00,2025-05-21 00:00:00,1 _ 3 _ _ _ _ ,SVO,B,15:10:00,VVO,,23:45:00,33I,W28Y350,08:35:00,J
1998,5804,2025-05-15 00:00:00,2025-05-22 00:00:00,_ _ _ 4 _ _ _ ,SVO,B,15:10:00,VVO,,23:45:00,33I,W28Y350,08:35:00,J
1999,5805,2025-05-13 00:00:00,2025-05-22 00:00:00,_ 2 _ 4 _ _ _ ,VVO,,02:05:00,SVO,B,11:40:00,33I,W28Y350,09:35:00,J
2000,5805,2025-05-16 00:00:00,2025-05-23 00:00:00,_ _ _ _ 5 _ _ ,VVO,,02:05:00,SVO,B,11:40:00,33I,W28Y350,09:35:00,J
2001,5806,2025-05-11 00:00:00,2025-06-14 00:00:00,1 _ 3 _ _ 6 7 ,SVO,B,14:20:00,KHV,,21:55:00,33I,W28Y350,07:35:00,J
2002,5806,2025-05-13 00:00:00,2025-05-27 00:00:00,_ 2 _ _ _ _ _ ,SVO,B,14:20:00,KHV,,21:55:00,33I,W28Y350,07:35:00,J
2003,5806,2025-05-15 00:00:00,2025-06-05 00:00:00,_ _ _ 4 _ _ _ ,SVO,B,14:20:00,KHV,,21:55:00,33I,W28Y350,07:35:00,J
2004,5807,2025-05-11 00:00:00,2025-06-14 00:00:00,1 _ 3 _ _ 6 7 ,KHV,,23:55:00,SVO,B,08:35:00,33I,W28Y350,08:40:00,J
2005,5807,2025-05-13 00:00:00,2025-05-27 00:00:00,_ 2 _ _ _ _ _ ,KHV,,23:55:00,SVO,B,08:35:00,33I,W28Y350,08:40:00,J
2006,5807,2025-05-15 00:00:00,2025-06-05 00:00:00,_ _ _ 4 _ _ _ ,KHV,,23:55:00,SVO,B,08:35:00,33I,W28Y350,08:40:00,J
2007,5812,2025-05-11 00:00:00,2025-05-23 00:00:00,_ _ _ _ 5 _ 7 ,SVO,B,16:30:00,PKC,,01:10:00,33I,W28Y350,08:40:00,J
2008,5813,2025-05-12 00:00:00,2025-05-19 00:00:00,1 _ _ _ _ _ _ ,PKC,,04:00:00,SVO,B,13:40:00,33I,W28Y350,09:40:00,J
2009,5813,2025-05-17 00:00:00,2025-05-24 00:00:00,_ _ _ _ _ 6 _ ,PKC,,04:00:00,SVO,B,13:25:00,33I,W28Y350,09:25:00,J
2010,7028,2025-05-13 00:00:00,2025-05-27 00:00:00,_ 2 _ _ _ _ _ ,SVO,C,04:20:00,DOH,,10:00:00,73H,C20Y138,05:40:00,C
2011,7028,2025-05-16 00:00:00,2025-05-30 00:00:00,_ _ _ _ 5 _ _ ,SVO,C,04:40:00,DOH,,10:00:00,73H,C20Y138,05:20:00,C
2012,7029,2025-05-13 00:00:00,2025-06-24 00:00:00,_ 2 _ _ _ _ _ ,DOH,,11:30:00,SVO,C,17:10:00,73H,C20Y138,05:40:00,C
2013,7029,2025-05-16 00:00:00,2025-05-30 00:00:00,_ _ _ _ 5 _ _ ,DOH,,11:30:00,SVO,C,17:10:00,73H,C20Y138,05:40:00,C
2014,7202,2025-05-14 00:00:00,2025-05-14 00:00:00,_ _ 3 _ _ _ _ ,SVO,B,17:50:00,KZN,1,19:30:00,32A,C8Y150,01:40:00,P
2015,7202,2025-05-19 00:00:00,2025-05-19 00:00:00,1 _ _ _ _ _ _ ,SVO,B,14:35:00,KZN,1,16:10:00,32A,C8Y150,01:35:00,C
2016,7203,2025-05-14 00:00:00,2025-05-14 00:00:00,_ _ 3 _ _ _ _ ,KZN,1,20:30:00,SVO,B,22:10:00,32A,C8Y150,01:40:00,C
2017,7203,2025-05-20 00:00:00,2025-05-20 00:00:00,_ 2 _ _ _ _ _ ,KZN,1,21:30:00,SVO,B,23:10:00,32A,C8Y150,01:40:00,C
2018,7240,2025-05-16 00:00:00,2025-05-16 00:00:00,_ _ _ _ 5 _ _ ,SVO,A,11:20:00,REN,,13:35:00,32A,C8Y150,02:15:00,C
2019,7241,2025-05-17 00:00:00,2025-05-17 00:00:00,_ _ _ _ _ 6 _ ,MRV,,18:55:00,SVO,B,21:50:00,32A,C8Y150,02:55:00,P
2020,7242,2025-05-17 00:00:00,2025-05-17 00:00:00,_ _ _ _ _ 6 _ ,REN,,15:10:00,MRV,,17:55:00,32A,C8Y150,02:45:00,C
2021,7622,2025-05-14 00:00:00,2025-05-14 00:00:00,_ _ 3 _ _ _ _ ,SVO,B,03:55:00,VKO,3B,04:50:00,77W,C30W48Y324,00:55:00,P
2022,7623,2025-05-13 00:00:00,2025-05-13 00:00:00,_ 2 _ _ _ _ _ ,VKO,3B,20:00:00,SVO,B,20:50:00,77W,C30W48Y324,00:50:00,P
2023,7652,2025-05-12 00:00:00,2025-05-12 00:00:00,1 _ _ _ _ _ _ ,SVO,B,03:10:00,DME,,04:00:00,32A,C8Y150,00:50:00,P
2024,7672,2025-05-19 00:00:00,2025-05-19 00:00:00,1 _ _ _ _ _ _ ,SVO,B,02:50:00,REN,,05:05:00,73H,C20Y138,02:15:00,P
2025,7672,2025-05-29 00:00:00,2025-05-29 00:00:00,_ _ _ 4 _ _ _ ,SVO,B,02:50:00,REN,,05:05:00,73H,C20Y138,02:15:00,P
2026,7674,2025-05-20 00:00:00,2025-05-20 00:00:00,_ 2 _ _ _ _ _ ,SVO,B,23:50:00,REN,,02:15:00,73H,C20Y138,02:25:00,P
2027,7702,2025-05-11 00:00:00,2025-05-11 00:00:00,_ _ _ _ _ _ 7 ,SVO,B,21:45:00,ULY,,23:30:00,32A,C8Y150,01:45:00,P
2028,7712,2025-05-13 00:00:00,2025-05-13 00:00:00,_ 2 _ _ _ _ _ ,SVO,B,04:40:00,ARH,,07:00:00,73H,C20Y138,02:20:00,P
2029,7773,2025-05-20 00:00:00,2025-05-20 00:00:00,_ 2 _ _ _ _ _ ,LED,1,17:45:00,SVO,B,19:20:00,3KR,C28Y268,01:35:00,P
2030,7912,2025-05-15 00:00:00,2025-05-15 00:00:00,_ _ _ 4 _ _ _ ,SVO,C,05:05:00,MSQ,,06:35:00,32A,C8Y150,01:30:00,P
